id,question,answer,A,B,C,D,E,F,question_zh,A_zh,B_zh,C_zh,D_zh,E_zh,F_zh,question_zh_zh
1,A company has an infernal web application that runs on Amazon EC2 instances behind an Application Load Balancer. The instances run in an Amazon EC2 Auto Scaling group in a single Availability Zone. A SysOps administrator must make the application highly available. Which action should the SysOps administrator take to meet this requirement?,C,Increase the maximum number of instances in the Auto Scaling group to meet the capacity that is required at peak usage.,Increase the minimum number of instances in the Auto Scaling group to meet the capacity that is required at peak usage.,Update the Auto Scaling group to launch new instances in a second Availability Zone in the same AWS Region.,Update the Auto Scaling group to launch new instances in an Availability Zone in a second AWS Region.,,,"一家公司有一个地狱般的 web 应用程序，它在 Amazon EC2 实例后面运行，后面是一个 Application Load Balancer。  
这些实例在一个 Amazon EC2 Auto Scaling 组中运行，位于单个 Availability Zone。  
一名 SysOps 管理员必须使该应用程序具有高可用性。  
SysOps 管理员应采取哪项行动以满足此要求？",将 Auto Scaling 组中的最大实例数增加到满足高峰使用时所需的容量。,将 Auto Scaling 组中的最小实例数增加到满足峰值使用时所需的容量。,将 Auto Scaling 组更新为在同一 AWS 区域中的第二个可用区启动新的实例。,将 Auto Scaling 组更新为在第二个 AWS 区域的可用区中启动新的实例。,nan,nan,"一家公司有一个地狱般的 web 应用程序，它在 Amazon EC2 实例后面运行，后面是一个 Application Load Balancer。  
这些实例在一个 Amazon EC2 Auto Scaling 组中运行，位于单个 Availability Zone。  
一名 SysOps 管理员必须使该应用程序具有高可用性。  
SysOps 管理员应采取哪项行动以满足此要求？"
2,A company hosts a website on multiple Amazon EC2 instances that run in an Auto Scaling group. Users are reporting slow responses during peak times between 6 PM and 11 PM every weekend. A SysOps administrator must implement a solution to improve performance during these peak times. What is the MOST operationally efficient solution that meets these requirements?,B,Create a scheduled Amazon EventBridge (Amazon CloudWatch Events) rule to invoke an AWS Lambda function to increase the desired capacity before peak times.,Configure a scheduled scaling action with a recurrence option to change the desired capacity before and after peak times.,Create a target tracking scaling policy to add more instances when memory utilization is above 70%.,Configure the cooldown period for the Auto Scaling group to modify desired capacity before and after peak times.,,,一家公司在多个 Amazon EC2 实例上托管一个网站，这些实例运行在一个 Auto Scaling 组中。用户报告在每个周末的晚上 6 点到 11 点之间的高峰时段响应缓慢。一名 SysOps 管理员必须实施一个解决方案，以在这些高峰时段改善性能。什么是最具操作效率的解决方案，能够满足这些要求？,创建 一个 预定 的 Amazon EventBridge (Amazon CloudWatch Events) 规则 ，以 调用 一个 AWS Lambda 函数 ，以 增加 一个 期望 的 容量 ，在 高峰 时间 之前 。,配置一个带有 recurrence 选项的 scheduled scaling action，以在高峰时间之前和之后改变 desired capacity。,创建一个目标追踪缩放策略，当内存利用率高于70%时添加更多实例。,配置 Auto Scaling 组的冷却时间，以在高峰时间之前和之后修改期望容量。,nan,nan,"一家公司在多个 Amazon EC2 实例上托管一个网站，这些实例运行在一个 Auto Scaling 组中。  
A company hosts a website on multiple Amazon EC2 instances, these instances run in an Auto Scaling group.  

用户报告在每个周末的晚上 6 点到 11 点之间的高峰时段响应缓慢。  
Users report that during the peak hours from 6 PM to 11 PM every weekend, responses are slow.  

一名 SysOps 管理员必须实施一个解决方案，以在这些高峰时段改善性能。  
A SysOps administrator must implement a solution to improve performance during these peak hours.  

什么是最具操作效率的解决方案，能够满足这些要求？  
What is the most operationally efficient solution that can meet these requirements?"
3,"A company is running a website on Amazon EC2 instances behind an Application Load Balancer (ALB). The company configured an Amazon CloudFront distribution and set the ALB as the origin. The company created an Amazon Route 53 CNAME record to send all traffic through the CloudFront distribution. As an unintended side effect, mobile users are now being served the desktop version of the website. Which action should a SysOps administrator take to resolve this issue?",A,Configure the CloudFront distribution behavior to forward the User-Agent header.,Configure the CloudFront distribution origin settings. Add a User-Agent header to the list of origin custom headers.,Enable IPv6 on the ALB. Update the CloudFront distribution origin settings to use the dualstack endpoint.,Enable IPv6 on the CloudFront distribution. Update the Route 53 record to use the dualstack endpoint.,,,"一家公司在 Amazon EC2 实例上运行一个网站，位于一个 Application Load Balancer (ALB) 后面。  
该公司配置了一个 Amazon CloudFront 分发，并将 ALB 设置为源。  
该公司创建了一个 Amazon Route 53 CNAME 记录，以通过 CloudFront 分发发送所有流量。  
作为一个意外的副作用，移动用户现在被提供了网站的桌面版本。  
SysOps 管理员应采取什么行动来解决这个问题？",配置 CloudFront 分发行为 以 转发 User-Agent 头。,配置 CloudFront 分发源设置。 添加一个 User-Agent 头到源自定义头的列表。,在 ALB 上启用 IPv6。更新 CloudFront 分发源设置以使用 dualstack 端点。,在 CloudFront 分发上启用 IPv6。更新 Route 53 记录以使用 dualstack 端点。,nan,nan,"一家公司在 Amazon EC2 实例上运行一个网站，位于一个 Application Load Balancer (ALB) 后面。  
该公司配置了一个 Amazon CloudFront 分发，并将 ALB 设置为源。  
该公司创建了一个 Amazon Route 53 CNAME 记录，以通过 CloudFront 分发发送所有流量。  
作为一个意外的副作用，移动用户现在被提供了网站的桌面版本。  
SysOps 管理员应采取什么行动来解决这个问题？"
4,"A SysOps administrator has enabled AWS CloudTrail in an AWS account. If CloudTrail is disabled, it must be re-enabled immediately. What should the SysOps administrator do to meet these requirements WITHOUT writing custom code?",B,Add the AWS account to AWS Organizations. Enable CloudTrail in the management account.,Create an AWS Config rule that is invoked when CloudTrail configuration changes. Apply the AWS-ConfigureCloudTrailLogging automatic remediation action.,Create an AWS Config rule that is invoked when CloudTrail configuration changes. Configure the rule to invoke an AWS Lambda function to enable CloudTrail.,Create an Amazon EventBridge (Amazon CloudWatch Event) hourly rule with a schedule pattern to run an AWS Systems Manager Automation document to enable CloudTrail.,,,"一名 SysOps 管理员在一个 AWS 账户中启用了 AWS CloudTrail。  
如果 CloudTrail 被禁用，必须立即重新启用。  
SysOps 管理员应该做什么以满足这些要求，**不编写自定义代码**？",将 AWS 账户添加到 AWS Organizations 中。 在管理账户中启用 CloudTrail。,创建 一个 AWS Config 规则 ， 该 规则 被 调用 当 CloudTrail 配置 更改 ， 适用 AWS-ConfigureCloudTrailLogging 自动 修正 行动 。,"创建一个 AWS Config 规则，当 CloudTrail 配置更改时被调用。  
配置该规则以调用一个 AWS Lambda 函数以启用 CloudTrail。",创建一个 Amazon EventBridge (Amazon CloudWatch Event) 每小时规则，使用调度模式，运行一个 AWS Systems Manager Automation 文档，以启用 CloudTrail。,nan,nan,"一名 SysOps 管理员在一个 AWS 账户中启用了 AWS CloudTrail。  
如果 CloudTrail 被禁用，必须立即重新启用。  
SysOps 管理员应该做什么以满足这些要求，**不编写自定义代码**？"
5,"A company hosts its website on Amazon EC2 instances behind an Application Load Balancer. The company manages its DNS with Amazon Route 53, and wants to point its domain's zone apex to the website. Which type of record should be used to meet these requirements?",D,An AAAA record for the domain's zone apex,An A record for the domain's zone apex,A CNAME record for the domain's zone apex,An alias record for the domain's zone apex,,,"一家公司在 Amazon EC2 实例上托管其网站，位于一个 Application Load Balancer 后面。  
该公司使用 Amazon Route 53 管理其 DNS，并且想要将其域名的区域顶点指向该网站。  
应使用哪种类型的记录以满足这些要求？",域的区域顶点的 AAAA 记录,域的区域顶点的 A 记录,域的区域顶点的 CNAME 记录,域的 zone apex 的别名记录,nan,nan,"一家公司在 Amazon EC2 实例上托管其网站，位于一个 Application Load Balancer 后面。  
该公司使用 Amazon Route 53 管理其 DNS，并且想要将其域名的区域顶点指向该网站。  
应使用哪种类型的记录以满足这些要求？"
6,A company must ensure that any objects uploaded to an S3 bucket are encrypted. Which of the following actions will meet this requirement? (Choose two.),CE,Implement AWS Shield to protect against unencrypted objects stored in S3 buckets.,Implement Object access control list (ACL) to deny unencrypted objects from being uploaded to the S3 bucket.,Implement Amazon S3 default encryption to make sure that any object being uploaded is encrypted before it is stored.,Implement Amazon Inspector to inspect objects uploaded to the S3 bucket to make sure that they are encrypted.,Implement S3 bucket policies to deny unencrypted objects from being uploaded to the buckets.,,"一家公司必须确保任何上传到 S3 bucket 的对象都被加密。  
以下哪项操作将满足此要求？（选择两个。）",实现 AWS Shield 以保护免受存储在 S3 桶中的未加密对象。,实现 Object access control list (ACL) 来 阻止 未加密 对象 被 上传 到 S3 bucket。,实现 Amazon S3 默认加密，确保任何被上传的对象在存储之前都被加密。,实现 Amazon Inspector 以检查上传到 S3 bucket 的对象，以确保它们被加密。,实现 S3 bucket policies 来 拒绝 未加密 对象 被 上传 到 这些 存储桶。,nan,"一家公司必须确保任何上传到 S3 bucket 的对象都被加密。  
以下哪项操作将满足此要求？（选择两个。）"
7,A company has a stateful web application that is hosted on Amazon EC2 instances in an Auto Scaling group. The instances run behind an Application Load Balancer (ALB) that has a single target group. The ALB is configured as the origin in an Amazon CloudFront distribution. Users are reporting random logouts from the web application. Which combination of actions should a SysOps administrator take to resolve this problem? (Choose two.),BE,Change to the least outstanding requests algorithm on the ALB target group.,Configure cookie forwarding in the CloudFront distribution cache behavior.,Configure header forwarding in the CloudFront distribution cache behavior.,Enable group-level stickiness on the ALB listener rule.,Enable sticky sessions on the ALB target group.,,"一家公司有一个有状态的 web 应用程序，托管在 Amazon EC2 实例上，属于 Auto Scaling 组。  
这些实例在一个 Application Load Balancer (ALB) 后面运行，ALB 有一个目标组。  
该 ALB 被配置为 Amazon CloudFront 分发的源。  
用户报告从 web 应用程序中随机注销。  
SysOps 管理员应采取哪些行动组合以解决此问题？（选择两个。）",切换到在 ALB 目标组上的最少未完成请求算法。,在 CloudFront 分发缓存行为中配置 cookie 转发。,在 CloudFront 分发缓存行为中配置头部转发。,在 ALB 监听器规则上启用组级粘性。,在 ALB 目标组上启用 sticky sessions。,nan,"一家公司有一个有状态的 web 应用程序，托管在 Amazon EC2 实例上，属于 Auto Scaling 组。  
These instances 在一个 Application Load Balancer (ALB) 后面运行，ALB 有一个目标组。  
The ALB 被配置为 Amazon CloudFront 分发的源。  
用户报告从 web 应用程序中随机注销。  
SysOps 管理员应采取哪些行动组合以解决此问题？（选择两个。）"
8,"A company is running a serverless application on AWS Lambda. The application stores data in an Amazon RDS for MySQL DB instance. Usage has steadily increased, and recently there have been numerous ""too many connections"" errors when the Lambda function attempts to connect to the database. The company already has configured the database to use the maximum max_connections value that is possible. What should a SysOps administrator do to resolve these errors?",B,Create a read replica of the database. Use Amazon Route 53 to create a weighted DNS record that contains both databases.,Use Amazon RDS Proxy to create a proxy. Update the connection string in the Lambda function.,Increase the value in the max_connect_errors parameter in the parameter group that the database uses.,Update the Lambda function's reserved concurrency to a higher value.,,,一家公司在 AWS Lambda 上运行一个无服务器应用程序。该应用程序将数据存储在 Amazon RDS for MySQL DB 实例中。使用量已经稳步增加，最近在 Lambda 函数尝试连接到数据库时出现了许多“连接过多”错误。该公司已经将数据库配置为使用可能的最大 max_connections 值。SysOps 管理员应该采取什么措施来解决这些错误？,创建 一个 读 复制品 的 数据库 。 使用 Amazon Route 53 来 创建 一个 加权 的 DNS 记录 ， 该 记录 包含 两个 数据库 。,使用 Amazon RDS Proxy 来创建 一个 代理。 更新 连接字符串 在 Lambda 函数 中。,在参数组中增加数据库使用的 max_connect_errors 参数的值。,将 Lambda 函数的 reserved concurrency 更新为更高的值。,nan,nan,"一家公司在 AWS Lambda 上运行一个无服务器应用程序。  
该应用程序将数据存储在 Amazon RDS for MySQL DB 实例中。  
使用量已经稳步增加，最近在 Lambda 函数尝试连接到数据库时出现了许多“连接过多”错误。  
该公司已经将数据库配置为使用可能的最大 max_connections 值。  
SysOps 管理员应该采取什么措施来解决这些错误？"
9,A SysOps administrator is deploying an application on 10 Amazon EC2 instances. The application must be highly available. The instances must be placed on distinct underlying hardware. What should the SysOps administrator do to meet these requirements?,D,Launch the instances into a cluster placement group in a single AWS Region.,Launch the instances into a partition placement group in multiple AWS Regions.,Launch the instances into a spread placement group in multiple AWS Regions.,Launch the instances into a spread placement group in a single AWS Region.,,,"一名 SysOps 管理员正在部署一个应用程序在 10 个 Amazon EC2 实例上。  
该应用程序必须是高度可用的。  
这些实例必须被放置在不同的底层硬件上。  
SysOps 管理员应该做什么以满足这些要求？",将实例启动到单个 AWS Region 中的集群放置组内。,将实例启动到多个 AWS Regions 中的 partition placement group。,将实例启动到多个 AWS Regions 中的 spread placement group。,在单一的 AWS Region 中，将实例启动到一个 spread placement group 中。,nan,nan,"一名 SysOps 管理员正在部署一个应用程序在 10 个 Amazon EC2 实例上。  
该应用程序必须是高度可用的。  
这些实例必须被放置在不同的底层硬件上。  
SysOps 管理员应该做什么以满足这些要求？"
10,"A SysOps administrator is troubleshooting an AWS CloudFormation template whereby multiple Amazon EC2 instances are being created. The template is working in us-east-1, but it is failing in us-west-2 with the error code: AMI [ami-12345678] does not exist How should the Administrator ensure that the AWS CloudFormation template is working in every region?",D,Copy the source region's Amazon Machine Image (AMI) to the destination region and assign it the same ID.,Edit the AWS CloudFormation template to specify the region code as part of the fully qualified AMI ID.,Edit the AWS CloudFormation template to offer a drop-down list of all AMIs to the user by using the AWS::EC2::AMI::ImageID control.,Modify the AWS CloudFormation template by including the AMI IDs in the 'Mappings' section. Refer to the proper mapping within the template for the proper AMI ID.,,,"一名 SysOps 管理员正在排查一个 AWS CloudFormation 模板， 其中多个 Amazon EC2 实例正在被创建。  
该模板在 us-east-1 中正常工作，但在 us-west-2 中失败，错误代码为： AMI [ami-12345678] 不存在。  
管理员应如何确保 AWS CloudFormation 模板在每个区域都能正常工作？",将源区域的 Amazon Machine Image (AMI) 复制到目标区域，并赋予其相同的 ID。,编辑 AWS CloudFormation 模板 以 指定 区域 代码 作为 完全 合格 的 AMI ID 的 一部分。,编辑 AWS CloudFormation 模板，以通过使用 AWS::EC2::AMI::ImageID 控制，为用户提供所有 AMI 的下拉列表。,修改 AWS CloudFormation 模板，通过在 “Mappings” 部分中包含 AMI IDs。参考模板中的正确映射，以获取正确的 AMI ID。,nan,nan,"一名 SysOps 管理员正在排查一个 AWS CloudFormation 模板， 其中多个 Amazon EC2 实例正在被创建。  
The administrator is troubleshooting an AWS CloudFormation template, where multiple Amazon EC2 instances are being created.  
该模板在 us-east-1 中正常工作，但在 us-west-2 中失败，错误代码为： AMI [ami-12345678] 不存在。  
The template works correctly in us-east-1, but fails in us-west-2, with the error code: AMI [ami-12345678] does not exist.  
管理员应如何确保 AWS CloudFormation 模板在每个区域都能正常工作？  
How should the administrator ensure that the AWS CloudFormation template works correctly in each region?"
11,A SysOps administrator is provisioning an Amazon Elastic File System (Amazon EFS) file system to provide shared storage across multiple Amazon EC2 instances. The instances all exist in the same VPC across multiple Availability Zones. There are two instances in each Availability Zone. The SysOps administrator must make the file system accessible to each instance with the lowest possible latency. Which solution will meet these requirements?,D,Create a mount target for the EFS file system in the VPC. Use the mount target to mount the file system on each of the instances.,Create a mount target for the EFS file system in one Availability Zone of the VPC. Use the mount target to mount the file system on the instances in that Availability Zone. Share the directory with the other instances.,Create a mount target for each instance. Use each mount target to mount the EFS file system on each respective instance.,Create a mount target in each Availability Zone of the VPC. Use the mount target to mount the EFS file system on the instances in the respective Availability Zone.,,,"一名 SysOps 管理员正在配置一个 Amazon Elastic File System (Amazon EFS) 文件系统，以提供跨多个 Amazon EC2 实例的共享存储。  
这些实例都存在于同一个 VPC 中，跨多个可用区。  
每个可用区中有两个实例。  
SysOps 管理员必须使文件系统对每个实例都可访问，且具有最低的可能延迟。  
哪种解决方案可以满足这些要求？","在 VPC 中为 EFS 文件系统创建一个挂载目标。  
使用挂载目标在每个实例上挂载文件系统。","在 VPC 的一个可用区中，为 EFS 文件系统创建一个挂载目标。  
使用挂载目标在该可用区中的实例上挂载文件系统。  
与其他实例共享该目录。",为每个实例创建一个挂载目标。使用每个挂载目标在各自的实例上挂载 EFS 文件系统。,"在每个 Availability Zone 的 VPC 中创建一个 mount target。  
使用该 mount target 在相应的 Availability Zone 的实例上挂载 EFS 文件系统。",nan,nan,"一名 SysOps 管理员正在配置一个 Amazon Elastic File System (Amazon EFS) 文件系统，以提供跨多个 Amazon EC2 实例的共享存储。  
这些实例都存在于同一个 VPC 中，跨多个可用区。  
每个可用区中有两个实例。  
SysOps 管理员必须使文件系统对每个实例都可访问，且具有最低的可能延迟。  
哪种解决方案可以满足这些要求？"
12,A SysOps administrator has successfully deployed a VPC with an AWS CloudFormation template. The SysOps administrator wants to deploy the same template across multiple accounts that are managed through AWS Organizations. Which solution will meet this requirement with the LEAST operational overhead?,D,Assume the OrganizationAccountAccessRole IAM role from the management account. Deploy the template in each of the accounts.,Create an AWS Lambda function to assume a role in each account. Deploy the template by using the AWS CloudFormation CreateStack API call.,Create an AWS Lambda function to query for a list of accounts. Deploy the template by using the AWS CloudFormation CreateStack API call.,Use AWS CloudFormation StackSets from the management account to deploy the template in each of the accounts.,,,"一名 SysOps 管理员已经成功部署了一个 VPC 使用 AWS CloudFormation 模板。  
该 SysOps 管理员想要在通过 AWS Organizations 管理的多个账户中部署相同的模板。  
哪种解决方案将以最少的操作开销满足此要求？",假设 OrganizationAccountAccessRole IAM 角色从 管理账户。 部署 模板 在 每个 账户。,"创建一个 AWS Lambda 函数以假设每个账户中的角色。  
部署模板通过使用 AWS CloudFormation CreateStack API 调用。","创建一个 AWS Lambda 函数以查询账户列表。  
部署模板通过使用 AWS CloudFormation CreateStack API 调用。",使用 AWS CloudFormation StackSets 从管理账户到部署模板在每个账户中。,nan,nan,"一名 SysOps 管理员已经成功部署了一个 VPC 使用 AWS CloudFormation 模板。  
该 SysOps 管理员想要在通过 AWS Organizations 管理的多个账户中部署相同的模板。  
哪种解决方案将以最少的操作开销满足此要求？"
13,"A company is running distributed computing software to manage a fleet of 20 Amazon EC2 instances for calculations. The fleet includes 2 control nodes and 18 task nodes to run the calculations. Control nodes can automatically start the task nodes. Currently, all the nodes run on demand. The control nodes must be available 24 hours a day, 7 days a week. The task nodes run for 4 hours each day. A SysOps administrator needs to optimize the cost of this solution. Which combination of actions will meet these requirements? (Choose two.)",AE,Purchase EC2 Instance Savings Plans for the control nodes.,Use Dedicated Hosts for the control nodes.,Use Reserved Instances for the task nodes.,Use Spot Instances for the control nodes. Use On-Demand Instances if there is no Spot availability.,Use Spot Instances for the task nodes. Use On-Demand Instances if there is no Spot availability.,,"一家公司正在运行分布式计算软件以管理一组20个 Amazon EC2 实例用于计算。  
这组包括 2 个控制节点和 18 个任务节点以运行计算。  
控制节点可以自动启动任务节点。  
目前，所有节点都按需运行。  
控制节点必须全天候24小时、每周7天都可用。  
任务节点每天运行4小时。  
一名 SysOps 管理员需要优化此方案的成本。  
哪些行动组合将满足这些要求？（选择两个。）",购买 EC2 Instance Savings Plans 用于 控制节点。,使用 Dedicated Hosts 用于 控制 节点。,使用 Reserved Instances 用于 任务 节点 。,使用 Spot Instances 用于 控制节点。 使用 On-Demand Instances 如果 没有 Spot 可用性。,使用 Spot Instances 用于 任务 节点。 使用 On-Demand Instances 如果 没有 Spot 可用性。,nan,"一家公司正在运行分布式计算软件以管理一组20个 Amazon EC2 实例用于计算。  
This company is running distributed computing software to manage a group of 20 Amazon EC2 instances for computation.  
这组包括 2 个控制节点和 18 个任务节点以运行计算。  
This group includes 2 control nodes and 18 task nodes to run calculations.  
控制节点可以自动启动任务节点。  
Control nodes can automatically start task nodes.  
目前，所有节点都按需运行。  
Currently, all nodes are running on demand.  
控制节点必须全天候24小时、每周7天都可用。  
Control nodes must be available 24 hours a day, 7 days a week.  
任务节点每天运行4小时。  
Task nodes run 4 hours each day.  
一名 SysOps 管理员需要优化此方案的成本。  
A SysOps administrator needs to optimize the cost of this solution.  
哪些行动组合将满足这些要求？（选择两个。）  
Which action combinations will meet these requirements? (Choose two.)"
14,A company is supposed to receive a data file every hour in an Amazon S3 bucket. An S3 event notification invokes an AWS Lambda function each time a file arrives. The function processes the data for use by an application. The application team notices that sometimes the file does not arrive. The application team wants to receive a notification whenever the file does not arrive. What is the MOST operationally efficient solution that meets these requirements?,C,Add an S3 Lifecycle rule on the S3 bucket with a scope that is limited to objects that were created in the last hour. Configure another S3 event notification to be invoked by the lifecycle transition when the number of objects transitioned is zero. Publish a message to an Amazon Simple Notification Service (Amazon SNS) topic to notify the application team.,Configure another S3 event notification to invoke a Lambda function that posts a message to an Amazon Simple Queue Service (Amazon SQS) queue. Create an Amazon CloudWatch alarm to publish a message to an Amazon Simple Notification Service (Amazon SNS) topic to notify the application team when the ApproximateAgeOfOldestMessage metric of the queue is greater than 1 hour.,Create an Amazon CloudWatch alarm to publish a message to an Amazon Simple Notification Service (Amazon SNS) topic to alert the application team when the Invocations metric of the Lambda function is zero for an hour. Configure the alarm to treat missing data as breaching.,"Create a new Lambda function to get the timestamp of the newest file in the S3 bucket. If the timestamp is more than 1 hour ago, publish a message to an Amazon Simple Notification Service (Amazon SNS) topic to notify the application team. Create an Amazon EventBridge (Amazon CloudWatch Events) rule to invoke the new function hourly.",,,一家公司应该每小时在一个 Amazon S3 bucket 中接收一个数据文件。一个 S3 event notification 在每次文件到达时调用一个 AWS Lambda function。这个 function 处理数据以供一个 application 使用。这个 application team 注意到有时候文件没有到达。这个 application team 想要在文件没有到达时收到通知。什么是满足这些要求的最具操作效率的解决方案？,"在 S3 存储桶上添加一个 S3 Lifecycle 规则，范围限制为在过去一小时内创建的对象。  
配置另一个 S3 事件通知，以在生命周期过渡时被调用，当过渡的对象数量为零。  
向 Amazon Simple Notification Service (Amazon SNS) 主题发布一条消息，以通知应用程序团队。",配置另一个 S3 事件通知以调用一个 Lambda 函数，该函数向 Amazon Simple Queue Service (Amazon SQS) 队列发布消息。创建一个 Amazon CloudWatch 警报，以向 Amazon Simple Notification Service (Amazon SNS) 主题发布消息，以在队列的 ApproximateAgeOfOldestMessage 指标大于 1 小时时通知应用程序团队。,创建一个 Amazon CloudWatch 警报，以向 Amazon Simple Notification Service (Amazon SNS) 主题发布消息，当 Lambda 函数的 Invocations 指标在一小时内为零时，提醒应用程序团队。 配置该警报，将缺失数据视为违反。,"创建一个新的 Lambda 函数以获取在 S3 bucket 中最新文件的时间戳。  
如果时间戳超过 1 小时前，发布一条消息到 Amazon Simple Notification Service (Amazon SNS) 主题以通知应用程序团队。  
创建一个 Amazon EventBridge (Amazon CloudWatch Events) 规则以每小时调用一次新的函数。",nan,nan,"一家公司应该每小时在一个 Amazon S3 bucket 中接收一个数据文件。  
一个 S3 event notification 在每次文件到达时调用一个 AWS Lambda function。  
这个 function 处理数据以供一个 application 使用。  
这个 application team 注意到有时候文件没有到达。  
这个 application team 想要在文件没有到达时收到通知。  
什么是满足这些要求的最具操作效率的解决方案？"
15,"A company recently acquired another corporation and all of that corporation's AWS accounts. A financial analyst needs the cost data from these accounts. A SysOps administrator uses Cost Explorer to generate cost and usage reports. The SysOps administrator notices that ""No Tagkey"" represents 20% of the monthly cost. What should the SysOps administrator do to tag the ""No Tagkey"" resources?",D,Add the accounts to AWS Organizations. Use a service control policy (SCP) to tag all the untagged resources.,Use an AWS Config rule to find the untagged resources. Set the remediation action to terminate the resources.,Use Cost Explorer to find and tag all the untagged resources.,Use Tag Editor to find and tag all the untagged resources.,,,"一家公司最近收购了另一家企业以及该企业所有的 AWS 账户。  
一名财务分析师需要这些账户的成本数据。  
一名 SysOps 管理员使用 Cost Explorer 生成成本和使用情况报告。  
这名 SysOps 管理员注意到 ""No Tagkey"" 占每月成本的 20%。  
这名 SysOps 管理员应该做什么以给 ""No Tagkey"" 资源打标签？",将账户添加到 AWS Organizations。使用一个 service control policy (SCP) 来标记所有未标记的资源。,使用一个 AWS Config 规则 来查找 未标记 的 资源。 设置 修复 操作 为 终止 这些 资源。,使用 Cost Explorer 来找到并标记所有未标记的资源。,使用 Tag Editor 来找到并标记所有未标记的资源。,nan,nan,"一家公司最近收购了另一家企业以及该企业所有的 AWS 账户。  
One company recently acquired another company and all of that company's AWS accounts.  
一名财务分析师需要这些账户的成本数据。  
A financial analyst needs the cost data of these accounts.  
一名 SysOps 管理员使用 Cost Explorer 生成成本和使用情况报告。  
A SysOps administrator uses Cost Explorer to generate cost and usage reports.  
这名 SysOps 管理员注意到 ""No Tagkey"" 占每月成本的 20%。  
This SysOps administrator notices that ""No Tagkey"" accounts for 20% of the monthly costs.  
这名 SysOps 管理员应该做什么以给 ""No Tagkey"" 资源打标签？  
What should this SysOps administrator do to tag the resources with ""No Tagkey""?"
16,"While setting up an AWS managed VPN connection, a SysOps administrator creates a customer gateway resource in AWS. The customer gateway device resides in a data center with a NAT gateway in front of it. What address should be used to create the customer gateway resource?",D,The private IP address of the customer gateway device,The MAC address of the NAT device in front of the customer gateway device,The public IP address of the customer gateway device,The public IP address of the NAT device in front of the customer gateway device,,,"在设置 AWS 管理的 VPN 连接时，一名 SysOps 管理员在 AWS 中创建了一个 customer gateway 资源。  
该 customer gateway 设备位于一个数据中心，前面有一个 NAT gateway。  
应使用什么地址来创建 customer gateway 资源？",客户网关设备的私有 IP 地址,客户网关设备前面的 NAT 设备的 MAC 地址,客户网关设备的公共 IP 地址,客户网关设备前面的 NAT 设备的公共 IP 地址,nan,nan,"在设置 AWS 管理的 VPN 连接时，一名 SysOps 管理员在 AWS 中创建了一个 customer gateway 资源。  
该 customer gateway 设备位于一个数据中心，前面有一个 NAT gateway。  
应使用什么地址来创建 customer gateway 资源？"
17,A company has a web application that is experiencing performance problems many times each night. A root cause analysis reveals sudden increases in CPU utilization that last 5 minutes on an Amazon EC2 Linux instance. A SysOps administrator must find the process ID (PID) of the service or process that is consuming more CPU. What should the SysOps administrator do to collect the process utilization information with the LEAST amount of effort?,A,Configure the Amazon CloudWatch agent procstat plugin to capture CPU process metrics.,Configure an AWS Lambda function to run every minute to capture the PID and send a notification.,Log in to the EC2 instance by using a .pem key each night. Then run the top command.,Use the default Amazon CloudWatch CPU utilization metric to capture the PID in CloudWatch.,,,一家公司有一个网络应用程序，正在经历性能问题，每晚多次。根本原因分析显示在 Amazon EC2 Linux 实例上，CPU 利用率突然增加，持续 5 分钟。SysOps 管理员必须找到消耗更多 CPU 的服务或进程的进程ID（PID）。SysOps 管理员应该做什么，以用最少的努力收集进程利用率信息？,配置 Amazon CloudWatch 代理 procstat 插件 以 捕获 CPU 进程 指标。,配置一个 AWS Lambda function 每一分钟运行一次，以捕获 PID 并发送通知。,每晚使用 .pem 密钥登录到 EC2 实例。然后运行 top 命令。,使用 默认 的 Amazon CloudWatch CPU utilization 指标 来 捕获 在 CloudWatch 中 的 PID 。,nan,nan,"一家公司有一个网络应用程序，正在经历性能问题，每晚多次。  
根本原因分析显示在 Amazon EC2 Linux 实例上，CPU 利用率突然增加，持续 5 分钟。  
SysOps 管理员必须找到消耗更多 CPU 的服务或进程的进程ID（PID）。  
SysOps 管理员应该做什么，以用最少的努力收集进程利用率信息？"
18,"A SysOps administrator configured AWS Backup to capture snapshots from a single Amazon EC2 instance that has one Amazon Elastic Block Store (Amazon EBS) volume attached. On the first snapshot, the EBS volume has 10 GiB of data. On the second snapshot, the EBS volume still contains 10 GiB of data, but 4 GiB have changed. On the third snapshot, 2 GiB of data have been added to the volume, for a total of 12 GiB. How much total storage is required to store these snapshots?",B,12 GiB,16 GiB,26 GiB,32 GiB,,,"一名 SysOps 管理员配置了 AWS Backup 来捕获来自单个 Amazon EC2 实例的快照，该实例连接了一个 Amazon Elastic Block Store (Amazon EBS) 卷。  
在第一次快照中，EBS 卷有 10 GiB 的数据。  
在第二次快照中，EBS 卷仍然包含 10 GiB 的数据，但有 4 GiB 已经更改。  
在第三次快照中，2 GiB 的数据已被添加到卷中，总共为 12 GiB。  
存储这些快照总共需要多少存储空间？",12 GiB,16 GiB,26 GiB,32 GiB,nan,nan,"一名 SysOps 管理员配置了 AWS Backup 来捕获来自单个 Amazon EC2 实例的快照，  
该实例连接了一个 Amazon Elastic Block Store (Amazon EBS) 卷。  
在第一次快照中，EBS 卷有 10 GiB 的数据。  
在第二次快照中，EBS 卷仍然包含 10 GiB 的数据，但有 4 GiB 已经更改。  
在第三次快照中，2 GiB 的数据已被添加到卷中，总共为 12 GiB。  
存储这些快照总共需要多少存储空间？"
19,A team is managing an AWS account that is a member of an organization in AWS Organizations. The organization has consolidated billing features enabled. The account hosts several applications. A SysOps administrator has applied tags to resources within the account to reflect the environment. The team needs a report of the breakdown of charges by environment. What should the SysOps administrator do to meet this requirement?,D,"Filter, map, and categorize resource groups in Tag Editor.",Ensure that the organization's service control policies (SCPs) allow access to cost allocation tags.,Ensure that the IAM credentials that are used to access Cost Explorer have permissions to group cost by tags.,Activate the tag keys for cost allocation on the organization's management account.,,,"一个团队正在管理一个AWS账户，该账户是AWS Organizations中一个组织的成员。  
The team is managing an AWS account that is a member of an organization in AWS Organizations.  

该组织已启用合并账单功能。  
The organization has consolidated billing features enabled.  

该账户托管多个应用程序。  
The account hosts several applications.  

一名SysOps管理员已对账户内的资源应用标签，以反映环境。  
A SysOps administrator has applied tags to resources within the account to reflect the environment.  

该团队需要一份按环境细分的费用报告。  
The team needs a report of the breakdown of charges by environment.  

SysOps管理员应采取什么措施以满足此需求？  
What should the SysOps administrator do to meet this requirement?",在 Tag Editor 中筛选、映射和分类资源组。,确保 组织 的 service control policies (SCPs) 允许 访问 成本 分配 标签 。,确保， 那个， IAM 凭证， 那个， 被用来， 访问， Cost Explorer， 具有， 权限， 按照， 标签， 分组， 成本。,在组织的管理账户上激活用于成本分配的标签键。,nan,nan,"该团队正在管理一个AWS账户，该账户是AWS Organizations中一个组织的成员。  
The team is managing an AWS account that is a member of an organization in AWS Organizations.  

该组织已启用合并账单功能。  
The organization has consolidated billing features enabled.  

该账户托管多个应用程序。  
The account hosts several applications.  

一名SysOps管理员已对账户内的资源应用标签，以反映环境。  
A SysOps administrator has applied tags to resources within the account to reflect the environment.  

该团队需要一份按环境细分的费用报告。  
The team needs a report of the breakdown of charges by environment.  

SysOps管理员应采取什么措施以满足此需求？  
What should the SysOps administrator do to meet this requirement?"
20,A company uses an AWS CloudFormation template to provision an Amazon EC2 instance and an Amazon RDS DB instance. A SysOps administrator must update the template to ensure that the DB instance is created before the EC2 instance is launched. What should the SysOps administrator do to meet this requirement?,B,Add a wait condition to the template. Update the EC2 instance user data script to send a signal after the EC2 instance is started.,"Add the DependsOn attribute to the EC2 instance resource, and provide the logical name of the RDS resource.",Change the order of the resources in the template so that the RDS resource is listed before the EC2 instance resource.,Create multiple templates. Use AWS CloudFormation StackSets to wait for one stack to complete before the second stack is created.,,,一家公司使用 AWS CloudFormation 模板来配置 Amazon EC2 实例和 Amazon RDS DB 实例。 一名 SysOps 管理员必须更新模板以确保在启动 EC2 实例之前创建 DB 实例。 他们应该做什么以满足这个要求？,在模板中添加一个等待条件。更新 EC2 instance 用户数据脚本，以在 EC2 instance 启动后发送信号。,向 EC2 实例资源添加 DependsOn 属性，并提供 RDS 资源的逻辑名称。,更改 模板 中 资源 的 顺序 ， 以便 RDS 资源 在 列表 中 位于 EC2 实例 资源 之前 。,创建多个模板。使用 AWS CloudFormation StackSets 来等待一个堆栈完成，然后再创建第二个堆栈。,nan,nan,"一家公司使用 AWS CloudFormation 模板来配置 Amazon EC2 实例和 Amazon RDS DB 实例。  
一名 SysOps 管理员必须更新模板以确保在启动 EC2 实例之前创建 DB 实例。  
他们应该做什么以满足这个要求？"
21,"A company hosts a static website on Amazon S3. The website is served by an Amazon CloudFront distribution with a default TTL of 86,400 seconds. The company recently uploaded an updated version of the website to Amazon S3. However, users still see the old content when they refresh the site. A SysOps administrator must make the new version of the website visible to users as soon as possible. Which solution meets these requirements?",B,Adjust the TTL value for the DNS CNAME record that is pointing to the CloudFront distribution.,Create an invalidation on the CloudFront distribution for the old S3 objects.,Create a new CloudFront distribution. Update the DNS records to point to the new CloudFront distribution.,Update the DNS record for the website to point to the S3 bucket.,,,"一家公司在 Amazon S3 上托管一个静态网站。 该网站由一个 Amazon CloudFront 分发提供服务，默认 TTL 为 86,400 秒。 该公司最近将网站的更新版本上传到 Amazon S3。 但是，用户在刷新网站时仍然看到旧内容。 一名 SysOps 管理员必须尽快使新版本的网站对用户可见。 哪个解决方案满足这些要求？",调整 TTL 值 对于 DNS CNAME 记录 那个 指向 到 CloudFront 分发。,在 CloudFront 分发上创建一个失效，针对旧的 S3 对象。,创建 一个 新的 CloudFront 分发。更新 DNS 记录 指向 新的 CloudFront 分发。,更新 这个 网站 的 DNS 记录 以 指向 S3 bucket 。,nan,nan,"一家公司在 Amazon S3 上托管一个静态网站。  
The company hosts a static website on Amazon S3.  
该网站由一个 Amazon CloudFront 分发提供服务，默认 TTL 为 86,400 秒。  
The website is served by an Amazon CloudFront distribution, with a default TTL of 86,400 seconds.  
该公司最近将网站的更新版本上传到 Amazon S3。  
The company recently uploaded an updated version of the website to Amazon S3.  
但是，用户在刷新网站时仍然看到旧内容。  
However, users still see the old content when refreshing the website.  
一名 SysOps 管理员必须尽快使新版本的网站对用户可见。  
A SysOps administrator must make the new version of the website visible to users as soon as possible.  
哪个解决方案满足这些要求？  
Which solution meets these requirements?"
22,A SysOps administrator is responsible for managing a company's cloud infrastructure with AWS CloudFormation. The SysOps administrator needs to create a single resource that consists of multiple AWS services. The resource must support creation and deletion through the CloudFormation console. Which CloudFormation resource type should the SysOps administrator create to meet these requirements?,D,AWS::EC2::Instance with a cfn-init helper script,AWS::OpsWorks::Instance,AWS::SSM::Document,Custom::MyCustomType,,,"一名 SysOps 管理员负责使用 AWS CloudFormation 管理公司的云基础设施。  
The SysOps administrator needs to create a single resource that consists of multiple AWS services.  
该 SysOps 管理员需要创建一个由多个 AWS 服务组成的单一资源。  
The resource must support creation and deletion through the CloudFormation console.  
该资源必须支持通过 CloudFormation 控制台进行创建和删除。  
哪个 CloudFormation 资源类型应该由 SysOps 管理员创建以满足这些要求？",AWS::EC2::Instance 与 cfn-init 辅助脚本,AWS::OpsWorks::Instance,AWS::SSM::Document,Custom::MyCustomType,nan,nan,"一名 SysOps 管理员负责使用 AWS CloudFormation 管理公司的云基础设施。  
The SysOps administrator needs to create a single resource that consists of multiple AWS services.  
该 SysOps 管理员需要创建一个由多个 AWS 服务组成的单一资源。  
The resource must support creation and deletion through the CloudFormation console.  
该资源必须支持通过 CloudFormation 控制台进行创建和删除。  
哪个 CloudFormation 资源类型应该由 SysOps 管理员创建以满足这些要求？"
23,"A new website will run on Amazon EC2 instances behind an Application Load Balancer. Amazon Route 53 will be used to manage DNS records. What type of record should be set in Route 53 to point the website's apex domain name (for example, `company.com`) to the Application Load Balancer?",D,CNAME,SOA,TXT,ALIAS,,,一个新的网站将运行在 Amazon EC2 实例 behind 一个 Application Load Balancer。Amazon Route 53 将被用来管理 DNS 记录。什么类型的记录应该在 Route 53 中设置，以将网站的 apex 域名（例如，`company.com`）指向 Application Load Balancer？,CNAME,SOA,请提供需要翻译的原文内容。,ALIAS,nan,nan,一个新的网站将运行在 Amazon EC2 实例 behind 一个 Application Load Balancer。Amazon Route 53 将被用来管理 DNS 记录。什么类型的记录应该在 Route 53 中设置，以将网站的 apex 域名（例如，`company.com`）指向 Application Load Balancer？
24,A company is implementing security and compliance by using AWS Trusted Advisor. The company's SysOps team is validating the list of Trusted Advisor checks that it can access. Which factor will affect the quantity of available Trusted Advisor checks?,B,Whether at least one Amazon EC2 instance is in the running state,The AWS Support plan,An AWS Organizations service control policy (SCP),Whether the AWS account root user has multi-factor authentication (MFA) enabled,,,"一家公司正在通过使用 AWS Trusted Advisor 实现安全和合规，。  
该公司的 SysOps 团队正在验证它可以访问的 Trusted Advisor 检查列表。  
哪个因素会影响可用的 Trusted Advisor 检查的数量？",是否至少一个 Amazon EC2 实例处于运行状态,AWS Support 计划,一份 AWS Organizations 服务控制策略（SCP）,无论 AWS 账户 root 用户是否启用了 multi-factor authentication (MFA),nan,nan,"一家公司正在通过使用 AWS Trusted Advisor 实现安全和合规，。  
The company’s SysOps team 正在验证它可以访问的 AWS Trusted Advisor 检查列表。  
Which factor 会影响可用的 AWS Trusted Advisor 检查的数量？"
25,A SysOps administrator is investigating issues on an Amazon RDS for MariaDB DB instance. The SysOps administrator wants to display the database load categorized by detailed wait events. How can the SysOps administrator accomplish this goal?,B,Create an Amazon CloudWatch dashboard.,Enable Amazon RDS Performance Insights.,Enable and configure Enhanced Monitoring.,Review the database logs in Amazon CloudWatch Logs.,,,"一名 SysOps 管理员正在调查 Amazon RDS for MariaDB 数据库实例上的问题。  
The SysOps administrator 想要显示按详细等待事件分类的数据库负载。  
如何让 SysOps 管理员实现这个目标？",创建 一个 Amazon CloudWatch 仪表板。,启用 Amazon RDS Performance Insights。,启用并配置 Enhanced Monitoring。,审查 审查 the 数据库 数据库 logs 在 在 Amazon CloudWatch Logs 中。,nan,nan,"一名 SysOps 管理员 正在调查 Amazon RDS for MariaDB 数据库实例上的问题。  
The SysOps administrator 想要显示 按详细等待事件 分类 的 数据库负载。  
如何 让 SysOps 管理员 实现 这个 目标？"
26,A company is planning to host an application on a set of Amazon EC2 instances that are distributed across multiple Availability Zones. The application must be able to scale to millions of requests each second. A SysOps administrator must design a solution to distribute the traffic to the EC2 instances. The solution must be optimized to handle sudden and volatile traffic patterns while using a single static IP address for each Availability Zone. Which solution will meet these requirements?,D,Amazon Simple Queue Service (Amazon SQS) queue,Application Load Balancer,AWS Global Accelerator,Network Load Balancer,,,"一家公司计划在一组 Amazon EC2 实例上托管一个应用程序，这些实例分布在多个 Availability Zones 中。  
该应用程序必须能够扩展到每秒数百万个请求。  
一名 SysOps 管理员必须设计一个解决方案，以将流量分配到 EC2 实例。  
该解决方案必须经过优化，以处理突发和波动的流量模式，同时为每个 Availability Zone 使用单一静态 IP 地址。  
哪种解决方案能够满足这些要求？",Amazon Simple Queue Service (Amazon SQS) 队列,应用程序 负载均衡器,AWS Global Accelerator,网络负载均衡器,nan,nan,"一家公司计划在一组 Amazon EC2 实例上托管一个应用程序，这些实例分布在多个 Availability Zones 中。  
The company plans to host an application on a group of Amazon EC2 instances, these instances are distributed across multiple Availability Zones.  
该应用程序必须能够扩展到每秒数百万个请求。  
The application must be able to scale to millions of requests per second.  
一名 SysOps 管理员必须设计一个解决方案，以将流量分配到 EC2 实例。  
A SysOps administrator must design a solution to distribute traffic to the EC2 instances.  
该解决方案必须经过优化，以处理突发和波动的流量模式，同时为每个 Availability Zone 使用单一静态 IP 地址。  
The solution must be optimized to handle burst and fluctuating traffic patterns, while using a single static IP address for each Availability Zone.  
哪种解决方案能够满足这些要求？  
Which solution can meet these requirements?"
27,A SysOps administrator is using AWS CloudFormation StackSets to create AWS resources in two AWS Regions in the same AWS account. A stack operation fails in one Region and returns the stack instance status of OUTDATED. What is the cause of this failure?,B,The CloudFormation template changed on the local disk and has not been submitted to CloudFormation.,The CloudFormation template is trying to create a global resource that is not unique.,The stack has not yet been deployed to the Region.,The SysOps administrator is using an old version of the CloudFormation API.,,,"一名 SysOps 管理员正在使用 AWS CloudFormation StackSets 在同一 AWS 账户中的两个 AWS 区域创建 AWS 资源。  
一个堆栈操作在一个区域失败，并返回堆栈实例状态为 OUTDATED。  
这次失败的原因是什么？",CloudFormation 模板 在 本地 磁盘 上 改变 了 ， 并且 尚未 提交 到 CloudFormation 。,CloudFormation 模板 正在 尝试 创建 一个 全局 资源 ， 该 资源 不是 独一无二 的 。,该堆栈尚未已部署到该区域。,SysOps 管理员 正在 使用 一个 旧 版本 的 CloudFormation API。,nan,nan,"一名 SysOps 管理员正在使用 AWS CloudFormation StackSets 在同一 AWS 账户中的两个 AWS 区域创建 AWS 资源。  
一个堆栈操作在一个区域失败，并返回堆栈实例状态为 OUTDATED。  
这次失败的原因是什么？"
28,A SysOps administrator must configure Amazon S3 to host a simple nonproduction webpage. The SysOps administrator has created an empty S3 bucket from the AWS Management Console. The S3 bucket has the default configuration in place. Which combination of actions should the SysOps administrator take to complete this process? (Choose two.),DE,"Configure the S3 bucket by using the ""Redirect requests for an object"" functionality to point to the bucket root URL.","Turn off the ""Block all public access"" setting. Allow public access by using a bucket ACL that contains <Permission>WEBSITE</Permission>.","Turn off the ""Block all public access"" setting. Allow public access by using a bucket ACL that allows access to the AuthenticatedUsers grantee.","Turn off the ""Block all public access"" setting. Set a bucket policy that allows ""Principal"": the s3:GetObject action.","Create an index.html document. Configure static website hosting, and upload the index document to the S3 bucket.",,"一名 SysOps 管理员必须配置 Amazon S3 以托管一个简单的非生产网页。  
The SysOps administrator 已经从 AWS Management Console 创建了一个空的 S3 bucket。  
The S3 bucket 具有默认配置到位。  
哪一组合的操作应该由 SysOps 管理员采取以完成此过程？（选择两个。）","使用 ""Redirect requests for an object"" 功能配置 S3 bucket ，以指向 bucket 根 URL 。","关闭 ""Block all public access"" 设置。允许公共访问通过使用包含 <Permission>WEBSITE</Permission> 的 bucket ACL。",关闭 “Block all public access” 设置。允许公共访问通过使用一个 bucket ACL，允许访问到 AuthenticatedUsers 授予人。,关闭 “Block all public access” 设置。设置一个存储桶策略，允许 “Principal”：s3:GetObject 操作。,创建一个 index.html 文档。配置静态网站托管，并上传 index 文档到 S3 桶。,nan,"一名 SysOps 管理员必须配置 Amazon S3 以托管一个简单的非生产网页。  
The SysOps 管理员 已经从 AWS Management Console 创建了一个空的 S3 bucket。  
The S3 bucket 具有默认配置到位。  
哪一组合的操作应该由 SysOps 管理员采取以完成此过程？（选择两个。）"
29,"A company is using an Amazon Aurora MySQL DB cluster that has point-in-time recovery, backtracking, and automatic backup enabled. A SysOps administrator needs to be able to roll back the DB cluster to a specific recovery point within the previous 72 hours. Restores must be completed in the same production DB cluster. Which solution will meet these requirements?",C,Create an Aurora Replica. Promote the replica to replace the primary DB instance.,Create an AWS Lambda function to restore an automatic backup to the existing DB cluster.,Use backtracking to rewind the existing DB cluster to the desired recovery point.,Use point-in-time recovery to restore the existing DB cluster to the desired recovery point.,,,一家公司正在使用具有点-in-时间恢复、回溯和自动备份启用功能的 Amazon Aurora MySQL DB 集群。 一名 SysOps 管理员需要能够将 DB 集群回滚到之前 72 小时内的特定恢复点。 恢复必须在同一生产 DB 集群中完成。 哪种解决方案可以满足这些要求？,创建一个 Aurora 副本。提升该副本以取代主数据库实例。,创建 一个 AWS Lambda 函数 用于 恢复 一个 自动 备份 到 现有 的 DB 集群。,使用 backtracking 来回溯 现有的 DB cluster 到 期望的 recovery point 。,使用 point-in-time recovery 来恢复 现有的 DB cluster 到 期望的 recovery point 。,nan,nan,"一家公司正在使用具有点-in-时间恢复、回溯和自动备份启用功能的 Amazon Aurora MySQL DB 集群。  
一名 SysOps 管理员需要能够将 DB 集群回滚到之前 72 小时内的特定恢复点。  
恢复必须在同一生产 DB 集群中完成。  
哪种解决方案可以满足这些要求？"
30,A user working in the Amazon EC2 console increased the size of an Amazon Elastic Block Store (Amazon EBS) volume attached to an Amazon EC2 Windows instance. The change is not reflected in the file system. What should a SysOps administrator do to resolve this issue?,A,Extend the file system with operating system-level tools to use the new storage capacity.,Reattach the EBS volume to the EC2 instance.,Reboot the EC2 instance that is attached to the EBS volume.,Take a snapshot of the EBS volume. Replace the original volume with a volume that is created from the snapshot.,,,"一位在 Amazon EC2 控制台工作的用户增加了连接到 Amazon EC2 Windows 实例的 Amazon Elastic Block Store (Amazon EBS) 卷的大小。  
这个更改没有在文件系统中反映出来。  
SysOps 管理员应该做什么来解决这个问题？",使用操作系统级别的工具扩展文件系统以利用新的存储容量。,将 EBS 卷重新连接到 EC2 实例。,重新启动连接到 EBS 卷的 EC2 实例。,对 EBS 卷进行快照。用从快照创建的卷替换原始卷。,nan,nan,"一位在 Amazon EC2 控制台工作的用户增加了连接到 Amazon EC2 Windows 实例的 Amazon Elastic Block Store (Amazon EBS) 卷的大小。  
这个更改没有在文件系统中反映出来。  
SysOps 管理员应该做什么来解决这个问题？"
31,A SysOps administrator is using Amazon EC2 instances to host an application. The SysOps administrator needs to grant permissions for the application to access an Amazon DynamoDB table. Which solution will meet this requirement?,D,Create access keys to access the DynamoDB table. Assign the access keys to the EC2 instance profile.,Create an EC2 key pair to access the DynamoDB table. Assign the key pair to the EC2 instance profile.,Create an IAM user to access the DynamoDB table. Assign the IAM user to the EC2 instance profile.,Create an IAM role to access the DynamoDB table. Assign the IAM role to the EC2 instance profile.,,,"一名 SysOps 管理员正在使用 Amazon EC2 实例来托管一个应用程序。  
该 SysOps 管理员需要授予权限以便应用程序访问一个 Amazon DynamoDB 表。  
哪种解决方案可以满足这个需求？",创建访问密钥以访问 DynamoDB 表。将访问密钥分配给 EC2 实例配置文件。,创建一个 EC2 密钥对以访问 DynamoDB 表。将密钥对分配给 EC2 实例配置文件。,创建 一个 IAM 用户 用于 访问 DynamoDB 表。分配 给 该 IAM 用户 到 EC2 实例配置文件。,创建 一个 IAM 角色 用于 访问 DynamoDB 表。 分配 该 IAM 角色 给 EC2 实例配置文件。,nan,nan,"一名 SysOps 管理员正在使用 Amazon EC2 实例来托管一个应用程序。  
该 SysOps 管理员需要授予权限以便应用程序访问一个 Amazon DynamoDB 表。  
哪种解决方案可以满足这个需求？"
32,A SysOps administrator wants to protect objects in an Amazon S3 bucket from accidental overwrite and deletion. Noncurrent objects must be kept for 90 days and then must be permanently deleted. Objects must reside within the same AWS Region as the original S3 bucket. Which solution meets these requirements?,D,Create an Amazon Data Lifecycle Manager (Amazon DLM) lifecycle policy for the S3 bucket. Add a rule to the lifecycle policy to delete noncurrent objects after 90 days.,Create an AWS Backup policy for the S3 bucket. Create a backup rule that includes a lifecycle to expire noncurrent objects after 90 days.,Enable S3 Cross-Region Replication on the S3 bucket. Create an S3 Lifecycle policy for the bucket to expire noncurrent objects after 90 days.,Enable S3 Versioning on the S3 bucket. Create an S3 Lifecycle policy for the bucket to expire noncurrent objects after 90 days.,,,一名 SysOps 管理员想要保护 Amazon S3 bucket 中的对象免受意外覆盖和删除。非当前对象必须保留 90 天，然后必须被永久删除。对象必须位于与原始 S3 bucket 相同的 AWS Region 内。哪种解决方案满足这些要求？,为 S3 bucket 创建一个 Amazon Data Lifecycle Manager (Amazon DLM) 生命周期策略。 添加一条规则到 生命周期策略，以在 90 天后删除 非current objects。,"为 S3 bucket 创建一个 AWS Backup 政策。  
创建一个备份规则，包括一个生命周期，在 90 天后使非当前对象过期。",在 S3 桶上启用 S3 Cross-Region Replication。为该桶创建一个 S3 Lifecycle 政策，以在 90 天后过期非当前对象。,在 S3 bucket 上启用 S3 Versioning。为该 bucket 创建一个 S3 Lifecycle policy，以在 90 天后使非当前对象过期。,nan,nan,"一名 SysOps 管理员想要保护 Amazon S3 bucket 中的对象免受意外覆盖和删除。  
非当前对象必须保留 90 天，然后必须被永久删除。  
对象必须位于与原始 S3 bucket 相同的 AWS Region 内。  
哪种解决方案满足这些要求？"
33,"A company has an application that customers use to search for records on a website. The application's data is stored in an Amazon Aurora DB cluster. The application's usage varies by season and by day of the week. The website's popularity is increasing, and the website is experiencing slower performance because of increased load on the DB cluster during periods of peak activity. The application logs show that the performance issues occur when users are searching for information. The same search is rarely performed multiple times. A SysOps administrator must improve the performance of the platform by using a solution that maximizes resource efficiency. Which solution will meet these requirements?",B,Deploy an Amazon ElastiCache for Redis cluster in front of the DB cluster. Modify the application to check the cache before the application issues new queries to the database. Add the results of any queries to the cache.,Deploy an Aurora Replica for the DB cluster. Modify the application to use the reader endpoint for search operations. Use Aurora Auto Scaling to scale the number of replicas based on load.,Use Provisioned IOPS on the storage volumes that support the DB cluster to improve performance sufficiently to support the peak load on the application.,Increase the instance size in the DB cluster to a size that is sufficient to support the peak load on the application. Use Aurora Auto Scaling to scale the instance size based on load.,,,"一家公司有一个应用程序，客户用它在一个网站上搜索记录。  
The company's application has an application that customers use to search for records on a website.  
该应用程序的数据存储在一个 Amazon Aurora DB cluster 中。  
The application's data is stored in an Amazon Aurora DB cluster.  
该应用程序的使用随季节和星期几变化。  
The application's usage varies by season and by day of the week.  
该网站的受欢迎程度在增加，且由于在高峰期对 DB cluster 的负载增加，网站的性能变慢。  
The website's popularity is increasing, and the website is experiencing slower performance because of increased load on the DB cluster during periods of peak activity.  
应用程序日志显示，当用户搜索信息时，性能问题发生。  
The application logs show that the performance issues occur when users are searching for information.  
相同的搜索很少被多次执行。  
The same search is rarely performed multiple times.  
一名 SysOps 管理员必须通过使用最大化资源效率的解决方案来改善平台的性能。  
A SysOps administrator must improve the performance of the platform by using a solution that maximizes resource efficiency.  
哪个解决方案可以满足这些要求？  
Which solution will meet these requirements?","在数据库集群前部署一个 Amazon ElastiCache for Redis 集群。  
修改应用程序以在应用程序向数据库发出新查询之前检查缓存。  
将任何查询的结果添加到缓存中。",为数据库集群部署一个 Aurora 复制。修改应用程序以使用 reader 端点进行搜索操作。使用 Aurora Auto Scaling 根据负载扩展复制的数量。,使用 Provisioned IOPS 在 支持 数据库集群 的 存储卷 上 以 改善 性能 充分 地 支持 应用程序 的 峰值 负载。,将数据库集群中的实例大小增加到足以支持应用程序峰值负载的大小。 使用 Aurora Auto Scaling 根据负载进行实例大小的缩放。,nan,nan,"一家公司有一个应用程序，客户用它在一个网站上搜索记录。  
The company's application has an application that customers use to search for records on a website.  
该应用程序的数据存储在一个 Amazon Aurora DB cluster 中。  
The application's data is stored in an Amazon Aurora DB cluster.  
该应用程序的使用随季节和星期几变化。  
The application's usage varies by season and by day of the week.  
该网站的受欢迎程度在增加，且由于在高峰期对 DB cluster 的负载增加，网站的性能变慢。  
The website's popularity is increasing, and the website is experiencing slower performance because of increased load on the DB cluster during periods of peak activity.  
应用程序日志显示，当用户搜索信息时，性能问题发生。  
The application logs show that the performance issues occur when users are searching for information.  
相同的搜索很少被多次执行。  
The same search is rarely performed multiple times.  
一名 SysOps 管理员必须通过使用最大化资源效率的解决方案来改善平台的性能。  
A SysOps administrator must improve the performance of the platform by using a solution that maximizes resource efficiency.  
哪个解决方案可以满足这些要求？  
Which solution will meet these requirements?"
34,A company uses AWS Organizations to manage multiple AWS accounts. Corporate policy mandates that only specific AWS Regions can be used to store and process customer data. A SysOps administrator must prevent the provisioning of Amazon EC2 instances in unauthorized Regions by anyone in the company. What is the MOST operationally efficient solution that meets these requirements?,D,Configure AWS CloudTrail in all Regions to record all API activity. Create an Amazon EventBridge (Amazon CloudWatch Events) rule in all unauthorized Regions for ec2:RunInstances events. Use AWS Lambda to terminate the launched EC2 instances.,"In each AWS account, create a managed IAM policy that uses a Region condition to deny the ec2:RunInstances action in all unauthorized Regions. Attach this policy to all IAM groups in each AWS account.","In each AWS account, create an IAM permissions boundary policy that uses a Region condition to deny the ec2:RunInstances action in all unauthorized Regions. Attach the permissions boundary policy to all IAM users in each AWS account.",Create a service control policy (SCP) in AWS Organizations to deny the ec2:RunInstances action in all unauthorized Regions. Attach this policy to the root level of the organization.,,,一家公司使用 AWS Organizations 来管理多个 AWS 账户。公司政策规定只能在特定的 AWS Regions 中存储和处理客户数据。一名 SysOps 管理员必须阻止公司中的任何人 provisioning Amazon EC2 实例在未授权的 Regions 中。什么是满足这些要求的最具操作效率的解决方案？,在所有区域配置 AWS CloudTrail 以记录所有 API 活动。 在所有未授权区域为 ec2:RunInstances 事件创建一个 Amazon EventBridge (Amazon CloudWatch Events) 规则。 使用 AWS Lambda 终止已启动的 EC2 实例。,在每个 AWS 账户中，创建一个托管的 IAM 政策，该政策使用 Region 条件来拒绝 ec2:RunInstances 操作在所有未授权的 Regions 中。将此政策附加到每个 AWS 账户中的所有 IAM 组。,在每个 AWS 账户中，创建一个 IAM permissions boundary policy，该策略使用 Region 条件来拒绝所有未授权 Regions 中的 ec2:RunInstances 操作。将 permissions boundary policy 附加到每个 AWS 账户中的所有 IAM 用户。,在 AWS Organizations 中创建一个服务控制策略（SCP）以拒绝所有未授权区域中的 ec2:RunInstances 操作。将此策略附加到组织的根级别。,nan,nan,"一家公司使用 AWS Organizations 来管理多个 AWS 账户。  
公司政策规定只能在特定的 AWS Regions 中存储和处理客户数据。  
一名 SysOps 管理员必须阻止公司中的任何人 provisioning Amazon EC2 实例在未授权的 Regions 中。  
什么是满足这些要求的最具操作效率的解决方案？"
35,A company's public website is hosted in an Amazon S3 bucket in the us-east-1 Region behind an Amazon CloudFront distribution. The company wants to ensure that the website is protected from DDoS attacks. A SysOps administrator needs to deploy a solution that gives the company the ability to maintain control over the rate limit at which DDoS protections are applied. Which solution will meet these requirements?,A,Deploy a global-scoped AWS WAF web ACL with an allow default action. Configure an AWS WAF rate-based rule to block matching traffic. Associate the web ACL with the CloudFront distribution.,Deploy an AWS WAF web ACL with an allow default action in us-east-1. Configure an AWS WAF rate-based rule to block matching traffic. Associate the web ACL with the S3 bucket.,Deploy a global-scoped AWS WAF web ACL with a block default action. Configure an AWS WAF rate-based rule to allow matching traffic. Associate the web ACL with the CloudFront distribution.,Deploy an AWS WAF web ACL with a block default action in us-east-1. Configure an AWS WAF rate-based rule to allow matching traffic. Associate the web ACL with the S3 bucket.,,,"一家公司 的 公共网站 被 托管 在 一个 Amazon S3 存储桶 中 在 us-east-1 区域 后面 由 一个 Amazon CloudFront 分发。  
该公司 希望 确保 网站 被 保护 免受 DDoS 攻击。  
一个 SysOps 管理员 需要 部署 一个 解决方案 ， 使 得 该公司 能够 维护 对 DDoS 保护 被 应用 的 速率 限制 的 控制 权。  
哪 一个 解决方案 将 满足 这些 要求？",部署一个具有全局作用域的 AWS WAF web ACL，默认操作为允许。配置一个 AWS WAF 基于速率的规则以阻止匹配的流量。将 web ACL 与 CloudFront 分发关联。,在 us-east-1 部署一个具有允许默认动作的 AWS WAF web ACL。配置一个 AWS WAF 基于速率的规则以阻止匹配的流量。将 web ACL 与 S3 bucket 关联。,部署一个全局范围的 AWS WAF Web ACL，具有阻止默认操作。配置一个 AWS WAF 基于速率的规则以允许匹配的流量。将 Web ACL 关联到 CloudFront 分发。,在 us-east-1 部署一个具有阻止默认操作的 AWS WAF web ACL。配置一个 AWS WAF 基于速率的规则以允许匹配的流量。将 web ACL 关联到 S3 bucket。,nan,nan,"一家公司 的 公共网站 被 托管 在 一个 Amazon S3 存储桶 中 在 us-east-1 区域 后面 由 一个 Amazon CloudFront 分发。  
该公司 希望 确保 网站 被 保护 免受 DDoS 攻击。  
一个 SysOps 管理员 需要 部署 一个 解决方案 ， 使 得 该公司 能够 维护 对 DDoS 保护 被 应用 的 速率 限制 的 控制 权。  
哪 一个 解决方案 将 满足 这些 要求？"
36,A SysOps administrator developed a Python script that uses the AWS SDK to conduct several maintenance tasks. The script needs to run automatically every night. What is the MOST operationally efficient solution that meets this requirement?,A,Convert the Python script to an AWS Lambda function. Use an Amazon EventBridge (Amazon CloudWatch Events) rule to invoke the function every night.,Convert the Python script to an AWS Lambda function. Use AWS CloudTrail to invoke the function every night.,Deploy the Python script to an Amazon EC2 instance. Use Amazon EventBride (Amazon CloudWatch Events) to schedule the instance to start and stop every night.,Deploy the Python script to an Amazon EC2 instance. Use AWS Systems Manager to schedule the instance to start and stop every night.,,,"一名 SysOps 管理员开发了一个使用 AWS SDK 的 Python 脚本，用于执行多个维护任务。  
该脚本需要每晚自动运行。  
什么是满足此要求的最具操作效率的解决方案？",将 Python 脚本 转换 为 一 个 AWS Lambda 函数 。 使用 一个 Amazon EventBridge ( Amazon CloudWatch Events ) 规则 来 调用 该 函数 每晚 。,将 Python 脚本 转换 为 一个 AWS Lambda 函数 。 使用 AWS CloudTrail 来 调用 这个 函数 每晚 。,将 Python 脚本部署到 Amazon EC2 实例。使用 Amazon EventBridge (Amazon CloudWatch Events) 来安排实例每晚启动和停止。,将 Python 脚本部署到 Amazon EC2 实例。使用 AWS Systems Manager 来安排实例每晚启动和停止。,nan,nan,"一名 SysOps 管理员开发了一个使用 AWS SDK 的 Python 脚本，用于执行多个维护任务。  
The script needs to run automatically every night.  
什么是满足此要求的最具操作效率的解决方案？"
37,A SysOps administrator must create a solution that immediately notifies software developers if an AWS Lambda function experiences an error. Which solution will meet this requirement?,A,Create an Amazon Simple Notification Service (Amazon SNS) topic with an email subscription for each developer. Create an Amazon CloudWatch alarm by using the Errors metric and the Lambda function name as a dimension. Configure the alarm to send a notification to the SNS topic when the alarm state reaches ALARM.,Create an Amazon Simple Notification Service (Amazon SNS) topic with a mobile subscription for each developer. Create an Amazon EventBridge (Amazon CloudWatch Events) alarm by using the LambdaError as the event pattern and the SNS topic name as a resource. Configure the alarm to send a notification to the SNS topic when the alarm state reaches ALARM.,Verify each developer email address in Amazon Simple Email Service (Amazon SES). Create an Amazon CloudWatch rule by using the LambdaError metric and developer email addresses as dimensions. Configure the rule to send an email through Amazon SES when the rule state reaches ALARM.,Verify each developer mobile phone in Amazon Simple Email Service (Amazon SES). Create an Amazon EventBridge (Amazon CloudWatch Events) rule by using Error as the event pattern and the Lambda function name as a resource. Configure the rule to send a push notification through Amazon SES when the rule state reaches ALARM.,,,"一名 SysOps 管理员必须创建一个解决方案，能够立即通知软件开发人员如果一个 AWS Lambda 函数遇到错误。  
哪种解决方案将满足这个要求？","为每个开发者创建一个 Amazon Simple Notification Service (Amazon SNS) 主题，带有一个电子邮件订阅。  
通过使用 Errors 指标和 Lambda 函数名称作为维度，创建一个 Amazon CloudWatch 警报。  
配置该警报，在警报状态达到 ALARM 时向 SNS 主题发送通知。","为每个开发人员创建一个 Amazon Simple Notification Service (Amazon SNS) 主题，具有移动订阅。  
通过使用 LambdaError 作为事件模式和 SNS 主题名称作为资源，创建一个 Amazon EventBridge (Amazon CloudWatch Events) 警报。  
配置该警报，当警报状态达到 ALARM 时，向 SNS 主题发送通知。","验证每个开发者电子邮件地址在 Amazon Simple Email Service (Amazon SES) 中。  
创建一个 Amazon CloudWatch 规则，使用 LambdaError 指标和开发者电子邮件地址作为维度。  
配置该规则在规则状态达到 ALARM 时，通过 Amazon SES 发送电子邮件。","在 Amazon Simple Email Service (Amazon SES) 中验证每个开发者的手机。  
通过使用 Error 作为事件模式和 Lambda 函数名称作为资源，创建一个 Amazon EventBridge (Amazon CloudWatch Events) 规则。  
配置该规则，当规则状态达到 ALARM 时，通过 Amazon SES 发送推送通知。",nan,nan,"一名 SysOps 管理员必须创建一个解决方案，能够立即通知软件开发人员如果一个 AWS Lambda 函数遇到错误。  
哪种解决方案将满足这个要求？"
38,A company has a private Amazon S3 bucket that contains sensitive information. A SysOps administrator needs to keep logs of the IP addresses from authentication failures that result from attempts to access objects in the bucket. The logs must be stored so that they cannot be overwritten or deleted for 90 days. Which solution will meet these requirements?,D,Create an AWS CloudTrail trail. Configure the log files to be saved to Amazon CloudWatch Logs. Configure the log group with a retention period of 90 days.,Create an AWS CloudTrail trail. Configure the log files to be saved to a different S3 bucket. Turn on CloudTrail log file integrity validation for 90 days.,Turn on access logging for the S3 bucket. Configure the access logs to be saved to Amazon CloudWatch Logs. Configure the log group with a retention period of 90 days.,"Turn on access logging for the S3 bucket. Configure the access logs to be saved in a second S3 bucket. Turn on S3 Object Lock on the second S3 bucket, and configure a default retention period of 90 days.",,,一家公司拥有一个私有的 Amazon S3 桶，里面包含敏感信息。 一名 SysOps 管理员需要保存来自认证失败的 IP 地址的日志，这些失败是由于尝试访问桶中的对象而导致的。 这些日志必须被存储，以便在 90 天内不能被覆盖或删除。 哪个解决方案可以满足这些要求？,创建一个 AWS CloudTrail trail。配置日志文件保存到 Amazon CloudWatch Logs。配置日志组，保留期为 90 天。,创建一个 AWS CloudTrail trail。配置日志文件保存到不同的 S3 bucket。开启 CloudTrail 日志文件完整性验证，持续 90 天。,为 S3 bucket 打开访问日志记录。配置访问日志以保存到 Amazon CloudWatch Logs。配置日志组，保留期限为 90 天。,为 S3 bucket 打开访问日志记录。配置访问日志以便保存到第二个 S3 bucket。为第二个 S3 bucket 打开 S3 Object Lock，并配置默认保留期为 90 天。,nan,nan,"一家公司拥有一个私有的 Amazon S3 桶，里面包含敏感信息。  
一名 SysOps 管理员需要保存来自认证失败的 IP 地址的日志，这些失败是由于尝试访问桶中的对象而导致的。  
这些日志必须被存储，以便在 90 天内不能被覆盖或删除。  
哪个解决方案可以满足这些要求？"
39,"A SysOps administrator migrates NAT instances to NAT gateways. After the migration, an application that is hosted on Amazon EC2 instances in a private subnet cannot access the internet. Which of the following are possible reasons for this problem? (Choose two.)",AD,The application is using a protocol that the NAT gateway does not support.,The NAT gateway is not in a security group.,The NAT gateway is in an unsupported Availability Zone.,The NAT gateway is not in the Available state.,The port forwarding settings do not allow access to internal services from the internet.,,"一名 SysOps 管理员将 NAT 实例迁移到 NAT 网关。  
After the migration， 一个 在 Amazon EC2 实例 上托管 的 应用程序 在 私有子网 中 不能 访问 互联网。  
Which of the following are possible reasons for this problem？（ 选择 两个。）",该应用程序正在使用一个 NAT gateway 不支持的协议。,NAT gateway 不在 一个 security group 中。,NAT gateway 在 一个 不支持 的 Availability Zone 。,NAT gateway 不在 Available 状态。,端口转发设置 不允许 访问 内部服务 从 互联网。,nan,"一名 SysOps 管理员将 NAT 实例迁移到 NAT 网关。  
After the migration， 一个 在 Amazon EC2 实例 上托管 的 应用程序 在 私有子网 中 不能 访问 互联网。  
Which of the following are possible reasons for this problem？（ 选择 两个。）"
40,"A company runs an application on an Amazon EC2 instance. A SysOps administrator creates an Auto Scaling group and an Application Load Balancer (ALB) to handle an increase in demand. However, the EC2 instances are failing the health check. What should the SysOps administrator do to troubleshoot this issue?",B,Verify that the Auto Scaling group is configured to use all AWS Regions.,Verify that the application is running on the protocol and the port that the listener is expecting.,Verify the listener priority in the ALB. Change the priority if necessary.,Verify the maximum number of instances in the Auto Scaling group. Change the number if necessary.,,,一家公司在 Amazon EC2 实例上运行一个应用程序。 一名 SysOps 管理员创建一个 Auto Scaling 组和一个 Application Load Balancer (ALB) 来处理需求的增加。 然而， EC2 实例未通过健康检查。 管理员应该做什么来排查这个问题？,验证 确认 那个 Auto Scaling 组 是 被配置 为 使用 所有 AWS Regions。,"验证 that the application is running on the protocol and the port that the listener is expecting.  
验证 应用程序 是否 正在 运行 在 监听器 期望 的 协议 和 端口 上。",验证 ALB 中的 listener 优先级。 如果必要，改变 优先级。,验证 Auto Scaling 组中最大实例数。 如果必要，改变 数量。,nan,nan,"一家公司在 Amazon EC2 实例上运行一个应用程序。  
一名 SysOps 管理员创建一个 Auto Scaling 组和一个 Application Load Balancer (ALB) 来处理需求的增加。  
然而， EC2 实例未通过健康检查。  
管理员应该做什么来排查这个问题？"
41,A SysOps administrator has created an AWS Service Catalog portfolio and has shared the portfolio with a second AWS account in the company. The second account is controlled by a different administrator. Which action will the administrator of the second account be able to perform?,A,Add a product from the imported portfolio to a local portfolio.,Add new products to the imported portfolio.,Change the launch role for the products contained in the imported portfolio.,Customize the products in the imported portfolio.,,,"一名 SysOps 管理员已经创建了一个 AWS Service Catalog 组合，并且已经与公司中的第二个 AWS 账户共享了该组合。  
第二个账户由不同的管理员控制。  
哪个操作将由第二个账户的管理员能够执行？",将一个产品从导入的投资组合添加到一个本地投资组合。,向导入的产品组合中添加新产品。,更改 启动 角色 为 由 导入 投资组合 包含 的 产品。,自定义 导入 的 产品 在 导入 的 组合 中。,nan,nan,"一名 SysOps 管理员已经创建了一个 AWS Service Catalog 组合，并且已经与公司中的第二个 AWS 账户共享了该组合。  
第二个账户由不同的管理员控制。  
哪个操作将由第二个账户的管理员能够执行？"
42,"A company has migrated its application to AWS. The company will host the application on Amazon EC2 instances of multiple instance families. During initial testing, a SysOps administrator identifies performance issues on selected EC2 instances. The company has a strict budget allocation policy, so the SysOps administrator must use the right resource types with the performance characteristics to match the workload. What should the SysOps administrator do to meet this requirement?",C,Purchase regional Reserved Instances (RIs) for immediate cost savings. Review and take action on the EC2 rightsizing recommendations in Cost Explorer. Exchange the RIs for the optimal instance family after rightsizing.,Purchase zonal Reserved Instances (RIs) for the existing instances. Monitor the RI utilization in the AWS Billing and Cost Management console. Make adjustments to instance sizes to optimize utilization.,Review and take action on AWS Compute Optimizer recommendations. Purchase Compute Savings Plans to reduce the cost that is required to run the compute resources.,Review resource utilization metrics in the AWS Cost and Usage Report. Rightsize the EC2 instances. Create On-Demand Capacity Reservations for the rightsized resources.,,,"一家公司已经将其应用程序迁移到 AWS。  
The company will host the application on Amazon EC2 instances of multiple instance families.  
在初始测试期间，SysOps 管理员发现了在选定的 EC2 实例上的性能问题。  
The company has a strict budget allocation policy, so the SysOps administrator must use the right resource types with the performance characteristics to match the workload.  
SysOps 管理员应该做什么以满足这个要求？",购买区域 Reserved Instances (RIs) 以实现立即的成本节省。审查并采取行动在 Cost Explorer 中关于 EC2 rightsizing 的建议。在 rightsizing 之后，将 RIs 兑换为最优的 instance family。,为现有实例购买区域预留实例（RIs）。在 AWS Billing and Cost Management 控制台中监控 RI 的利用率。调整实例大小以优化利用率。,审查并采取行动在 AWS Compute Optimizer 推荐。购买 Compute Savings Plans 以减少运行计算资源所需的成本。,在 AWS Cost and Usage Report 中审查资源利用率指标。调整 EC2 实例的大小。为调整大小的资源创建 On-Demand Capacity Reservations。,nan,nan,"一家公司已经将其应用程序迁移到 AWS。  
The company will host the application on Amazon EC2 instances of multiple instance families.  
在初始测试期间，SysOps 管理员发现了在选定的 EC2 实例上的性能问题。  
The company has a strict budget allocation policy, so the SysOps 管理员必须使用具有性能特征的正确资源类型以匹配工作负载。  
SysOps 管理员应该做什么以满足这个要求？"
43,A SysOps administrator is tasked with deploying a company's infrastructure as code. The SysOps administrator want to write a single template that can be reused for multiple environments. How should the SysOps administrator use AWS CloudFormation to create a solution?,C,Use Amazon EC2 user data in a CloudFormation template.,Use nested stacks to provision resources.,Use parameters in a CloudFormation template.,Use stack policies to provision resources.,,,"一名 SysOps 管理员被分配任务，部署一家公司基础设施作为代码。  
The SysOps administrator want to write a single template that can be reused for multiple environments.  
SysOps 管理员想要编写一个可以为多个环境重复使用的单一模板。  
How should the SysOps administrator use AWS CloudFormation to create a solution?  
SysOps 管理员应该如何使用 AWS CloudFormation 来创建一个解决方案？",在 CloudFormation 模板中使用 Amazon EC2 用户数据。,使用嵌套堆栈来配置资源。,在 CloudFormation 模板中使用参数。,使用 stack policies 来配置资源。,nan,nan,"一名 SysOps 管理员被分配任务，部署一家公司基础设施作为代码。  
The SysOps administrator want to write a single template that can be reused for multiple environments.  
SysOps 管理员想要编写一个可以为多个环境重复使用的单一模板。  
How should the SysOps administrator use AWS CloudFormation to create a solution?  
SysOps 管理员应该如何使用 AWS CloudFormation 来创建一个解决方案？"
44,A SysOps administrator is responsible for a large fleet of Amazon EC2 instances and must know whether any instances will be affected by upcoming hardware maintenance. Which option would provide this information with the LEAST administrative overhead?,D,Deploy a third-party monitoring solution to provide real-time EC2 instance monitoring.,List any instances with failed system status checks using the AWS Management Console.,Monitor AWS CloudTrail for StopInstances API calls.,Review the AWS Personal Health Dashboard.,,,一名 SysOps 管理员负责一大批 Amazon EC2 实例，并且必须知道是否任何实例会受到即将到来的硬件维护的影响。 哪个选项会以最少的管理开销提供此信息？,部署 一个 第三方 监控 解决方案 以 提供 实时 EC2 实例 监控。,使用 AWS Management Console 列出任何实例与失败的系统状态检查。,监控 AWS CloudTrail 用于 StopInstances API 调用。,查看 AWS Personal Health Dashboard。,nan,nan,"一名 SysOps 管理员负责一大批 Amazon EC2 实例，  
并且必须知道是否任何实例会受到即将到来的硬件维护的影响。  
哪个选项会以最少的管理开销提供此信息？"
45,A SysOps administrator is attempting to deploy resources by using an AWS CloudFormation template. An Amazon EC2 instance that is defined in the template fails to launch and produces an InsufficientInstanceCapacity error. Which actions should the SysOps administrator take to resolve this error? (Choose two.),BC,Create a separate AWS CloudFormation template for the EC2 instance.,Modify the AWS CloudFormation template to not specify an Availability Zone for the EC2 instance.,Modify the AWS CloudFormation template to use a different EC2 instance type.,Use a different Amazon Machine Image (AMI) for the EC2 instance.,Use the AWS CLI's validate-template command before creating a stack from the template.,,"一名 SysOps 管理员正在尝试使用 AWS CloudFormation 模板部署资源。  
一个在模板中定义的 Amazon EC2 实例未能启动并产生了 InsufficientInstanceCapacity 错误。  
SysOps 管理员应采取哪些措施来解决此错误？（选择两个。）",为 EC2 实例创建一个单独的 AWS CloudFormation 模板。,修改 AWS CloudFormation 模板 以 不 指定 一个 Availability Zone 给 EC2 实例 。,修改 AWS CloudFormation 模板 以 使用 一个 不同 的 EC2 实例 类型 。,为 EC2 实例使用不同的 Amazon Machine Image (AMI)。,在创建堆栈之前，使用 AWS CLI 的 validate-template 命令 来验证模板。,nan,"一名 SysOps 管理员正在尝试使用 AWS CloudFormation 模板部署资源。  
一个在模板中定义的 Amazon EC2 实例未能启动并产生了 InsufficientInstanceCapacity 错误。  
SysOps 管理员应采取哪些措施来解决此错误？（选择两个。）"
46,A company hosts a web application on Amazon EC2 instances behind an Application Load Balancer (ALB). The company uses Amazon Route 53 to route traffic. The company also has a static website that is configured in an Amazon S3 bucket. A SysOps administrator must use the static website as a backup to the web application. The failover to the static website must be fully automated. Which combination of actions will meet these requirements? (Choose two.),CE,Create a primary failover routing policy record. Configure the value to be the ALB.,Create an AWS Lambda function to switch from the primary website to the secondary website when the health check fails.,Create a primary failover routing policy record. Configure the value to be the ALB. Associate the record with a Route 53 health check.,Create a secondary failover routing policy record. Configure the value to be the static website. Associate the record with a Route 53 health check.,Create a secondary failover routing policy record. Configure the value to be the static website.,,"一家公司在 Amazon EC2 实例上托管一个 web 应用程序，位于一个 Application Load Balancer (ALB) 后面。  
该公司使用 Amazon Route 53 来路由流量。  
该公司还有一个静态网站，配置在一个 Amazon S3 bucket 中。  
一名 SysOps 管理员必须使用静态网站作为 web 应用程序的备份。  
切换到静态网站必须完全自动化。  
哪些行动组合将满足这些要求？（选择两个。）",创建一个主要故障转移路由策略记录。配置值为 ALB。,创建一个 AWS Lambda 函数，以在健康检查失败时从主网站切换到备用网站。,创建一个主要故障转移路由策略记录。配置该值为 ALB。将该记录与 Route 53 健康检查关联。,"创建 一个 次级 故障转移 路由策略 记录。  
配置 一个 值 为 静态 网站。  
将 该 记录 与 一个 Route 53 健康检查 关联。",创建 一个 次级 故障转移 路由策略 记录。 配置 一个 值 为 静态 网站。,nan,"一家公司在 Amazon EC2 实例上托管一个 web 应用程序，位于一个 Application Load Balancer (ALB) 后面。  
该公司使用 Amazon Route 53 来路由流量。  
该公司还有一个静态网站，配置在一个 Amazon S3 bucket 中。  
一名 SysOps 管理员必须使用静态网站作为 web 应用程序的备份。  
切换到静态网站必须完全自动化。  
哪些行动组合将满足这些要求？（选择两个。）"
47,A data analytics application is running on an Amazon EC2 instance. A SysOps administrator must add custom dimensions to the metrics collected by the Amazon CloudWatch agent. How can the SysOps administrator meet this requirement?,D,Create a custom shell script to extract the dimensions and collect the metrics using the Amazon CloudWatch agent.,Create an Amazon EventBridge (Amazon CloudWatch Events) rule to evaluate the required custom dimensions and send the metrics to Amazon Simple Notification Service (Amazon SNS).,Create an AWS Lambda function to collect the metrics from AWS CloudTrail and send the metrics to an Amazon CloudWatch Logs group.,Create an append_dimensions field in the Amazon CloudWatch agent configuration file to collect the metrics.,,,一个数据分析应用程序正在运行在一个 Amazon EC2 实例上。 一个 SysOps 管理员必须向由 Amazon CloudWatch agent 收集的指标添加自定义维度。 如何让这个 SysOps 管理员满足这个需求？,创建 一个 自定义 shell 脚本 用于 提取 维度 并 收集 指标 使用 Amazon CloudWatch agent。,创建 一个 Amazon EventBridge (Amazon CloudWatch Events) 规则 以 评估 所需 的 自定义 维度 并 发送 这些 指标 到 Amazon Simple Notification Service (Amazon SNS)。,创建 一个 AWS Lambda 函数 ，以 收集 来自 AWS CloudTrail 的 指标 ，并 将 这些 指标 发送 到 一个 Amazon CloudWatch Logs 组 。,在 Amazon CloudWatch agent 配置文件中创建一个 append_dimensions 字段，以收集指标。,nan,nan,"一个数据分析应用程序正在运行在一个 Amazon EC2 实例上。  
一个 SysOps 管理员必须向由 Amazon CloudWatch agent 收集的指标添加自定义维度。  
如何让这个 SysOps 管理员满足这个需求？"
48,A company stores its data in an Amazon S3 bucket. The company is required to classify the data and find any sensitive personal information in its S3 files. Which solution will meet these requirements?,D,Create an AWS Config rule to discover sensitive personal information in the S3 files and mark them as noncompliant.,Create an S3 event-driven artificial intelligence/machine learning (AI/ML) pipeline to classify sensitive personal information by using Amazon Rekognition.,Enable Amazon GuardDuty. Configure S3 protection to monitor all data inside Amazon S3.,Enable Amazon Macie. Create a discovery job that uses the managed data identifier.,,,"一家公司将其数据存储在 Amazon S3 bucket 中。  
该公司需要对数据进行分类并在其 S3 文件中找到任何敏感的个人信息。  
哪种解决方案可以满足这些要求？",创建一个 AWS Config 规则以发现 S3 文件中的敏感个人信息，并将其标记为不合规。,创建一个 S3 事件驱动的人工智能/机器学习（AI/ML）管道，用于分类敏感个人信息，通过使用 Amazon Rekognition。,启用 Amazon GuardDuty。配置 S3 保护以监控 Amazon S3 内的所有数据。,启用 Amazon Macie。创建一个使用托管数据标识符的发现作业。,nan,nan,"一家公司将其数据存储在 Amazon S3 bucket 中。  
该公司需要对数据进行分类并在其 S3 文件中找到任何敏感的个人信息。  
哪种解决方案可以满足这些要求？"
49,A company hosts a web portal on Amazon EC2 instances. The web portal uses an Elastic Load Balancer (ELB) and Amazon Route 53 for its public DNS service. The ELB and the EC2 instances are deployed by way of a single AWS CloudFormation stack in the us-east-1 Region. The web portal must be highly available across multiple Regions. Which configuration will meet these requirements?,B,Deploy a copy of the stack in the us-west-2 Region. Create a single start of authority (SOA) record in Route 53 that includes the IP address from each ELB. Configure the SOA record with health checks. Use the ELB in us-east-1 as the primary record and the ELB in us-west-2 as the secondary record.,Deploy a copy of the stack in the us-west-2 Region. Create an additional A record in Route 53 that includes the ELB in us-west-2 as an alias target. Configure the A records with a failover routing policy and health checks. Use the ELB in us-east-1 as the primary record and the ELB in us-west-2 as the secondary record.,"Deploy a new group of EC2 instances in the us-west-2 Region. Associate the new EC2 instances with the existing ELB, and configure load balancer health checks on all EC2 instances. Configure the ELB to update Route 53 when EC2 instances in us-west-2 fail health checks.",Deploy a new group of EC2 instances in the us-west-2 Region. Configure EC2 health checks on all EC2 instances in each Region. Configure a peering connection between the VPCs. Use the VPC in us-east-1 as the primary record and the VPC in us-west-2 as the secondary record.,,,"一家公司在 Amazon EC2 实例上托管一个网页门户。  
The web portal 使用一个 Elastic Load Balancer (ELB) 和 Amazon Route 53 用于它的公共 DNS 服务。  
The ELB 和 EC2 实例通过一个 AWS CloudFormation 堆栈在 us-east-1 区域部署。  
该网页门户必须在多个区域之间具有高可用性。  
哪种配置将满足这些要求？",在 us-west-2 区域部署堆栈的副本。 在 Route 53 中创建一个单一的起始授权（SOA）记录，包含来自每个 ELB 的 IP 地址。 配置 SOA 记录与健康检查。 使用 us-east-1 中的 ELB 作为主要记录，使用 us-west-2 中的 ELB 作为次要记录。,在 us-west-2 区域部署堆栈的副本。 在 Route 53 中创建一个额外的 A 记录，该记录将 us-west-2 中的 ELB 作为别名目标。 配置带有故障转移路由策略和健康检查的 A 记录。 使用 us-east-1 中的 ELB 作为主要记录，使用 us-west-2 中的 ELB 作为次要记录。,"在 us-west-2 区域部署一组新的 EC2 实例。  
将新的 EC2 实例与现有的 ELB 关联，  
并在所有 EC2 实例上配置负载均衡器健康检查。  
配置 ELB 以在 us-west-2 区域的 EC2 实例未通过健康检查时更新 Route 53。",在 us-west-2 区域部署一组新的 EC2 实例。 在每个区域中的所有 EC2 实例上配置 EC2 健康检查。 配置 VPC 之间的对等连接。 使用 us-east-1 中的 VPC 作为主要记录，us-west-2 中的 VPC 作为次要记录。,nan,nan,"一家公司在 Amazon EC2 实例上托管一个网页门户。  
The web portal 使用一个 Elastic Load Balancer (ELB) 和 Amazon Route 53 用于它的公共 DNS 服务。  
The ELB 和 EC2 实例通过一个 AWS CloudFormation 堆栈在 us-east-1 区域部署。  
该网页门户必须在多个区域之间具有高可用性。  
哪种配置将满足这些要求？"
50,A SysOps administrator is investigating why a user has been unable to use RDP to connect over the internet from their home computer to a bastion server running on an Amazon EC2 Windows instance. Which of the following are possible causes of this issue? (Choose two.),AC,A network ACL associated with the bastion's subnet is blocking the network traffic.,The instance does not have a private IP address.,The route table associated with the bastion's subnet does not have a route to the internet gateway.,The security group for the instance does not have an inbound rule on port 22.,The security group for the instance does not have an outbound rule on port 3389.,,"一名 SysOps 管理员正在调查为什么一个用户无法使用 RDP 通过互联网从他们的家庭计算机连接到运行在 Amazon EC2 Windows 实例上的 bastion 服务器。  
以下哪些是此问题的可能原因？（选择两个。）",与 bastion 的子网相关联的网络 ACL 正在阻止 网络 流量。,该实例没有一个 private IP address。,与 bastion 的子网相关联的路由表没有到 internet gateway 的路由。,该实例的安全组没有在端口 22 上的入站规则。,该实例的安全组没有关于端口 3389 的出站规则。,nan,"一名 SysOps 管理员正在调查为什么一个用户无法使用 RDP 通过互联网从他们的家庭计算机连接到运行在 Amazon EC2 Windows 实例上的 bastion 服务器。  
以下哪些是此问题的可能原因？（选择两个。）"
52,"A new application runs on Amazon EC2 instances and accesses data in an Amazon RDS database instance. When fully deployed in production, the application fails. The database can be queried from a console on a bastion host. When looking at the web server logs, the following error is repeated multiple times: *** Error Establishing a Database Connection Which of the following may be causes of the connectivity problems? (Choose two.)",CD,The security group for the database does not have the appropriate egress rule from the database to the web server.,The certificate used by the web server is not trusted by the RDS instance.,The security group for the database does not have the appropriate ingress rule from the web server to the database.,The port used by the application developer does not match the port specified in the RDS configuration.,The database is still being created and is not available for connectivity.,,"一个新的应用程序在 Amazon EC2 实例上运行，并访问 Amazon RDS 数据库实例中的数据。  
当在生产环境中完全部署时，应用程序失败。  
该数据库可以从 bastion host 上的控制台查询。  
当查看 web 服务器日志时，以下错误被多次重复：*** Error Establishing a Database Connection  
以下哪些可能是连接问题的原因？（选择两个。）",数据库的安全组没有具有适当的 egress 规则，从数据库到 web 服务器。,由 web 服务器使用的证书 不被 RDS 实例 信任。,数据库的安全组没有从 web 服务器到数据库的适当 ingress 规则。,应用程序开发人员使用的端口与在 RDS 配置中指定的端口不匹配。,数据库 仍然 正在 被 创建 并且 不 可用 用于 连接。,nan,"一个新的应用程序在 Amazon EC2 实例上运行，并访问 Amazon RDS 数据库实例中的数据。  
当在生产环境中完全部署时，应用程序失败。  
该数据库可以从 bastion host 上的控制台查询。  
当查看 web 服务器日志时，以下错误被多次重复：*** Error Establishing a Database Connection  
以下哪些可能是连接问题的原因？（选择两个。）"
53,A compliance team requires all administrator passwords for Amazon RDS DB instances to be changed at least annually. Which solution meets this requirement in the MOST operationally efficient manner?,A,Store the database credentials in AWS Secrets Manager. Configure automatic rotation for the secret every 365 days.,Store the database credentials as a parameter in the RDS parameter group. Create a database trigger to rotate the password every 365 days.,Store the database credentials in a private Amazon S3 bucket. Schedule an AWS Lambda function to generate a new set of credentials every 365 days.,Store the database credentials in AWS Systems Manager Parameter Store as a secure string parameter. Configure automatic rotation for the parameter every 365 days.,,,"合规团队需要所有 Amazon RDS DB 实例的管理员密码至少每年更改一次。  
哪种解决方案以最具操作效率的方式满足此要求？",将数据库凭据存储在 AWS Secrets Manager 中。配置每 365 天自动轮换该秘密。,将数据库凭据作为参数存储在 RDS 参数组中。创建一个数据库触发器以每 365 天轮换一次密码。,将数据库凭证存储在一个私有的 Amazon S3 桶中。安排一个 AWS Lambda 函数每 365 天生成一组新的凭证。,将数据库凭据存储在 AWS Systems Manager Parameter Store 作为一个安全字符串参数。 配置每 365 天自动轮换该参数。,nan,nan,"合规团队需要所有 Amazon RDS DB 实例的管理员密码至少每年更改一次。  
哪种解决方案以最具操作效率的方式满足此要求？"
54,A SysOps administrator is responsible for managing a fleet of Amazon EC2 instances. These EC2 instances upload build artifacts to a third-party service. The third-party service recently implemented a strict IP allow list that requires all build uploads to come from a single IP address. What change should the systems administrator make to the existing build fleet to comply with this new requirement?,A,Move all of the EC2 instances behind a NAT gateway and provide the gateway IP address to the service.,Move all of the EC2 instances behind an internet gateway and provide the gateway IP address to the service.,Move all of the EC2 instances into a single Availability Zone and provide the Availability Zone IP address to the service.,Move all of the EC2 instances to a peered VPC and provide the VPC IP address to the service.,,,一名 SysOps 管理员负责管理一支 Amazon EC2 实例队列。 这些 EC2 实例上传构建工件到第三方服务。 该第三方服务最近实施了一个严格的 IP 允许列表，要求所有构建上传都来自单一的 IP 地址。 系统管理员应对现有的构建队列做出什么更改以符合这个新要求？,将所有的 EC2 实例移动到 NAT gateway 后面，并将 gateway IP address 提供给该 service。,将所有的 EC2 实例移动到一个 internet gateway 后面，并且提供 gateway IP 地址给服务。,将所有的 EC2 实例移动到单一的 Availability Zone，并将该 Availability Zone 的 IP 地址提供给该服务。,将所有的 EC2 实例移动到一个对等的 VPC，并且提供 VPC IP 地址给服务。,nan,nan,"一名 SysOps 管理员负责管理一支 Amazon EC2 实例队列。  
这些 EC2 实例上传构建工件到第三方服务。  
该第三方服务最近实施了一个严格的 IP 允许列表，要求所有构建上传都来自单一的 IP 地址。  
系统管理员应对现有的构建队列做出什么更改以符合这个新要求？"
55,"A company uses an Amazon CloudFront distribution to deliver its website. Traffic logs for the website must be centrally stored, and all data must be encrypted at rest. Which solution will meet these requirements?",C,Create an Amazon OpenSearch Service (Amazon Elasticsearch Service) domain with internet access and server-side encryption that uses the default AWS managed customer master key (CMK). Configure CloudFront to use the Amazon OpenSearch Service (Amazon Elasticsearch Service) domain as a log destination.,Create an Amazon OpenSearch Service (Amazon Elasticsearch Service) domain with VPC access and server-side encryption that uses AES-256. Configure CloudFront to use the Amazon OpenSearch Service (Amazon Elasticsearch Service) domain as a log destination.,Create an Amazon S3 bucket that is configured with default server-side encryption that uses AES-256. Configure CloudFront to use the S3 bucket as a log destination.,"Create an Amazon S3 bucket that is configured with no default encryption. Enable encryption in the CloudFront distribution, and use the S3 bucket as a log destination.",,,一家公司使用 Amazon CloudFront 分发来传递其网站。网站的流量日志必须集中存储，且所有数据必须在静止时加密。哪种解决方案将满足这些要求？,创建一个 Amazon OpenSearch Service (Amazon Elasticsearch Service) 域，具有互联网访问权限和服务器端加密，使用默认的 AWS 管理的客户主密钥 (CMK)。 配置 CloudFront 以将 Amazon OpenSearch Service (Amazon Elasticsearch Service) 域用作日志目标。,创建一个 Amazon OpenSearch Service (Amazon Elasticsearch Service) 域，具有 VPC 访问和使用 AES-256 的服务器端加密。配置 CloudFront 以将 Amazon OpenSearch Service (Amazon Elasticsearch Service) 域用作日志目标。,创建一个 Amazon S3 存储桶，该存储桶配置为使用 AES-256 的默认服务器端加密。配置 CloudFront 以使用该 S3 存储桶作为日志目标。,"创建一个 Amazon S3 存储桶，该存储桶未配置默认加密。  
在 CloudFront 分发中启用加密，并使用 S3 存储桶作为日志目标。",nan,nan,"一家公司使用 Amazon CloudFront 分发来传递其网站。  
公司使用 Amazon CloudFront 分发来传递其网站。  
网站的流量日志必须集中存储，且所有数据必须在静止时加密。  
网站的流量日志必须集中存储，且所有数据必须在静止时加密。  
哪种解决方案将满足这些要求？  
哪种解决方案将满足这些要求？"
56,"An organization created an Amazon Elastic File System (Amazon EFS) volume with a file system ID of fs-85ba41fc, and it is actively used by 10 Amazon EC2 hosts. The organization has become concerned that the file system is not encrypted. How can this be resolved?",D,Enable encryption on each host's connection to the Amazon EFS volume. Each connection must be recreated for encryption to take effect.,Enable encryption on the existing EFS volume by using the AWS Command Line Interface.,Enable encryption on each host's local drive. Restart each host to encrypt the drive.,Enable encryption on a newly created volume and copy all data from the original volume. Reconnect each host to the new volume.,,,"一个组织创建了一个 Amazon Elastic File System (Amazon EFS) 卷，文件系统ID为 fs-85ba41fc，并且它被 10 个 Amazon EC2 主机积极使用。  
该组织开始担心该文件系统没有加密。  
如何解决这个问题？",在每个主机与 Amazon EFS 卷的连接上启用加密。每个连接必须被重新创建以使加密生效。,使用 AWS Command Line Interface 在现有的 EFS 卷上启用加密。,在每个主机的本地驱动器上启用加密。重启每个主机以加密驱动器。,在新创建的卷上启用加密，并复制所有数据从原始卷。重新连接每个主机到新卷。,nan,nan,"一个组织创建了一个 Amazon Elastic File System (Amazon EFS) 卷，文件系统ID为 fs-85ba41fc，并且它被 10 个 Amazon EC2 主机积极使用。  
该组织开始担心该文件系统没有加密。  
如何解决这个问题？"
57,A company uses an AWS Service Catalog portfolio to create and manage resources. A SysOps administrator must create a replica of the company's existing AWS infrastructure in a new AWS account. What is the MOST operationally efficient way to meet this requirement?,D,Create an AWS CloudFormation template to use the AWS Service Catalog portfolio in the new AWS account.,"In the new AWS account, manually create an AWS Service Catalog portfolio that duplicates the original portfolio.",Run an AWS Lambda function to create a new AWS Service Catalog portfolio based on the output of the DescribePortfolio API operation.,Share the AWS Service Catalog portfolio with the new AWS account. Import the portfolio into the new AWS account.,,,一家公司使用 AWS Service Catalog 组合来创建和管理资源。 一名 SysOps 管理员必须在一个新的 AWS 账户中创建公司现有 AWS 基础设施的副本。 什么是满足此要求的最具操作效率的方法？,创建 一个 AWS CloudFormation 模板 用于 使用 AWS Service Catalog 组合 在 新的 AWS 账户 中。,在新的 AWS 账户中，手动创建一个 AWS Service Catalog 组合，复制原始的组合。,运行一个 AWS Lambda 函数以创建一个新的 AWS Service Catalog 组合，基于 DescribePortfolio API 操作的输出。,与新的 AWS 账户共享 AWS Service Catalog 组合。将组合导入到新的 AWS 账户中。,nan,nan,"一家公司使用 AWS Service Catalog 组合来创建和管理资源。  
一名 SysOps 管理员必须在一个新的 AWS 账户中创建公司现有 AWS 基础设施的副本。  
什么是满足此要求的最具操作效率的方法？"
58,"A SysOps administrator must manage the security of an AWS account. Recently, an IAM user's access key was mistakenly uploaded to a public code repository. The SysOps administrator must identify anything that was changed by using this access key. How should the SysOps administrator meet these requirements?",C,Create an Amazon EventBridge (Amazon CloudWatch Events) rule to send all IAM events to an AWS Lambda function for analysis.,Query Amazon EC2 logs by using Amazon CloudWatch Logs Insights for all events initiated with the compromised access key within the suspected timeframe.,Search AWS CloudTrail event history for all events initiated with the compromised access key within the suspected timeframe.,Search VPC Flow Logs for all events initiated with the compromised access key within the suspected timeframe.,,,一名 SysOps 管理员必须管理一个 AWS 账户的安全性。最近，一个 IAM 用户的访问密钥被错误地上传到一个公共代码仓库。这个 SysOps 管理员必须识别任何通过这个访问密钥被更改的内容。这个 SysOps 管理员应该如何满足这些要求？,创建 一个 Amazon EventBridge (Amazon CloudWatch Events) 规则 以 发送 所有 IAM 事件 到 一个 AWS Lambda 函数 用于 分析。,使用 Amazon CloudWatch Logs Insights 查询 Amazon EC2 日志，以获取在怀疑时间范围内由被破坏的访问密钥启动的所有事件。,搜索 AWS CloudTrail 事件历史记录，针对所有由被泄露的访问密钥在怀疑的时间范围内发起的事件。,搜索 VPC Flow Logs 以查找所有事件，启动于被破坏的访问密钥在怀疑的时间范围内。,nan,nan,"一名 SysOps 管理员必须管理一个 AWS 账户的安全性。  
最近，一个 IAM 用户的访问密钥被错误地上传到一个公共代码仓库。  
这个 SysOps 管理员必须识别任何通过这个访问密钥被更改的内容。  
这个 SysOps 管理员应该如何满足这些要求？"
59,A company runs a retail website on multiple Amazon EC2 instances behind an Application Load Balancer (ALB). The company must secure traffic to the website over an HTTPS connection. Which combination of actions should a SysOps administrator take to meet these requirements? (Choose two.),BD,Attach the certificate to each EC2 instance.,Attach the certificate to the ALB.,Create a private certificate in AWS Certificate Manager (ACM).,Create a public certificate in AWS Certificate Manager (ACM).,"Export the certificate, and attach it to the website.",,"一家公司在多个 Amazon EC2 实例上运行一个零售网站，位于一个 Application Load Balancer (ALB) 后面。  
该公司必须通过 HTTPS 连接来保护网站的流量。  
一名 SysOps 管理员应采取哪些行动组合以满足这些要求？（选择两个。）",将证书附加到每个 EC2 实例。,将证书附加到 ALB。,在 AWS Certificate Manager (ACM) 中创建一个私有证书。,在 AWS Certificate Manager (ACM) 中创建一个公共证书。,导出  the  certificate ， 以及  附加  它  到  the  website 。,nan,"一家公司在多个 Amazon EC2 实例上运行一个零售网站，位于一个 Application Load Balancer (ALB) 后面。  
The company runs a retail website on multiple Amazon EC2 instances, located behind an Application Load Balancer (ALB).  
该公司必须通过 HTTPS 连接来保护网站的流量。  
The company must protect the website traffic through HTTPS connections.  
一名 SysOps 管理员应采取哪些行动组合以满足这些要求？（选择两个。）  
Which combination of actions should a SysOps administrator take to meet these requirements? (Choose two.)"
61,"A company has a stateful, long-running workload on a single xlarge general purpose Amazon EC2 On-Demand Instance Metrics show that the service is always using 80% of its available memory and 40% of its available CPU. A SysOps administrator must reduce the cost of the service without negatively affecting performance. Which change in instance type will meet these requirements?",B,Change to one large compute optimized On-Demand Instance.,Change to one large memory optimized On-Demand Instance.,Change to one xlarge general purpose Spot Instance.,Change to two large general purpose On-Demand Instances.,,,一家公司在单个 xlarge 通用 Amazon EC2 按需实例上运行一个有状态的、长时间运行的工作负载，指标显示该服务始终使用其可用内存的 80% 和其可用 CPU 的 40%，一名 SysOps 管理员必须在不负面影响性能的情况下降低该服务的成本，哪种实例类型的更改将满足这些要求？,更改为一个大型计算优化的 On-Demand 实例。,更改为一个大型内存优化的 On-Demand 实例。,更改为一个 xlarge 通用目的 Spot 实例。,更改为两个大型通用按需实例。,nan,nan,一家公司在单个 xlarge 通用 Amazon EC2 按需实例上运行一个有状态的、长时间运行的工作负载，指标显示该服务始终使用其可用内存的 80% 和其可用 CPU 的 40%，一名 SysOps 管理员必须在不负面影响性能的情况下降低该服务的成本，哪种实例类型的更改将满足这些要求？
62,"A company asks a SysOps administrator to ensure that AWS CloudTrail files are not tampered with after they are created. Currently, the company uses AWS Identity and Access Management (IAM) to restrict access to specific trails. The company's security team needs the ability to trace the integrity of each file. What is the MOST operationally efficient solution that meets these requirements?",D,Create an Amazon EventBridge (Amazon CloudWatch Events) rule that invokes an AWS Lambda function when a new file is delivered. Configure the Lambda function to compute an MD5 hash check on the file and store the result in an Amazon DynamoDB table. The security team can use the values that are stored in DynamoDB to verify the integrity of the delivered files.,Create an AWS Lambda function that is invoked each time a new file is delivered to the CloudTrail bucket. Configure the Lambda function to compute an MD5 hash check on the file and store the result as a tag in an Amazon 53 object. The security team can use the information in the tag to verify the integrity of the delivered files.,Enable the CloudTrail file integrity feature on an Amazon S3 bucket. Create an IAM policy that grants the security team access to the file integrity logs that are stored in the S3 bucket.,Enable the CloudTrail file integrity feature on the trail. The security team can use the digest file that is created by CloudTrail to verify the integrity of the delivered files.,,,"一家公司要求一名 SysOps 管理员确保 AWS CloudTrail 文件在创建后不被篡改。  
Currently，当前，公司使用 AWS Identity and Access Management (IAM) 来限制对特定 trail 的访问。  
The company's security team 公司的安全团队 需要 需要 追踪 每个 文件 的 完整性 的 能力。  
What 是 什么 是 最 具 操作效率 的 解决方案 ？ 这 满足 这些 要求 ？","创建一个 Amazon EventBridge (Amazon CloudWatch Events) 规则，当新文件被传送时调用一个 AWS Lambda 函数。  
配置该 Lambda 函数以对文件进行 MD5 哈希校验，并将结果存储在一个 Amazon DynamoDB 表中。  
安全团队可以使用存储在 DynamoDB 中的值来验证传送文件的完整性。","创建一个 AWS Lambda function，每次有新文件传送到 CloudTrail bucket 时被调用。  
配置该 Lambda function 以对文件进行 MD5 hash 检查，并将结果作为标签存储在 Amazon S3 object 中。  
安全团队可以使用标签中的信息来验证传送文件的完整性。",在 Amazon S3 bucket 上启用 CloudTrail 文件完整性 功能。 创建一个 IAM 政策，授予安全团队 访问 存储在 S3 bucket 中 的 文件完整性 日志 的权限。,在 trail 上启用 CloudTrail 文件完整性功能。安全团队可以使用由 CloudTrail 创建的 digest 文件来验证传送文件的完整性。,nan,nan,"一家公司要求一名 SysOps 管理员确保 AWS CloudTrail 文件在创建后不被篡改。  
Currently，当前，公司使用 AWS Identity and Access Management (IAM) 来限制对特定 trail 的访问。  
The company's security team 公司的安全团队 需要 需要 追踪 每个 文件 的 完整性 的 能力。  
What 是 什么 是 最 具 操作效率 的 解决方案 ？ 这 满足 这些 要求 ？"
63,"When the AWS Cloud infrastructure experiences an event that may impact an organization, which AWS service can be used to see which of the organization's resources are affected?",C,AWS Service Health Dashboard,AWS Trusted Advisor,AWS Personal Health Dashboard,AWS Systems Manager,,,当 AWS Cloud 基础设施 体验 一个 事件 那 可能 影响 一个 组织， 哪个 AWS 服务 可以 被 用来 查看 哪些 组织 的 资源 被 影响？,AWS 服务 健康 仪表盘,AWS Trusted Advisor,AWS Personal Health Dashboard,AWS Systems Manager,nan,nan,当 AWS Cloud 基础设施 体验 一个 事件 那 可能 影响 一个 组织， 哪个 AWS 服务 可以 被 用来 查看 哪些 组织 的 资源 被 影响？
64,A company is using an AWS KMS customer master key (CMK) with imported key material. The company references the CMK by its alias in the Java application to encrypt data. The CMK must be rotated every 6 months. What is the process to rotate the key?,B,"Enable automatic key rotation for the CMK, and specify a period of 6 months.","Create a new CMK with new imported material, and update the key alias to point to the new CMK.","Delete the current key material, and import new material into the existing CMK.","Import a copy of the existing key material into a new CMK as a backup, and set the rotation schedule for 6 months.",,,"一家公司正在使用带有导入密钥材料的 AWS KMS customer master key (CMK)。  
该公司在 Java 应用程序中通过其别名引用 CMK 以加密数据。  
该 CMK 必须每 6 个月轮换一次。  
轮换密钥的流程是什么？",为 CMK 启用自动密钥轮换，且指定一个周期为 6 个月。,创建 一个 新 的 CMK 与 新 的 导入 材料 ， 并 更新 密钥 别名 指向 新 的 CMK 。,删除 当前 密钥 材料 ， 并 导入 新 材料 到 现有 的 CMK 。,将现有密钥材料的副本导入到新的 CMK 作为备份，且设置轮换计划为 6 个月。,nan,nan,"一家公司正在使用带有导入密钥材料的 AWS KMS customer master key (CMK)。  
该公司在 Java 应用程序中通过其别名引用 CMK 以加密数据。  
该 CMK 必须每 6 个月轮换一次。  
轮换密钥的流程是什么？"
65,The security team is concerned because the number of AWS Identity and Access Management (IAM) policies being used in the environment is increasing. The team tasked a SysOps administrator to report on the current number of IAM policies in use and the total available IAM policies. Which AWS service should the administrator use to check how current IAM policy usage compares to current service limits?,A,AWS Trusted Advisor,Amazon Inspector,AWS Config,AWS Organizations,,,"安全团队担心，因为在环境中使用的 AWS Identity and Access Management (IAM) 政策的数量正在增加。  
该团队指派一名 SysOps 管理员报告当前使用的 IAM 政策数量和总可用的 IAM 政策数量。  
管理员应该使用哪个 AWS 服务来检查当前 IAM 政策使用情况与当前服务限制的比较？",AWS Trusted Advisor,Amazon Inspector,AWS Config,AWS Organizations,nan,nan,"安全团队担心，因为在环境中使用的 AWS Identity and Access Management (IAM) 政策的数量正在增加。  
该团队指派一名 SysOps 管理员报告当前使用的 IAM 政策数量和总可用的 IAM 政策数量。  
管理员应该使用哪个 AWS 服务来检查当前 IAM 政策使用情况与当前服务限制的比较？"
66,"A SysOps administrator is trying to set up an Amazon Route 53 domain name to route traffic to a website hosted on Amazon S3. The domain name of the website is www.example.com and the S3 bucket name DOC-EXAMPLE-BUCKET. After the record set is set up in Route 53, the domain name www.anycompany.com does not seem to work, and the static website is not displayed in the browser. Which of the following is a cause of this?",D,The S3 bucket must be configured with Amazon CloudFront first.,The Route 53 record set must have an IAM role that allows access to the S3 bucket.,The Route 53 record set must be in the same region as the S3 bucket.,The S3 bucket name must match the record set name in Route 53.,,,"一名 SysOps 管理员正在尝试设置一个 Amazon Route 53 域名以将流量路由到托管在 Amazon S3 上的网站。  
The domain name of the website is www.example.com and the S3 bucket name DOC-EXAMPLE-BUCKET.  
在 Route 53 中设置记录集后，域名 www.anycompany.com 似乎无法工作，且浏览器中未显示静态网站。  
Which of the following is a cause of this?",S3 桶必须先配置 Amazon CloudFront。,Route 53 记录集必须拥有一个 IAM 角色，该角色允许访问 S3 桶。,The Route 53 记录集 必须 在 相同 区域 与 S3 桶。,S3 桶名称 必须 匹配 记录集名称 在 Route 53。,nan,nan,"一名 SysOps 管理员正在尝试设置一个 Amazon Route 53 域名以将流量路由到托管在 Amazon S3 上的网站。  
The domain name of the website is www.example.com and the S3 bucket name DOC-EXAMPLE-BUCKET.  
在 Route 53 中设置记录集后，域名 www.anycompany.com 似乎无法工作，且浏览器中未显示静态网站。  
Which of the following is a cause of this?"
67,"A SysOps administrator has used AWS CloudFormation to deploy a serverless application into a production VPC. The application consists of an AWS Lambda function, an Amazon DynamoDB table, and an Amazon API Gateway API. The SysOps administrator must delete the AWS CloudFormation stack without deleting the DynamoDB table. Which action should the SysOps administrator take before deleting the AWS CloudFormation stack?",A,Add a Retain deletion policy to the DynamoDB resource in the AWS CloudFormation stack.,Add a Snapshot deletion policy to the DynamoDB resource in the AWS CloudFormation stack.,Enable termination protection on the AWS CloudFormation stack.,Update the application's IAM policy with a Deny statement for the dynamodb:DeleteTable action.,,,"一名 SysOps 管理员已经使用 AWS CloudFormation 将无服务器应用程序部署到生产 VPC 中。  
该应用程序由一个 AWS Lambda 函数、一个 Amazon DynamoDB 表和一个 Amazon API Gateway API 组成。  
SysOps 管理员必须删除 AWS CloudFormation 堆栈而不删除 DynamoDB 表。  
在删除 AWS CloudFormation 堆栈之前，SysOps 管理员应采取哪项操作？",在 AWS CloudFormation 堆栈中，为 DynamoDB 资源添加一个 Retain 删除策略。,在 AWS CloudFormation 堆栈中，为 DynamoDB 资源添加一个 Snapshot 删除策略。,在 AWS CloudFormation 堆栈上启用终止保护。,用一个 Deny 声明更新应用程序的 IAM 政策，针对 dynamodb:DeleteTable 操作。,nan,nan,"一名 SysOps 管理员已经使用 AWS CloudFormation 将无服务器应用程序部署到生产 VPC 中。  
该应用程序由一个 AWS Lambda 函数、一个 Amazon DynamoDB 表和一个 Amazon API Gateway API 组成。  
SysOps 管理员必须删除 AWS CloudFormation 堆栈而不删除 DynamoDB 表。  
在删除 AWS CloudFormation 堆栈之前，SysOps 管理员应采取哪项操作？"
68,A SysOps administrator is notified that an Amazon EC2 instance has stopped responding. The AWS Management Console indicates that the system checks are failing. What should the administrator do first to resolve this issue?,B,Reboot the EC2 instance so it can be launched on a new host.,Stop and then start the EC2 instance so that it can be launched on a new host.,Terminate the EC2 instance and relaunch it.,View the AWS CloudTrail log to investigate what changed on the EC2 instance.,,,"一名 SysOps 管理员被通知一个 Amazon EC2 实例已经停止响应。  
The AWS Management Console 指示 that the system checks 是失败的。  
管理员应该首先做什么来解决这个问题？",重新启动 EC2 实例，以便它可以在新主机上启动。,停止，然后启动 EC2 实例，以便它可以在新主机上启动。,终止 EC2 实例，并重新启动它。,查看 AWS CloudTrail 日志 以 调查 什么 改变 在 EC2 实例 上 。,nan,nan,"一名 SysOps 管理员被通知一个 Amazon EC2 实例已经停止响应。  
The AWS Management Console 指示 that the system checks 是失败的。  
管理员应该首先做什么来解决这个问题？"
69,"A software development company has multiple developers who work on the same product. Each developer must have their own development environments, and these development environments must be identical. Each development environment consists of Amazon EC2 instances and an Amazon RDS DB instance. The development environments should be created only when necessary, and they must be terminated each night to minimize costs. What is the MOST operationally efficient solution that meets these requirements?",B,Provide developers with access to the same AWS CloudFormation template so that they can provision their development environment when necessary. Schedule a nightly cron job on each development instance to stop all running processes to reduce CPU utilization to nearly zero.,Provide developers with access to the same AWS CloudFormation template so that they can provision their development environment when necessary. Schedule a nightly Amazon EventBridge (Amazon CloudWatch Events) rule to invoke an AWS Lambda function to delete the AWS CloudFormation stacks.,Provide developers with CLI commands so that they can provision their own development environment when necessary. Schedule a nightly Amazon EventBridge (Amazon CloudWatch Events) rule to invoke an AWS Lambda function to terminate all EC2 instances and the DB instance.,Provide developers with CLI commands so that they can provision their own development environment when necessary. Schedule a nightly Amazon EventBridge (Amazon CloudWatch Events) rule to cause AWS CloudFormation to delete all of the development environment resources.,,,"一家软件开发公司有多个开发人员，他们在同一个产品上工作。  
Each developer must have their own development environments, and these development environments must be identical.  
每个开发环境必须拥有自己的开发环境，并且这些开发环境必须相同。  
Each development environment consists of Amazon EC2 instances and an Amazon RDS DB instance.  
每个开发环境由 Amazon EC2 实例和一个 Amazon RDS DB 实例组成。  
The development environments should be created only when necessary, and they must be terminated each night to minimize costs.  
开发环境应仅在必要时创建，并且必须在每晚终止以最小化成本。  
What is the MOST operationally efficient solution that meets these requirements?  
满足这些要求的最具操作效率的解决方案是什么？",为开发人员提供访问相同的 AWS CloudFormation 模板，以便他们在必要时可以配置他们的开发环境。 在每个开发实例上安排一个每晚的 cron 作业，以停止所有运行中的进程，以将 CPU 利用率降低到几乎为零。,为开发者提供访问相同的 AWS CloudFormation 模板，以便他们在必要时可以配置他们的开发环境。安排一个每晚的 Amazon EventBridge (Amazon CloudWatch Events) 规则，以调用一个 AWS Lambda 函数，删除 AWS CloudFormation 堆栈。,为开发者提供 CLI 命令，以便他们在必要时可以配置自己的开发环境。安排一个每晚的 Amazon EventBridge (Amazon CloudWatch Events) 规则，以调用 AWS Lambda 函数，终止所有的 EC2 实例和数据库实例。,为开发者提供 CLI 命令，以便他们在必要时可以配置自己的开发环境。安排一个每晚的 Amazon EventBridge (Amazon CloudWatch Events) 规则，以使 AWS CloudFormation 删除所有的开发环境资源。,nan,nan,"一家软件开发公司有多个开发人员，他们在同一个产品上工作。  
Each developer must have their own development environments, and these development environments must be identical.  
每个开发人员必须拥有他们自己的开发环境，并且这些开发环境必须相同。  
Each development environment consists of Amazon EC2 instances and an Amazon RDS DB instance.  
每个开发环境由 Amazon EC2 实例和一个 Amazon RDS DB 实例组成。  
The development environments should be created only when necessary, and they must be terminated each night to minimize costs.  
开发环境应仅在必要时创建，并且它们必须在每晚终止以最小化成本。  
What is the MOST operationally efficient solution that meets these requirements?  
满足这些要求的最具操作效率的解决方案是什么？"
70,"A company is partnering with an external vendor to provide data processing services. For this integration, the vendor must host the company's data in an Amazon S3 bucket in the vendor's AWS account. The vendor is allowing the company to provide an AWS Key Management Service (AWS KMS) key to encrypt the company's data. The vendor has provided an IAM role Amazon Resources Name (ARN) to the company for this integration. What should a SysOps administrator do to configure this integration?",A,Create a new KMS key. Add the vendor's IAM role ARN to the KMS key policy. Provide the new KMS key ARN to the vendor.,Create a new KMS key. Create a new IAM key. Add the vendor's IAM role ARN to an inline policy that is attached to the IAM user. Provide the new IAM user ARN to the vendor.,Configure encryption using the KMS managed S3 key. Add the vendor's IAM role ARN to the KMS key policy. Provide the KMS managed S3 key ARN to the vendor.,Configure encryption using the KMS managed S3 key. Create an S3 bucket. Add the vendor's IAM role ARN to the S3 bucket policy. Provide the S3 bucket ARN to the vendor.,,,"一家公司正在与外部供应商合作，提供数据处理服务。  
For this integration，这个供应商必须在供应商的 AWS 账户中托管公司的数据在一个 Amazon S3 bucket 中。  
这个供应商允许公司提供一个 AWS Key Management Service (AWS KMS) key 来加密公司的数据。  
这个供应商已经为这个集成向公司提供了一个 IAM role Amazon Resources Name (ARN)。  
SysOps 管理员应该做什么来配置这个集成？",创建 一个 新的 KMS 密钥。 添加 供应商 的 IAM 角色 ARN 到 KMS 密钥 政策。 提供 新的 KMS 密钥 ARN 给 供应商。,创建一个新的 KMS 密钥。创建一个新的 IAM 密钥。将供应商的 IAM 角色 ARN 添加到附加到 IAM 用户的内联策略中。将新的 IAM 用户 ARN 提供给供应商。,使用 KMS 管理的 S3 密钥配置加密。将供应商的 IAM 角色 ARN 添加到 KMS 密钥策略中。向供应商提供 KMS 管理的 S3 密钥 ARN。,使用 KMS 管理的 S3 密钥配置加密。创建一个 S3 存储桶。将供应商的 IAM 角色 ARN 添加到 S3 存储桶策略中。向供应商提供 S3 存储桶 ARN。,nan,nan,"一家公司正在与外部供应商合作，提供数据处理服务。  
For this integration，这个供应商必须在供应商的 AWS 账户中托管公司的数据在一个 Amazon S3 bucket 中。  
这个供应商允许公司提供一个 AWS Key Management Service (AWS KMS) key 来加密公司的数据。  
这个供应商已经为这个集成向公司提供了一个 IAM role Amazon Resources Name (ARN)。  
SysOps 管理员应该做什么来配置这个集成？"
71,A SysOps administrator is using AWS Systems Manager Patch Manager to patch a fleet of Amazon EC2 instances. The SysOps administrator has configured a patch baseline and a maintenance window. The SysOps administrator also has used an instance tag to identify which instances to patch. The SysOps administrator must give Systems Manager the ability to access the EC2 instances. Which additional action must the SysOps administrator perform to meet this requirement?,B,Add an inbound rule to the instances' security group.,Attach an IAM instance profile with access to Systems Manager to the instances.,Create a Systems Manager activation. Then activate the fleet of instances.,Manually specify the instances to patch instead of using tag-based selection.,,,"一名 SysOps 管理员正在使用 AWS Systems Manager Patch Manager 来修补一组 Amazon EC2 实例。  
The SysOps administrator has configured a patch baseline and a maintenance window.  
该 SysOps 管理员还使用了实例标签来识别需要修补的实例。  
The SysOps administrator also has used an instance tag to identify which instances to patch.  
该 SysOps 管理员必须赋予 Systems Manager 访问 EC2 实例的权限。  
The SysOps administrator must give Systems Manager the ability to access the EC2 instances.  
为了满足此要求，SysOps 管理员还必须执行哪一额外操作？  
Which additional action must the SysOps administrator perform to meet this requirement?",向实例的安全组添加一个入站规则。,将具有对 Systems Manager 访问权限的 IAM 实例配置文件附加到实例上。,创建 一个 Systems Manager 激活。然后 激活 一组 实例。,手动 指定 实例 进行 修补 而不是 使用 基于 标签 的 选择。,nan,nan,"一名 SysOps 管理员正在使用 AWS Systems Manager Patch Manager 来修补一组 Amazon EC2 实例。  
The SysOps administrator has configured a patch baseline and a maintenance window.  
该 SysOps 管理员还使用了实例标签来识别需要修补的实例。  
The SysOps administrator also has used an instance tag to identify which instances to patch.  
该 SysOps 管理员必须赋予 Systems Manager 访问 EC2 实例的权限。  
The SysOps administrator must give Systems Manager the ability to access the EC2 instances.  
为了满足此要求，SysOps 管理员还必须执行哪一额外操作？  
Which additional action must the SysOps administrator perform to meet this requirement?"
72,"A company hosts its website on Amazon EC2 instances in the us-east-1 Region. The company is preparing to extend its website into the eu-central-1 Region, but the database must remain only in us-east-1. After deployment, the EC2 instances in eu-central-1 are unable to connect to the database in us-east-1. What is the MOST operationally efficient solution that will resolve this connectivity issue?",A,Create a VPC peering connection between the two Regions. Add the private IP address range of the instances to the inbound rule of the database security group.,Create a VPC peering connection between the two Regions. Add the security group of the instances in eu-central-1 to the outbound rule of the database security group.,Create a VPN connection between the two Regions. Add the private IP address range of the instances to the outbound rule of the database security group.,Create a VPN connection between the two Regions. Add the security group of the instances in eu-central-1 to the inbound rule of the database security group.,,,"一家公司在 us-east-1 区域的 Amazon EC2 实例上托管其网站。  
该公司正准备将其网站扩展到 eu-central-1 区域，但数据库必须仅保留在 us-east-1。  
部署后，eu-central-1 的 EC2 实例无法连接到 us-east-1 的数据库。  
什么是最具操作效率的解决方案，能够解决此连接问题？","在两个区域之间创建一个 VPC peering 连接。  
将实例的私有 IP 地址范围添加到数据库安全组的入站规则中。","在两个区域之间创建一个 VPC peering 连接。  
将 eu-central-1 中实例的安全组添加到数据库安全组的出站规则中。",在两个 Regions 之间创建一个 VPN 连接。将实例的私有 IP 地址范围添加到数据库安全组的出站规则中。,在两个区域之间创建一个 VPN 连接。将 eu-central-1 中实例的安全组添加到数据库安全组的入站规则中。,nan,nan,"一家公司在 us-east-1 区域的 Amazon EC2 实例上托管其网站。  
该公司正准备将其网站扩展到 eu-central-1 区域，但数据库必须仅保留在 us-east-1。  
部署后，eu-central-1 的 EC2 实例无法连接到 us-east-1 的数据库。  
什么是最具操作效率的解决方案，能够解决此连接问题？"
73,A company wants to create an automated solution for all accounts managed by AWS Organizations to detect any security groups that use 0.0.0.0/0 as the source address for inbound traffic. The company also wants to automatically remediate any noncompliant security groups by restricting access to a specific CIDR block that corresponds with the company's intranet. Which set of actions should the SysOps administrator take to create a solution?,A,Create an AWS Config rule to detect noncompliant security groups. Set up automatic remediation to change the 0.0.0.0/0 source address to the approved CIDR block.,Create an IAM policy to deny the creation of security groups that have 0.0.0.0/0 as the source address. Attach this IAM policy to every user in the company.,Create an AWS Lambda function to inspect new and existing security groups. Check for a noncompliant 0.0.0.0/0 source address and change the source address to the approved CIDR block.,Create a service control policy (SCP) for the organizational unit (OU) to deny the creation of security groups that have the 0.0.0.0/0 source address. Set up automatic remediation to change the 0.0.0.0/0 source address to the approved CIDR block.,,,"一家公司想要为由 AWS Organizations 管理的所有账户创建一个自动化解决方案，以检测任何使用 0.0.0.0/0 作为入站流量源地址的安全组。  
该公司还希望通过限制访问与公司内联网对应的特定 CIDR 块，自动修复任何不合规的安全组。  
SysOps 管理员应采取哪一组行动来创建一个解决方案？","创建一个 AWS Config 规则以检测不合规的安全组。  
设置自动修复以将 0.0.0.0/0 源地址更改为已批准的 CIDR 块。","创建一个 IAM 政策以拒绝创建具有 0.0.0.0/0 作为源地址的 security groups。  
将此 IAM 政策附加到公司中的每个用户。","创建一个 AWS Lambda function 来检查新的和现有的 security groups。  
检查是否存在不合规的 0.0.0.0/0 源地址，并将源地址更改为已批准的 CIDR block。","为组织单元（OU）创建一个服务控制策略（SCP），以拒绝创建具有 0.0.0.0/0 源地址的安全组。  
设置自动修复，将 0.0.0.0/0 源地址更改为已批准的 CIDR 块。",nan,nan,"一家公司想要为由 AWS Organizations 管理的所有账户创建一个自动化解决方案，以检测任何使用 0.0.0.0/0 作为入站流量源地址的安全组。  
该公司还希望通过限制访问与公司内联网对应的特定 CIDR 块，自动修复任何不合规的安全组。  
SysOps 管理员应采取哪一组行动来创建一个解决方案？"
74,"A company requires that all activity in its AWS account be logged using AWS CloudTrail. Additionally, a SysOps administrator must know when CloudTrail log files are modified or deleted. How should the SysOps administrator meet these requirements?",A,Enable log file integrity validation. Use the AWS CLI to validate the log files.,Enable log file integrity validation. Use the AWS CloudTrail Processing Library to validate the log files.,Use CloudTrail Insights to monitor the log files for modifications.,Use Amazon CloudWatch Logs to monitor the log files for modifications.,,,"一家公司要求其所有在 AWS 账户中的活动都必须使用 AWS CloudTrail 进行记录。  
此外，SysOps 管理员必须知道何时 CloudTrail 日志文件被修改或删除。  
管理员应该如何满足这些要求？",启用 log file integrity validation。使用 AWS CLI 来验证 log 文件。,启用 log file integrity validation。使用 AWS CloudTrail Processing Library 来验证 log 文件。,使用 CloudTrail Insights 来监控 日志 文件 的 修改。,使用 Amazon CloudWatch Logs 来 监控 日志 文件 的 修改。,nan,nan,"一家公司要求其所有在 AWS 账户中的活动都必须使用 AWS CloudTrail 进行记录。  
此外，SysOps 管理员必须知道何时 CloudTrail 日志文件被修改或删除。  
管理员应该如何满足这些要求？"
75,"A company is planning to host its stateful web-based applications on AWS. A SysOps administrator is using an Auto Scaling group of Amazon EC2 instances. The web applications will run 24 hours a day, 7 days a week throughout the year. The company must be able to change the instance type within the same instance family later in the year based on the traffic and usage patterns. Which EC2 instance purchasing option will meet these requirements MOST cost-effectively?",A,Convertible Reserved Instances,On-Demand Instances,Spot Instances,Standard Reserved Instances,,,一家公司计划在 AWS 上托管其有状态的基于网页的应用程序。 一名 SysOps 管理员正在使用 Amazon EC2 实例的自动伸缩组。 这些网页应用程序将全年每天24小时，每周7天运行。 这家公司必须能够在今年晚些时候根据流量和使用模式更改实例类型，且必须在同一实例系列内。 哪种 EC2 实例购买选项将以最具成本效益的方式满足这些需求？,Convertible Reserved Instances,按需实例,Spot Instances,标准预留实例,nan,nan,"一家公司计划在 AWS 上托管其有状态的基于网页的应用程序。  
一名 SysOps 管理员正在使用 Amazon EC2 实例的自动伸缩组。  
这些网页应用程序将全年每天24小时，每周7天运行。  
这家公司必须能够在今年晚些时候根据流量和使用模式更改实例类型，且必须在同一实例系列内。  
哪种 EC2 实例购买选项将以最具成本效益的方式满足这些需求？"
76,"An application runs on Amazon EC2 instances in an Auto Scaling group. Following the deployment of a new feature on the EC2 instances, some instances were marked as unhealthy and then replaced by the Auto Scaling group. The EC2 instances terminated before a SysOps administrator could determine the cause of the health status changes. To troubleshoot this issue, the SysOps administrator wants to ensure that an AWS Lambda function is invoked in this situation. How should the SysOps administrator meet these requirements?",C,Activate the instance scale-in protection setting for the Auto Scaling group. Invoke the Lambda function through Amazon EventBridge (Amazon CloudWatch Events).,Activate the instance scale-in protection setting for the Auto Scaling group. Invoke the Lambda function through Amazon Route 53.,Add a lifecycle hook to the Auto Scaling group to invoke the Lambda function through Amazon EventBridge (Amazon CloudWatch Events).,Add a lifecycle hook to the Auto Scaling group to invoke the Lambda function through Amazon Route 53.,,,"一个应用程序在 Amazon EC2 实例上运行，在一个 Auto Scaling 组中。  
Following the deployment of a new feature on the EC2 instances, 一些实例被标记为不健康，然后被 Auto Scaling 组替换。  
The EC2 instances terminated before a SysOps administrator could determine the cause of the health status changes.  
为了排查这个问题，SysOps 管理员想要确保在这种情况下调用一个 AWS Lambda 函数。  
How should the SysOps administrator meet these requirements?",激活实例缩减保护设置为 Auto Scaling 组。 通过 Amazon EventBridge (Amazon CloudWatch Events) 调用 Lambda 函数。,激活 Auto Scaling 组的实例缩减保护设置。 通过 Amazon Route 53 调用 Lambda 函数。,在 Auto Scaling 组中添加一个生命周期钩子，以通过 Amazon EventBridge (Amazon CloudWatch Events) 调用 Lambda 函数。,在 Auto Scaling 组中添加一个生命周期钩子，以通过 Amazon Route 53 调用 Lambda 函数。,nan,nan,"一个应用程序在 Amazon EC2 实例上运行，在一个 Auto Scaling 组中。  
Following the deployment of a new feature on the EC2 instances, 一些实例被标记为不健康，然后被 Auto Scaling 组替换。  
The EC2 instances terminated before a SysOps administrator could determine the cause of the health status changes.  
为了排查这个问题，SysOps 管理员想要确保在这种情况下调用一个 AWS Lambda 函数。  
How should the SysOps administrator meet these requirements?"
77,"A company runs an application that hosts critical data for several clients. The company uses AWS CloudTrail to track user activities on various AWS resources. To meet new security requirements, the company needs to protect the CloudTrail log files from being modified, deleted, or forged. Which solution will meet these requirement?",A,Enable CloudTrail log file integrity validation.,Use Amazon S3 MFA Delete on the S3 bucket where the CloudTrail log files are stored.,Use Amazon S3 Versioning to keep all versions of the CloudTrail log files.,Use AWS Key Management Service (AWS KMS) security keys to secure the CloudTrail log files.,,,"一家公司运行一个应用程序，该应用程序托管多个客户的关键数据。  
The company uses AWS CloudTrail to track user activities on various AWS resources.  
为了满足新的安全要求，  
To meet new security requirements,  
该公司需要保护 CloudTrail log files 免受被修改、删除或伪造。  
the company needs to protect the CloudTrail log files from being modified, deleted, or forged.  
哪种解决方案可以满足这些要求？  
Which solution will meet these requirement?",启用 CloudTrail 日志文件完整性验证。,在 Amazon S3 上使用 MFA Delete 在存储 CloudTrail 日志文件的 S3 桶。,使用 Amazon S3 Versioning 来 保持 所有 版本 的 CloudTrail 日志 文件。,使用 AWS Key Management Service (AWS KMS) 安全密钥 来 保护 CloudTrail 日志文件。,nan,nan,"一家公司运行一个应用程序，该应用程序托管多个客户的关键数据。  
The company uses AWS CloudTrail to track user activities on various AWS resources.  
为了满足新的安全要求，  
To meet new security requirements,  
该公司需要保护 CloudTrail log files 免受被修改、删除或伪造。  
the company needs to protect the CloudTrail log files from being modified, deleted, or forged.  
哪种解决方案可以满足这些要求？  
Which solution will meet these requirement?"
78,A global company operates out of five AWS Regions. A SysOps administrator wants to identify all the company's tagged and untagged Amazon EC2 instances. The company requires the output to display the instance ID and tags. What is the MOST operationally efficient way for the SysOps administrator to meet these requirements?,D,Create a tag-based resource group in AWS Resource Groups.,Use AWS Trusted Advisor. Export the EC2 On-Demand Instances check results from Trusted Advisor.,"Use Cost Explorer. Choose a service type of EC2-Instances, and group by Resource.","Use Tag Editor in AWS Resource Groups. Select all Regions, and choose a resource type of AWS::EC2::Instance.",,,一个全球公司在五个 AWS Regions 运营。 一个 SysOps 管理员 想要 识别 所有 该公司的 标记 和 未标记 的 Amazon EC2 实例。 该公司 需要 输出 显示 实例 ID 和 标签。 什么 是 最具 操作效率 的 方法 让 SysOps 管理员 满足 这些 需求？,在 AWS Resource Groups 中创建一个基于标签的资源组。,使用 AWS Trusted Advisor。导出 EC2 On-Demand Instances 检查结果从 Trusted Advisor。,使用 Cost Explorer。选择一个服务类型为 EC2-Instances，并按 Resource 分组。,在 AWS Resource Groups 中使用 Tag Editor。选择所有区域，和选择一个资源类型为 AWS::EC2::Instance。,nan,nan,"一个全球公司在五个 AWS Regions 运营。  
一个 SysOps 管理员 想要 识别 所有 该公司的 标记 和 未标记 的 Amazon EC2 实例。  
该公司 需要 输出 显示 实例 ID 和 标签。  
什么 是 最具 操作效率 的 方法 让 SysOps 管理员 满足 这些 需求？"
79,A company needs to upload gigabytes of files every day. The company need to achieve higher throughput and upload speeds to Amazon S3. Which action should a SysOps administrator take to meet this requirement?,D,Create an Amazon CloudFront distribution with the GET HTTP method allowed and the S3 bucket as an origin.,Create an Amazon ElastiCache cluster and enable caching for the S3 bucket.,Set up AWS Global Accelerator and configure it with the S3 bucket.,Enable S3 Transfer Acceleration and use the acceleration endpoint when uploading files.,,,"一家公司需要每天上传数百兆字节的文件。  
该公司需要实现更高的吞吐量和上传速度到 Amazon S3。  
SysOps 管理员应该采取什么行动以满足这个需求？",创建一个 Amazon CloudFront 分发，允许 GET HTTP 方法，并且将 S3 桶作为源。,创建一个 Amazon ElastiCache 集群，并启用 S3 存储桶的缓存。,设置 AWS Global Accelerator 并用 S3 bucket 配置它。,启用 S3 Transfer Acceleration 并在上传文件时使用加速端点。,nan,nan,"一家公司 需要 每天 上传 数百兆字节 的 文件。  
该公司 需要 实现 更高 的 吞吐量 和 上传 速度 到 Amazon S3。  
SysOps 管理员 应该 采取 什么 行动 以 满足 这个 需求？"
80,"A SysOps administrator maintains the security and compliance of a company's AWS account. To ensure the company's Amazon EC2 instances are following company policy, a SysOps administrator wants to terminate any EC2 instance that do not contain a department tag. Noncompliant resources must be terminated in near-real time. Which solution will meet these requirements?",A,Create an AWS Config rule with the required-tags managed rule to identify noncompliant resources. Configure automatic remediation to run the AWS- TerminateEC2Instance automation document to terminate noncompliant resources.,Create a new Amazon EventBridge (Amazon CloudWatch Events) rule to monitor when new EC2 instances are created. Send the event to a Simple Notification Service (Amazon SNS) topic for automatic remediation.,Ensure all users who can create EC2 instances also have the permissions to use the ec2:CreateTags and ec2:DescribeTags actions. Change the instance's shutdown behavior to terminate.,Ensure AWS Systems Manager Compliance is configured to manage the EC2 instances. Call the AWS-StopEC2Instances automation document to stop noncompliant resources.,,,"一名 SysOps 管理员维护一家公司 AWS 账户的安全和合规性。  
为了确保公司的 Amazon EC2 实例遵循公司政策，  
一名 SysOps 管理员想要终止任何没有包含 department 标签的 EC2 实例。  
不合规的资源必须在近乎实时的时间内被终止。  
哪种解决方案将满足这些要求？",创建一个 AWS Config 规则，使用 required-tags 管理规则，以识别不合规资源。配置自动修复以运行 AWS- TerminateEC2Instance 自动化文档，以终止不合规资源。,创建 一个 新的 Amazon EventBridge (Amazon CloudWatch Events) 规则 以 监控 当 新 的 EC2 实例 被 创建 时。 发送 该 事件 到 一个 Simple Notification Service (Amazon SNS) 主题 以 实现 自动 修复。,确保所有能够创建 EC2 实例的用户也拥有使用 ec2:CreateTags 和 ec2:DescribeTags 操作的权限。 改变实例的关闭行为为终止。,确保 AWS Systems Manager Compliance 被配置以管理 EC2 实例。调用 AWS-StopEC2Instances 自动化文档以停止不合规资源。,nan,nan,"一名 SysOps 管理员维护一家公司 AWS 账户的安全和合规性。  
为了确保公司的 Amazon EC2 实例遵循公司政策，  
一名 SysOps 管理员想要终止任何没有包含 department 标签的 EC2 实例。  
不合规的资源必须在近乎实时的时间内被终止。  
哪种解决方案将满足这些要求？"
81,"A company uploaded its website files to an Amazon S3 bucket that has S3 Versioning enabled. The company uses an Amazon CloudFront distribution with the S3 bucket as the origin. The company recently modified the files, but the object names remained the same. Users report that old content is still appearing on the website. How should a SysOps administrator remediate this issue?",A,"Create a CloudFront invalidation, and add the path of the updated files.",Create a CloudFront signed URL to update each object immediately.,Configure an S3 origin access identity (OAI) to display only the updated files to users.,Disable S3 Versioning on the S3 bucket so that the updated files can replace the old files.,,,"一家公司将其网站文件上传到启用了 S3 Versioning 的 Amazon S3 bucket。  
The company uses an Amazon CloudFront distribution with the S3 bucket as the origin。  
该公司最近修改了文件，但对象名称保持不变。  
The company recently modified the files, but the object names remained the same。  
用户报告旧内容仍然出现在网站上。  
Users report that old content is still appearing on the website。  
SysOps 管理员应如何解决此问题？  
How should a SysOps administrator remediate this issue？",创建一个 CloudFront 无效化，且添加已更新文件的路径。,创建 一个 CloudFront 签名 URL 以 立即 更新 每个 对象 。,配置一个 S3 origin access identity (OAI) 以显示仅更新的文件给用户。,在 S3 桶上禁用 S3 Versioning，以便更新的文件可以替换旧的文件。,nan,nan,"一家公司将其网站文件上传到启用了 S3 Versioning 的 Amazon S3 bucket。  
The company uses an Amazon CloudFront distribution with the S3 bucket as the origin。  
该公司最近修改了文件，但对象名称保持不变。  
The company recently modified the files, but the object names remained the same。  
用户报告旧内容仍然出现在网站上。  
Users report that old content is still appearing on the website。  
SysOps 管理员应如何解决此问题？  
How should a SysOps administrator remediate this issue？"
82,A company has two VPC networks named VPC A and VPC B. The VPC A CIDR block is 10.0.0.0/16 and the VPC B CIDR block is 172.31.0.0/16. The company wants to establish a VPC peering connection named pcx-12345 between both VPCs. Which rules should appear in the route table of VPC A after configuration? (Choose two.),AD,"Destination: 10.0.0.0/16, Target: Local","Destination: 172.31.0.0/16, Target: Local","Destination: 10.0.0.0/16, Target: pcx-12345","Destination: 172.31.0.0/16, Target: pcx-12345","Destination: 10.0.0.0/16, Target: 172.31.0.0/16",,"一家公司有两个 VPC 网络，名为 VPC A 和 VPC B。  
The VPC A CIDR block 是 10.0.0.0/16 和 VPC B CIDR block 是 172.31.0.0/16。  
该公司想要建立一个 VPC peering 连接，名为 pcx-12345，连接两个 VPC。  
在配置之后，VPC A 的路由表中应该出现哪些规则？（选择两个。）",目的地：10.0.0.0/16，目标：本地,目的地：172.31.0.0/16，目标：本地,目的地：10.0.0.0/16，目标：pcx-12345,目的地：172.31.0.0/16，目标：pcx-12345,目的地：10.0.0.0/16，目标：172.31.0.0/16,nan,"一家公司有两个 VPC 网络，名为 VPC A 和 VPC B。  
The VPC A CIDR block 是 10.0.0.0/16 和 VPC B CIDR block 是 172.31.0.0/16。  
该公司想要建立一个 VPC peering 连接，名为 pcx-12345，连接两个 VPC。  
在配置之后，VPC A 的路由表中应该出现哪些规则？（选择两个。）"
83,"A company analyzes sales data for its customers. Customers upload files to one of the company's Amazon S3 buckets, and a message is posted to an Amazon Simple Queue Service (Amazon SQS) queue that contains the object Amazon Resource Name (ARN). An application that runs on an Amazon EC2 instance polls the queue and processes the messages. The processing time depends on the size of the file. Customers are reporting delays in the processing of their files. A SysOps administrator decides to configure Amazon EC2 Auto Scaling as the first step. The SysOps administrator creates an Amazon Machine Image (AMI) that is based on the existing EC2 instance. The SysOps administrator also creates a launch template that references the AMI. How should the SysOps administrator configure the Auto Scaling policy to improve the response time?",D,Add several different instance sizes in the launch template. Create an Auto Scaling policy based on the ApproximateNumberOfMessagesVisible metric to select the size of the instance based on the number of messages in the queue.,Create an Auto Scaling policy based on the ApproximateNumberOfMessagesDelayed metric to scale the number of instances based on the number of messages in the queue that have been delayed.,Create a custom metric based on the ASGAverageCPUUtilization metric and the GroupPendingInstances metric from the Auto Scaling group. Modify the application to calculate the metric and post the metric to Amazon CloudWatch once each minute. Create an Auto Scaling policy based on this metric to scale the number of instances.,Create a custom metric based on the ApproximateNumberOfMessagesVisible metric and the number of instances in the InService state in the Auto Scaling group. Modify the application to calculate the metric and post the metric to Amazon CloudWatch once each minute. Create an Auto Scaling policy based on this metric to scale the number of instances.,,,"一家公司分析其客户的销售数据。  
Customers 上传文件到 公司的 Amazon S3 桶之一，  
and 一个消息被发布到 一个 Amazon Simple Queue Service (Amazon SQS) 队列，  
that 包含对象 Amazon Resource Name (ARN)。  
一个 运行在 Amazon EC2 实例上的应用程序轮询 队列并处理 消息。  
The 处理时间 取决于 文件的大小。  
Customers 正在报告 他们文件处理的 延迟。  
A SysOps administrator 决定 配置 Amazon EC2 Auto Scaling 作为 第一 步。  
The SysOps administrator 创建 一个 Amazon Machine Image (AMI)，  
that 基于 现有的 EC2 实例。  
The SysOps administrator 也 创建 一个 引用 AMI 的 启动模板。  
How 应该 SysOps administrator 配置 Auto Scaling 策略 以 改善 响应时间？",在启动模板中添加几种不同的实例大小。基于 ApproximateNumberOfMessagesVisible 指标创建一个 Auto Scaling 策略，以根据队列中的消息数量选择实例的大小。,根据 ApproximateNumberOfMessagesDelayed 指标创建一个自动扩展策略，以根据队列中已延迟的消息数量来扩展实例的数量。,"基于 ASGAverageCPUUtilization 指标和 Auto Scaling 组中的 GroupPendingInstances 指标创建一个自定义指标。  
修改应用程序以计算该指标并每分钟将该指标发布到 Amazon CloudWatch。  
基于此指标创建一个 Auto Scaling 策略以调整实例的数量。","根据 ApproximateNumberOfMessagesVisible 指标和 Auto Scaling 组中处于 InService 状态的实例数量，创建一个自定义指标。  
修改应用程序以计算该指标，并每分钟将指标发布到 Amazon CloudWatch。  
基于此指标创建一个 Auto Scaling 策略，以调整实例的数量。",nan,nan,"一家公司分析其客户的销售数据。  
Customers 上传文件到 公司的 Amazon S3 桶之一，  
and 一个消息被发布到 一个 Amazon Simple Queue Service (Amazon SQS) 队列，  
that 包含对象 Amazon Resource Name (ARN)。  
一个 运行在 Amazon EC2 实例上的应用程序轮询 队列并处理 消息。  
The 处理时间 取决于 文件的大小。  
Customers 正在报告 他们文件处理的 延迟。  
A SysOps administrator 决定 配置 Amazon EC2 Auto Scaling 作为 第一 步。  
The SysOps administrator 创建 一个 Amazon Machine Image (AMI)，  
that 基于 现有的 EC2 实例。  
The SysOps administrator 也 创建 一个 引用 AMI 的 启动模板。  
How 应该 SysOps administrator 配置 Auto Scaling 策略 以 改善 响应时间？"
84,A company runs a multi-tier web application with two Amazon EC2 instances in one Availability Zone in the us-east-1 Region. A SysOps administrator must migrate one of the EC2 instances to a new Availability Zone. Which solution will accomplish this?,B,Copy the EC2 instance to a different Availability Zone. Terminate the original instance.,Create an Amazon Machine Image (AMI) from the EC2 instance and launch it in a different Availability Zone. Terminate the original instance.,Move the EC2 instance to a different Availability Zone using the AWS CLI.,"Stop the EC2 instance, modify the Availability Zone, and start the instance.",,,一家公司在 us-east-1 区域的一个可用区中运行一个多层 web 应用程序，拥有两个 Amazon EC2 实例。 一个 SysOps 管理员必须将其中一个 EC2 实例迁移到一个新的可用区。 哪个解决方案可以完成此任务？,将 EC2 实例复制到不同的 Availability Zone。 终止 原始实例。,从 EC2 实例创建一个 Amazon Machine Image (AMI)，并在不同的 Availability Zone 中启动它。终止原始实例。,使用 AWS CLI 将 EC2 实例移动到不同的 Availability Zone。,停止 EC2 实例，修改 Availability Zone，和启动 实例。,nan,nan,"一家公司在 us-east-1 区域的一个可用区中运行一个多层 web 应用程序，拥有两个 Amazon EC2 实例。  
一个 SysOps 管理员必须将其中一个 EC2 实例迁移到一个新的可用区。  
哪个解决方案可以完成此任务？"
85,"A company is expanding its fleet of Amazon EC2 instances before an expected increase of traffic. When a SysOps administrator attempts to add more instances, an InstanceLimitExceeded error is returned. What should the SysOps administrator do to resolve this error?",D,Add an additional CIDR block to the VPC.,Launch the EC2 instances in a different Availability Zone.,Launch new EC2 instances in another VPC.,Use Service Quotas to request an EC2 quota increase.,,,一家公司正在扩展其 Amazon EC2 实例的舰队， 在预期的流量增加之前。 当一名 SysOps 管理员试图添加更多实例时， 返回了 InstanceLimitExceeded 错误。 管理员应该做什么以解决这个错误？,向 VPC 添加一个额外的 CIDR 块。,在不同的 Availability Zone 启动 EC2 实例。,在另一个 VPC 中启动新的 EC2 实例。,使用 Service Quotas 来请求 EC2 配额增加。,nan,nan,"一家公司正在扩展其 Amazon EC2 实例的舰队， 在预期的流量增加之前。  
当一名 SysOps 管理员试图添加更多实例时， 返回了 InstanceLimitExceeded 错误。  
管理员应该做什么以解决这个错误？"
86,A company wants to prohibit its developers from using a particular family of Amazon EC2 instances. The company uses AWS Organizations and wants to apply the restriction across multiple accounts. What is the MOST operationally efficient way for the company to apply service control policies (SCPs) to meet these requirements?,A,Add the accounts to an organizational unit (OU). Apply the SCPs to the OU.,Add the accounts to resource groups in AWS Resource Groups. Apply the SCPs to the resource groups.,Apply the SCPs to each developer account,Enroll the accounts with AWS Control Tower. Apply the SCPs to the AWS Control Tower management account.,,,"一家公司想要禁止其开发人员使用特定系列的 Amazon EC2 实例。  
The company 使用 AWS Organizations 并且想要在多个账户中应用限制。  
What 是 最 运营上 最 高效 的 方法 为 了 这家公司 应用 服务控制策略（SCPs） 以 满足 这些 要求？",将账户添加到组织单元（OU）。将 SCPs 应用到 OU。,将账户添加到 AWS Resource Groups 中的资源组。将 SCPs 应用到资源组。,将 SCPs 应用到 每个 开发者 账户,用 AWS Control Tower 注册账户。将 SCPs 应用到 AWS Control Tower 管理账户。,nan,nan,"一家公司想要禁止其开发人员使用特定系列的 Amazon EC2 实例。  
The company 使用 AWS Organizations 并且想要在多个账户中应用限制。  
What 是 最 运营上 最 高效 的 方法 为 了 这家公司 应用 服务控制策略（SCPs） 以 满足 这些 要求？"
87,An application is running on an Amazon EC2 instance in a VPC with the default DHCP option set. The application connects to an on-premises Microsoft SQL Server database with the DNS name mssql.example.com. The application is unable to resolve the database DNS name. Which solution will fix this problem?,C,Create an Amazon Route 53 Resolver inbound endpoint. Add a forwarding rule for the domain example.com. Associate the forwarding rule with the VPC.,Create an Amazon Route 53 Resolver inbound endpoint. Add a system rule for the domain example.com. Associate the system rule with the VPC.,Create an Amazon Route 53 Resolver outbound endpoint. Add a forwarding rule for the domain example.com. Associate the forwarding rule with the VPC.,Create an Amazon Route 53 Resolver outbound endpoint. Add a system rule for the domain example.com. Associate the system rule with the VPC.,,,"一个应用程序正在在一个 VPC 中的 Amazon EC2 实例上运行，使用默认的 DHCP 选项集。  
该应用程序连接到一个本地的 Microsoft SQL Server 数据库，DNS 名称为 mssql.example.com。  
该应用程序无法解析数据库的 DNS 名称。  
哪种解决方案将解决这个问题？",创建一个 Amazon Route 53 Resolver 入站端点。添加一个转发规则用于域名 example.com。将转发规则与 VPC 关联。,创建一个 Amazon Route 53 Resolver 入站端点。添加一个系统规则用于域名 example.com。将系统规则与 VPC 关联。,创建一个 Amazon Route 53 Resolver 出站端点。添加一个转发规则用于域名 example.com。将转发规则与 VPC 关联。,创建一个 Amazon Route 53 Resolver 出站端点。添加一个系统规则用于域名 example.com。将系统规则与 VPC 关联。,nan,nan,"一个应用程序正在在一个 VPC 中的 Amazon EC2 实例上运行，使用默认的 DHCP 选项集。  
The application is running on an Amazon EC2 instance in a VPC, using the default DHCP options set.  
该应用程序连接到一个本地的 Microsoft SQL Server 数据库，DNS 名称为 mssql.example.com。  
The application connects to a on-premises Microsoft SQL Server database, with DNS name as mssql.example.com.  
该应用程序无法解析数据库的 DNS 名称。  
The application cannot resolve the database's DNS name.  
哪种解决方案将解决这个问题？  
Which solution will resolve this issue?"
88,"A company's application is hosted by an internet provider at app.example.com. The company wants to access the application by using www.company.com, which the company owns and manages with Amazon Route 53. Which Route 53 record should be created to address this?",C,A record,Alias record,CNAME record,Pointer (PTR) record,,,"一家公司 的 应用程序 被 托管 在 一个 互联网 提供商 的 app.example.com 上。  
这家公司 想要 通过 使用 www.company.com 访问 这个 应用程序，  
这个 域名 是 这家公司 拥有 并 通过 Amazon Route 53 管理 的。  
应该 创建 哪个 Route 53 记录 来 解决 这个 问题？",A 记录,别名记录,CNAME 记录,Pointer (PTR) 记录,nan,nan,"一家公司 的 应用程序 被 托管 在 一个 互联网 提供商 的 app.example.com 上。  
这家公司 想要 通过 使用 www.company.com 访问 这个 应用程序，  
这个 域名 是 这家公司 拥有 并 通过 Amazon Route 53 管理 的。  
应该 创建 哪个 Route 53 记录 来 解决 这个 问题？"
89,A company expanded its web application to serve a worldwide audience. A SysOps administrator has implemented a multi-Region AWS deployment for all production infrastructure. The SysOps administrator must route traffic based on the location of resources. Which Amazon Route 53 routing policy should the SysOps administrator use to meet this requirement?,B,Geolocation routing policy,Geoproximity routing policy,Latency-based routing policy,Multivalue answer routing policy,,,"一家公司将其 web application 扩展到服务全球观众。  
一名 SysOps administrator 已经实现了一个 multi-Region AWS 部署，用于所有生产基础设施。  
这名 SysOps administrator 必须根据资源的位置路由流量。  
哪个 Amazon Route 53 路由策略应该由这名 SysOps administrator 使用以满足这个需求？",地理位置路由策略,Geoproximity 路由策略,基于延迟的路由策略,多值答案路由策略,nan,nan,"一家公司将其 web application 扩展到服务全球观众。  
One company has expanded its web application to serve a global audience.  
一名 SysOps administrator 已经实现了一个 multi-Region AWS 部署，用于所有生产基础设施。  
A SysOps administrator has implemented a multi-Region AWS deployment for all production infrastructure.  
这名 SysOps administrator 必须根据资源的位置路由流量。  
This SysOps administrator must route traffic based on the location of the resources.  
哪个 Amazon Route 53 路由策略应该由这名 SysOps administrator 使用以满足这个需求？  
Which Amazon Route 53 routing policy should this SysOps administrator use to meet this requirement?"
90,A SysOps administrator wants to upload a file that is 1 TB in size from on-premises to an Amazon S3 bucket using multipart uploads. What should the SysOps administrator do to meet this requirement?,D,Upload the file using the S3 console.,Use the s3api copy-object command.,Use the s3api put-object command.,Use the s3 cp command,,,"一名 SysOps 管理员想要上传一个大小为 1 TB 的文件，从本地到一个 Amazon S3 桶，使用 multipart uploads。  
SysOps 管理员应该做什么以满足这个要求？",使用 S3 控制台上传 文件。,使用 the s3api copy-object 命令。,使用 the s3api put-object 命令。,使用 the s3 cp 命令,nan,nan,"一名 SysOps 管理员想要上传一个大小为 1 TB 的文件，从本地到一个 Amazon S3 桶，使用 multipart uploads。  
SysOps 管理员应该做什么以满足这个要求？"
91,An application team is working with a SysOps administrator to define Amazon CloudWatch alarms for an application. The application team does not know the application's expected usage or expected growth. Which solution should the SysOps administrator recommend?,A,Create CloudWatch alarms that are based on anomaly detection.,Create CloudWatch alarms by using a set of composite alarms.,Create CloudWatch alarms by using static thresholds.,Create CloudWatch alarms that treat missing data as breaching.,,,"一个应用团队正在与一个 SysOps 管理员合作，为一个应用定义 Amazon CloudWatch 警报。  
The application team does not know the application's expected usage or expected growth.  
应用团队不知道应用的预期使用或预期增长。  
Which solution should the SysOps administrator recommend?  
SysOps 管理员应该推荐哪种解决方案？",创建 CloudWatch 警报，这些是基于 anomaly detection。,使用一组复合报警创建 CloudWatch alarms。,使用静态阈值创建 CloudWatch 警报。,创建 CloudWatch 警报， 将缺失数据视为违反。,nan,nan,"一个应用团队正在与一个 SysOps 管理员合作，为一个应用定义 Amazon CloudWatch 警报。  
The application team does not know the application's expected usage or expected growth.  
应用团队不知道应用的预期使用或预期增长。  
Which solution should the SysOps administrator recommend?  
SysOps 管理员应该推荐哪种解决方案？"
92,A company runs a stateless application that is hosted on an Amazon EC2 instance. Users are reporting performance issues. A SysOps administrator reviews the Amazon CloudWatch metrics for the application and notices that the instance's CPU utilization frequently reaches 90% during business hours. What is the MOST operationally efficient solution that will improve the application's responsiveness?,C,Configure CloudWatch logging on the EC2 instance. Configure a CloudWatch alarm for CPU utilization to alert the SysOps administrator when CPU utilization goes above 90%.,Configure an AWS Client VPN connection to allow the application users to connect directly to the EC2 instance private IP address to reduce latency.,"Create an Auto Scaling group, and assign it to an Application Load Balancer. Configure a target tracking scaling policy that is based on the average CPU utilization of the Auto Scaling group.",Create a CloudWatch alarm that activates when the EC2 instance's CPU utilization goes above 80%. Configure the alarm to invoke an AWS Lambda function that vertically scales the instance.,,,一家公司运行一个无状态的应用程序，该应用程序托管在一个 Amazon EC2 实例上。用户报告性能问题。一名 SysOps 管理员审查该应用程序的 Amazon CloudWatch 指标，并注意到该实例的 CPU 利用率在工作时间经常达到 90%。什么是最具操作效率的解决方案，能够改善该应用程序的响应速度？,在 EC2 实例上配置 CloudWatch 日志记录。为 CPU 利用率配置一个 CloudWatch 警报，当 CPU 利用率超过 90% 时提醒 SysOps 管理员。,配置一个 AWS Client VPN 连接，以允许应用程序用户直接连接到 EC2 实例私有 IP 地址，以减少延迟。,创建一个 Auto Scaling group，和分配它到一个 Application Load Balancer。配置一个 target tracking scaling policy，那是基于 Auto Scaling group 的平均 CPU utilization。,"创建一个 CloudWatch 警报，当 EC2 实例的 CPU 利用率超过 80% 时激活。  
配置该警报以调用一个 AWS Lambda 函数，该函数对实例进行垂直扩展。",nan,nan,一家公司运行一个无状态的应用程序，该应用程序托管在一个 Amazon EC2 实例上。用户报告性能问题。一名 SysOps 管理员审查该应用程序的 Amazon CloudWatch 指标，并注意到该实例的 CPU 利用率在工作时间经常达到 90%。什么是最具操作效率的解决方案，能够改善该应用程序的响应速度？
93,"An ecommerce company uses an Amazon ElastiCache for Memcached cluster for in-memory caching of popular product queries on the shopping site. When viewing recent Amazon CloudWatch metrics data for the ElastiCache cluster, the SysOps administrator notices a large number of evictions. Which of the following actions will reduce these evictions? (Choose two.)",AC,Add an additional node to the ElastiCache cluster.,Increase the ElastiCache time to live (TTL).,Increase the individual node size inside the ElastiCache cluster.,Put an Elastic Load Balancer in front of the ElastiCache cluster.,Use Amazon Simple Queue Service (Amazon SQS) to decouple the ElastiCache cluster.,,"一家电子商务公司使用 Amazon ElastiCache for Memcached 集群，用于在购物网站上对热门产品查询进行内存缓存。  
当查看 Amazon CloudWatch 指标数据的 ElastiCache 集群的最近数据时，SysOps 管理员注意到大量的 eviction。  
以下哪些操作将减少这些 eviction？（选择两个。）",向 ElastiCache 集群添加一个额外的节点。,增加 ElastiCache 的存活时间（TTL）。,增加 ElastiCache 集群内单个节点的大小。,在 ElastiCache 集群 前面 放置 一个 Elastic Load Balancer 。,使用 Amazon Simple Queue Service (Amazon SQS) 来解耦 ElastiCache 集群。,nan,"一家电子商务公司使用 Amazon ElastiCache for Memcached 集群，用于在购物网站上对热门产品查询进行内存缓存。  
当查看 Amazon CloudWatch 指标数据的 ElastiCache 集群的最近数据时，SysOps 管理员注意到大量的 eviction。  
以下哪些操作将减少这些 eviction？（选择两个。）"
94,A SysOps administrator wants to provide access to AWS services by attaching an IAM policy to multiple IAM users. The SysOps administrator also wants to be able to change the policy and create new versions. Which combination of actions will meet these requirements? (Choose two.),BD,Add the users to an IAM service-linked role. Attach the policy to the role.,Add the users to an IAM user group. Attach the policy to the group.,Create an AWS managed policy.,Create a customer managed policy.,Create an inline policy.,,"一名 SysOps 管理员想要通过将 IAM policy 附加到多个 IAM 用户来提供对 AWS services 的访问权限。  
The SysOps administrator also wants to be able to change the policy and create new versions.  
哪个组合的 actions 将满足这些 requirements？（选择两个。）",将用户添加到一个 IAM service-linked role 中。附加策略到该角色。,将用户添加到一个 IAM 用户组。 附加策略到该组。,创建 一个 AWS 管理的 策略。,创建 一个 客户 管理 政策。,创建 一个 inline 政策。,nan,"一名 SysOps 管理员想要通过将 IAM policy 附加到多个 IAM 用户来提供对 AWS services 的访问权限。  
The SysOps administrator also wants to be able to change the policy and create new versions.  
哪个组合的 actions 将满足这些 requirements？（选择两个。）"
95,A company stores critical data in Amazon S3 buckets. A SysOps administrator must build a solution to record all S3 API activity. Which action will meet this requirement?,B,Configure S3 bucket metrics to record object access logs.,Create an AWS CloudTrail trail to log data events for all S3 objects.,Enable S3 server access logging for each S3 bucket.,Use AWS IAM Access Analyzer for Amazon S3 to store object access logs.,,,一家公司将关键数据存储在 Amazon S3 桶中。 一名 SysOps 管理员必须构建一个解决方案以记录所有 S3 API 活动。 哪个操作将满足这个要求？,配置 S3 bucket 指标 以 记录 对象 访问 日志。,创建一个 AWS CloudTrail 追踪以记录所有 S3 对象的数据事件。,为每个 S3 bucket 启用 S3 服务器访问日志记录。,使用 AWS IAM Access Analyzer 用于 Amazon S3 来存储 对象 访问 日志。,nan,nan,"一家公司将关键数据存储在 Amazon S3 桶中。  
一家公司将关键数据存储在 Amazon S3 桶中。  
一名 SysOps 管理员必须构建一个解决方案以记录所有 S3 API 活动。  
一名 SysOps 管理员必须构建一个解决方案以记录所有 S3 API 活动。  
哪个操作将满足这个要求？  
哪个操作将满足这个要求？"
96,A company runs an application that uses a MySQL database on an Amazon EC2 instance. The EC2 instance has a General Purpose SSD Amazon Elastic Block Store (Amazon EBS) volume. The company made changes to the application code and now wants to perform load testing to evaluate the impact of the code changes. A SysOps administrator must create a new MySQL instance from a snapshot of the existing production instance. This new instance needs to perform as similarly as possible to the production instance. Which restore option meets these requirements?,A,Use EBS fast snapshot restore to create a new General Purpose SSD EBS volume from the production snapshot.,Use EBS fast snapshot restore to create a new Provisioned IOPS SSD EBS volume from the production snapshot.,Use EBS snapshot restore to create a new General Purpose SSD EBS volume from the production snapshot.,Use EBS snapshot restore to create a new Provisioned IOPS SSD EBS volume from the production snapshot.,,,"一家公司运行一个应用程序，使用一个 MySQL 数据库在一个 Amazon EC2 实例上。  
该 EC2 实例有一个 General Purpose SSD Amazon Elastic Block Store (Amazon EBS) 卷。  
该公司对应用程序代码进行了更改，现在想要执行负载测试以评估代码更改的影响。  
一个 SysOps 管理员必须从现有生产实例的快照创建一个新的 MySQL 实例。  
这个新实例需要尽可能地与生产实例表现得相似。  
哪种还原选项满足这些要求？",使用 EBS 快速快照还原 来 创建 一个 新的 通用型 SSD EBS 卷 从 生产 快照。,使用 EBS 快速快照还原 来 创建 一个 新的 Provisioned IOPS SSD EBS 卷 从 生产 快照。,使用 EBS snapshot restore 来创建 一个 新的 通用 目的 SSD EBS 卷 从 生产 快照。,使用 EBS snapshot restore 来创建 一个 新的 Provisioned IOPS SSD EBS 卷 从 生产快照。,nan,nan,"一家公司运行一个应用程序，使用一个 MySQL 数据库在一个 Amazon EC2 实例上。  
该 EC2 实例有一个 General Purpose SSD Amazon Elastic Block Store (Amazon EBS) 卷。  
该公司对应用程序代码进行了更改，现在想要执行负载测试以评估代码更改的影响。  
一个 SysOps 管理员必须从现有生产实例的快照创建一个新的 MySQL 实例。  
这个新实例需要尽可能地与生产实例表现得相似。  
哪种还原选项满足这些要求？"
97,A team of on-call engineers frequently needs to connect to Amazon EC2 instances in a private subnet to troubleshoot and run commands. The instances use either the latest AWS-provided Windows Amazon Machine Images (AMIs) or Amazon Linux AMIs. The team has an existing 1AM role for authorization. A SysOps administrator must provide the team with access to the instances by granting IAM permissions to this role. Which solution will meet this requirement?,A,Add a statement to the 1AM role policy to allow the ssm:StartSession action on the instances. Instruct the team to use AWS Systems Manager Session Manager to connect to the instances by using the assumed IAM role.,Associate an Elastic IP address and a security group with each instance. Add the engineers' IP addresses to the security group inbound rules. Add a statement to the IAM role policy to allow the ec2:AuthorizeSecurityGrouplngress action so that the team can connect to the instances.,"Create a bastion host with an EC2 instance, and associate the bastion host with the VPC. Add a statement to the 1AM role policy to allow the ec2:CreateVpnConnection action on the bastion host. Instruct the team to use the bastion host endpoint to connect to the instances.",Create an internet-facing Network Load Balancer. Use two listeners. Forward port 22 to a target group of Linux instances. Forward port 3389 to a target group of Windows instances. Add a statement to the IAM role policy to allow the ec2:CreateRoute action so that the team can connect to the instances.,,,"一支值班工程师团队经常需要连接到 Amazon EC2 实例在一个私有子网，以进行故障排除和运行命令。  
这些实例使用要么是最新的 AWS 提供的 Windows Amazon Machine Images (AMIs)，要么是 Amazon Linux AMIs。  
这个团队已经拥有一个 1AM 角色用于授权。  
一名 SysOps 管理员必须通过授予 IAM 权限给这个角色，为团队提供对实例的访问权限。  
哪种解决方案将满足这个要求？",在 1AM 角色策略中添加一条声明，以允许 ssm:StartSession 操作在实例上。指示团队使用 AWS Systems Manager Session Manager 通过使用假定的 IAM 角色连接到实例。,"将 Elastic IP 地址和安全组与每个实例关联。  
将工程师的 IP 地址添加到安全组入站规则。  
在 IAM 角色策略中添加一条语句，以允许 ec2:AuthorizeSecurityGrouplngress 操作，以便团队可以连接到实例。",创建一个 bastion host 与一个 EC2 instance，和关联 bastion host 与 VPC。添加一条语句到 1AM role policy 以允许 ec2:CreateVpnConnection 行动在 bastion host 上。指示团队使用 bastion host endpoint 连接到实例。,创建一个面向互联网的 Network Load Balancer。使用两个监听器。将端口 22 转发到 Linux 实例的目标组。将端口 3389 转发到 Windows 实例的目标组。向 IAM 角色策略添加一条语句，以允许 ec2:CreateRoute 操作，以便团队可以连接到实例。,nan,nan,"一支值班工程师团队经常需要连接到 Amazon EC2 实例在一个私有子网，以进行故障排除和运行命令。  
These instances use either the latest AWS provided Windows Amazon Machine Images (AMIs), or Amazon Linux AMIs。  
这个团队已经拥有一个 1AM 角色用于授权。  
A SysOps 管理员必须通过授予 IAM 权限给这个角色，为团队提供对实例的访问权限。  
哪种解决方案将满足这个要求？"
98,"A company needs to ensure strict adherence to a budget for 25 applications deployed on AWS. Separate teams are responsible for storage, compute, and database costs. A SysOps administrator must implement an automated solution to alert each team when their projected spend will exceed a quarterly amount that has been set by the finance department. The solution cannot incur additional compute, storage, or database costs. Which solution will meet these requirements?",D,Configure AWS Cost and Usage Reports to send a daily report to an Amazon S3 bucket. Create an AWS Lambda function that will evaluate spend by service and notify each team by using Amazon Simple Notification Service (Amazon SNS) notifications. Invoke the Lambda function when a report is placed in the S3 bucket.,Configure AWS Cost and Usage Reports to send a daily report to an Amazon S3 bucket. Create a rule in Amazon EventBridge (Amazon CloudWatch Events) to evaluate the spend by service and notify each team by using Amazon Simple Queue Service (Amazon SQS) when the cost threshold is exceeded.,Use AWS Budgets to create one cost budget and select each of the services in use. Specify the budget amount defined by the finance department along with the forecasted cost threshold. Enter the appropriate email recipients for the budget.,"Use AWS Budgets to create a cost budget for each team, filtering by the services they own. Specify the budget amount defined by the finance department along with a forecasted cost threshold. Enter the appropriate email recipients for each budget.",,,"一家公司需要确保严格遵守预算，用于在 AWS 上部署的 25 个应用程序。  
不同的团队负责存储、计算和数据库成本。  
一名 SysOps 管理员必须实施一个自动化解决方案，以在每个团队的预计支出将超过由财务部门设定的季度金额时发出警报。  
该解决方案不能产生额外的计算、存储或数据库成本。  
哪种解决方案能够满足这些要求？",配置 AWS Cost and Usage Reports 以发送每日报告到一个 Amazon S3 bucket。创建一个 AWS Lambda function ，它将通过使用 Amazon Simple Notification Service (Amazon SNS) 通知来评估按服务的支出并通知每个团队。 当报告被放置在 S3 bucket 时，调用该 Lambda function 。,"配置 AWS Cost and Usage Reports 以每天发送一份报告到一个 Amazon S3 bucket。  
创建一个规则在 Amazon EventBridge (Amazon CloudWatch Events) 中以评估按服务的支出并通知每个团队通过使用 Amazon Simple Queue Service (Amazon SQS) 当成本阈值被超过时。",使用 AWS Budgets 来创建 一个 成本 预算 并 选择 每个 使用 的 服务。 指定 由 财务 部门 定义 的 预算 金额 以及 预测 的 成本 阈值。 输入 适当 的 电子邮件 收件人 用于 该 预算。,"使用 AWS Budgets 来为每个团队创建一个成本预算，按他们拥有的服务进行过滤。  
指定由财务部门定义的预算金额以及一个预测的成本阈值。  
为每个预算输入适当的电子邮件收件人。",nan,nan,"一家公司需要确保严格遵守预算，用于在 AWS 上部署的 25 个应用程序。  
不同的团队负责存储、计算和数据库成本。  
一名 SysOps 管理员必须实施一个自动化解决方案，以在每个团队的预计支出将超过由财务部门设定的季度金额时发出警报。  
该解决方案不能产生额外的计算、存储或数据库成本。  
哪种解决方案能够满足这些要求？"
99,"A company hosts a static website on Amazon S3. An Amazon CloudFront distribution presents this site to global users. The company uses the Managed- CachingDisabled CloudFront cache policy. The company's developers confirm that they frequently update a file in Amazon S3 with new information. Users report that the website presents correct information when the website first loads the file. However, the users' browsers do not retrieve the updated file after a refresh. What should a SysOps administrator recommend to fix this issue?",A,Add a Cache-Control header field with max-age=0 to the S3 object.,Change the CloudFront cache policy to Managed-CachingOptimized.,Disable bucket versioning in the S3 bucket configuration.,Enable content compression in the CloudFront configuration.,,,一家公司在 Amazon S3 上托管一个静态网站。一个 Amazon CloudFront 分发将这个网站呈现给全球用户。这家公司使用了 Managed- CachingDisabled CloudFront 缓存策略。这家公司的开发人员确认他们经常在 Amazon S3 中更新一个文件，带有新信息。用户报告说，当网站第一次加载文件时，网站显示正确的信息。 然而，用户的浏览器在刷新后没有检索到更新的文件。 SysOps 管理员应该建议采取什么措施来解决这个问题？,在 S3 对象中添加一个 Cache-Control 头字段，值为 max-age=0。,将 改变 the CloudFront 缓存 政策 到 Managed-CachingOptimized。,在 S3 bucket 配置中 禁用 bucket 版本控制。,在 CloudFront 配置中启用内容压缩。,nan,nan,"一家公司在 Amazon S3 上托管一个静态网站。  
One company hosts a static website on Amazon S3.  

一个 Amazon CloudFront 分发将这个网站呈现给全球用户。  
An Amazon CloudFront distribution delivers this website to global users.  

这家公司使用了 Managed- CachingDisabled CloudFront 缓存策略。  
This company uses a Managed- CachingDisabled CloudFront cache policy.  

这家公司的开发人员确认他们经常在 Amazon S3 中更新一个文件，带有新信息。  
The company's developers confirm that they often update a file in Amazon S3 with new information.  

用户报告说，当网站第一次加载文件时，网站显示正确的信息。  
Users report that when the website first loads the file, the website displays correct information.  

然而，用户的浏览器在刷新后没有检索到更新的文件。  
However, the users' browsers do not retrieve the updated file after refresh.  

SysOps 管理员应该建议采取什么措施来解决这个问题？  
What measures should the SysOps administrator recommend to resolve this issue?"
100,"A company has a policy that requires all Amazon EC2 instances to have a specific set of tags. If an EC2 instance does not have the required tags, the noncompliant instance should be terminated. What is the MOST operationally efficient solution that meets these requirement?",D,Create an Amazon EventBridge (Amazon CloudWatch Events) rule to send all EC2 instance state changes to an AWS Lambda function to determine if each instance is compliant. Terminate any noncompliant instances.,"Create an IAM policy that enforces all EC2 instance tag requirements. If the required tags are not in place for an instance, the policy will terminate noncompliant instance.",Create an AWS Lambda function to determine if each EC2 instance is compliant and terminate an instance if it is noncompliant. Schedule the Lambda function to invoke every 5 minutes.,"Create an AWS Config rule to check if the required tags are present. If an EC2 instance is noncompliant, invoke an AWS Systems Manager Automation document to terminate the instance.",,,"一家公司有一项政策，要求所有 Amazon EC2 实例都必须具有一组特定的标签。  
如果一个 EC2 实例没有具有所需的标签，  
则该不合规的实例应该被终止。  
什么是满足这些要求的最具操作效率的解决方案？",创建一个 Amazon EventBridge (Amazon CloudWatch Events) 规则以将所有 EC2 实例状态变化发送到一个 AWS Lambda 函数，以确定每个实例是否合规。终止任何不合规的实例。,创建 一个 IAM 政策 ， 该 政策 强制 执行 所有 EC2 实例 标签 要求 。 如果 一个 实例 没有 满足 所需 标签 ， 该 政策 将 终止 不符合 要求 的 实例 。,创建一个 AWS Lambda 函数以确定每个 EC2 实例是否合规，并在其不合规时终止实例。安排 Lambda 函数每 5 分钟调用一次。,"创建一个 AWS Config 规则以检查是否存在所需的标签。  
如果一个 EC2 实例不合规，调用一个 AWS Systems Manager Automation 文档以终止该实例。",nan,nan,"一家公司有一项政策，要求所有 Amazon EC2 实例都必须具有一组特定的标签。  
如果一个 EC2 实例没有具有所需的标签，  
则该不合规的实例应该被终止。  
什么是满足这些要求的最具操作效率的解决方案？"
101,A SysOps administrator wants to manage a web server application with AWS Elastic Beanstalk. The Elastic Beanstalk service must maintain full capacity for new deployments at all times. Which deployment policies satisfy this requirement? (Choose two.),BE,All at once,Immutable,Rebuild,Rolling,Rolling with additional batch,,"一名 SysOps 管理员想要使用 AWS Elastic Beanstalk 管理一个 web 服务器应用程序。  
Elastic Beanstalk 服务必须始终保持对新部署的完全容量。  
哪些部署策略满足这个要求？（选择两个。）",全部同时,Immutable  不可变的,重建,滚动,滚动与额外批次,nan,"一名 SysOps 管理员想要使用 AWS Elastic Beanstalk 管理一个 web 服务器应用程序。  
Elastic Beanstalk 服务必须始终保持对新部署的完全容量。  
哪些部署策略满足这个要求？（选择两个。）"
102,A company has an Auto Scaling group of Amazon EC2 instances that scale based on average CPU utilization. The Auto Scaling group events log indicates an InsufficientInstanceCapacity error. Which actions should a SysOps administrator take to remediate this issue? (Choose two.),AB,Change the instance type that the company is using.,Configure the Auto Scaling group in different Availability Zones.,Configure the Auto Scaling group to use different Amazon Elastic Block Store (Amazon EBS) volume sizes.,Increase the maximum size of the Auto Scaling group.,Request an increase in the instance service quota.,,"一家公司拥有一个Auto Scaling组，包含Amazon EC2实例，基于平均CPU利用率进行扩展。  
Auto Scaling组事件日志显示一个InsufficientInstanceCapacity错误。  
SysOps管理员应采取哪些措施来解决此问题？（选择两个。）",更改 该 公司 正在 使用 的 实例 类型 。,在不同的 Availability Zones 中配置 Auto Scaling 组。,配置 自动扩展 组 以 使用 不同 的 Amazon Elastic Block Store (Amazon EBS) 卷 大小。,增加 Auto Scaling 组的最大大小。,请求 增加 实例 服务 配额。,nan,"一家公司拥有一个Auto Scaling组，包含Amazon EC2实例，基于平均CPU利用率进行扩展。  
Auto Scaling组事件日志显示一个InsufficientInstanceCapacity错误。  
SysOps管理员应采取哪些措施来解决此问题？（选择两个。）"
103,A SysOps administrator needs to control access to groups of Amazon EC2 instances using AWS Systems Manager Session Manager. Specific tags on the EC2 instances have already been added. Which additional actions should the administrator take to control access? (Choose two.),AE,Attach an IAM policy to the users or groups that require access to the EC2 instances.,Attach an IAM role to control access to the EC2 instances.,Create a placement group for the EC2 instances and add a specific tag.,Create a service account and attach it to the EC2 instances that need to be controlled.,Create an IAM policy that grants access to any EC2 instances with a tag specified in the Condition element.,,"一名 SysOps 管理员需要使用 AWS Systems Manager Session Manager 控制对一组 Amazon EC2 实例的访问。  
在 EC2 实例上已经添加了特定的标签。  
管理员应采取哪些额外的措施以控制访问？（选择两个。）",将一个 IAM 政策附加到需要访问 EC2 实例的用户或组。,附加 一个 IAM 角色 到 控制 访问 权限 到 EC2 实例。,为 EC2 实例创建一个 placement group，并添加一个特定的 tag。,创建 一个 服务 账户 并 将 它 附加 到 需要 被 控制 的 EC2 实例。,创建 一个 IAM 政策 ， 该 政策 授予 访问 权限 ， 访问 权限 适用于 任何 EC2 实例 ， 这些 实例 在 Condition 元素 中 指定 了 标签 。,nan,"一名 SysOps 管理员 需要 使用 AWS Systems Manager Session Manager 控制 对 一组 Amazon EC2 实例 的 访问。  
在 EC2 实例 上 已经 添加了 特定的 标签。  
管理员 应该 采取 哪些 额外的 措施 以 控制 访问？（选择 两个。）"
104,A company has an AWS Lambda function in Account A. The Lambda function needs to read the objects in an Amazon S3 bucket in Account B. A SysOps administrator must create corresponding IAM roles in both accounts. Which solution will meet these requirements?,A,"create a role that the function can assume to gain access to the S3 bucket. In Account B, create a Lambda execution role to assume the role in Account A.","In Account A, create a Lambda execution role that provides access to the S3 bucket. In Account B, create a role that the function can assume.","In Account A, create a role that the function can assume. In Account B, create a Lambda execution role that provides access to the S3 bucket.",In Account,,,"一家公司在账户 A 中拥有一个 AWS Lambda 函数。  
该 Lambda 函数需要读取在账户 B 中的 Amazon S3 存储桶中的对象。  
一名 SysOps 管理员必须在两个账户中创建相应的 IAM 角色。  
哪种解决方案可以满足这些要求？",创建 一个 角色 ， 该 函数 可以 假设 ， 以 获取 访问 权限 ， 到 S3 存储桶 。 在 账户 B ， 创建 一个 Lambda 执行 角色 ， 以 假设 该 角色 ， 在 账户 A 。,"在账户 A，创建一个 Lambda 执行角色，提供对 S3 bucket 的访问权限。  
在账户 B，创建一个角色，函数可以承担。",在账户 A，创建一个角色，那个函数可以承担。 在账户 B，创建一个 Lambda 执行角色，提供访问到 S3 桶的权限。,在 账户,nan,nan,"一家公司在账户 A 中拥有一个 AWS Lambda 函数。  
该 Lambda 函数需要读取在账户 B 中的 Amazon S3 存储桶中的对象。  
一名 SysOps 管理员必须在两个账户中创建相应的 IAM 角色。  
哪种解决方案可以满足这些要求？"
105,An AWS Lambda function is intermittently failing several times a day. A SysOps administrator must find out how often this error has occurred in the last 7 days. Which action will meet this requirement in the MOST operationally efficient manner?,C,Use Amazon Athena to query the Amazon CloudWatch logs that are associated with the Lambda function.,Use Amazon Athena to query the AWS CloudTrail logs that are associated with the Lambda function.,Use Amazon CloudWatch Logs Insights to query the associated Lambda function logs.,Use Amazon OpenSearch Service (Amazon Elasticsearch Service) to stream the Amazon CloudWatch logs for the Lambda function.,,,一個 AWS Lambda 函數每天不定時地失敗多次。 一個 SysOps 管理員必須找出這個錯誤在過去 7 天內發生的頻率。 哪一個行動將以最具操作效率的方式滿足這個需求？,使用 Amazon Athena 来查询与 Lambda 函数相关联的 Amazon CloudWatch 日志。,使用 Amazon Athena 来查询与 Lambda 函数相关联的 AWS CloudTrail 日志。,使用 Amazon CloudWatch Logs Insights 来查询相关联的 Lambda function 日志。,使用 Amazon OpenSearch Service (Amazon Elasticsearch Service) 来 流式传输 Amazon CloudWatch 日志 为 Lambda 函数。,nan,nan,"一個 AWS Lambda 函數每天不定時地失敗多次。  
One AWS Lambda function every day irregularly fail multiple times.  

一個 SysOps 管理員必須找出這個錯誤在過去 7 天內發生的頻率。  
A SysOps administrator must find out this error in the past 7 days occurrence frequency.  

哪一個行動將以最具操作效率的方式滿足這個需求？  
Which action will meet this requirement in the most operationally efficient way?"
106,"A company is using Amazon CloudFront to serve static content for its web application to its users. The CloudFront distribution uses an existing on-premises website as a custom origin. The company requires the use of TLS between CloudFront and the origin server. This configuration has worked as expected for several months. However, users are now experiencing HTTP 502 (Bad Gateway) errors when they view webpages that include content from the CloudFront distribution. What should a SysOps administrator do to resolve this problem?",A,Examine the expiration date on the certificate on the origin site. Validate that the certificate has not expired. Replace the certificate if necessary.,Examine the hostname on the certificate on the origin site. Validate that the hostname matches one of the hostnames on the CloudFront distribution. Replace the certificate if necessary.,Examine the firewall rules that are associated with the origin server. Validate that port 443 is open for inbound traffic from the internet. Create an inbound rule if necessary.,Examine the network ACL rules that are associated with the CloudFront distribution. Validate that port 443 is open for outbound traffic to the origin server. Create an outbound rule if necessary.,,,"一家公司正在使用 Amazon CloudFront 为其用户提供静态内容，供其网页应用程序使用。  
The CloudFront distribution 使用一个现有的本地网站作为一个自定义源。  
这家公司需要在 CloudFront 和源服务器之间使用 TLS。  
这个配置已经正常工作了好几个月。  
然而，当用户查看包含来自 CloudFront 分发内容的网页时，现在遇到 HTTP 502 (Bad Gateway) 错误。  
SysOps 管理员应该做什么来解决这个问题？",检查 证书 在 源站点 上 的 到期日期 。验证 该 证书 尚未 过期 。如果 必要 ， 替换 该 证书 。,检查证书上的主机名在源站点。验证该主机名是否与 CloudFront 分发上的主机名之一匹配。必要时更换证书。,检查 与 源 服务器 相关联 的 防火墙 规则。验证 端口 443 是否 开放 用于 来自 互联网 的 入站 流量。 如果 必要， 创建 一个 入站 规则。,检查与 CloudFront distribution 相关联的网络 ACL 规则。验证端口 443 是否对出站流量到源服务器开放。必要时创建一个出站规则。,nan,nan,"一家公司正在使用 Amazon CloudFront 为其用户提供静态内容，供其网页应用程序使用。  
The CloudFront distribution 使用一个现有的本地网站作为一个自定义源。  
这家公司需要在 CloudFront 和源服务器之间使用 TLS。  
这个配置已经正常工作了好几个月。  
然而，当用户查看包含来自 CloudFront 分发内容的网页时，现在遇到 HTTP 502 (Bad Gateway) 错误。  
SysOps 管理员应该做什么来解决这个问题？"
107,An Amazon CloudFront distribution has a single Amazon S3 bucket as its origin. A SysOps administrator must ensure that users can access the S3 bucket only through requests from the CloudFront endpoint. Which solution will meet these requirements?,C,Configure S3 Block Public Access on the S3 bucket. Update the S3 bucket policy to allow the GetObject action from only the CloudFront distribution.,Configure Origin Shield in the CloudFront distribution. Update the CloudFront origin to include a custom Origin_Shield header.,Create an origin access identity (OAI). Assign the OAI to the CloudFront distribution. Update the S3 bucket policy to restrict access to the OAI.,Create an origin access identity (OAI). Assign the OAI to the S3 bucket. Update the CloudFront origin to include a custom Origin header with the OAI value.,,,"一个 Amazon CloudFront 分发具有单个 Amazon S3 存储桶作为其源。  
一个 SysOps 管理员必须确保用户只能通过来自 CloudFront 端点的请求访问 S3 存储桶。  
哪种解决方案将满足这些要求？",在 S3 桶上配置 S3 阻止公共访问。更新 S3 桶策略以仅允许来自 CloudFront 分发的 GetObject 操作。,在 CloudFront 分发中配置 Origin Shield。更新 CloudFront 源以包含自定义的 Origin_Shield 头。,创建一个 origin access identity (OAI)。将 OAI 分配给 CloudFront distribution。更新 S3 bucket policy 以限制对 OAI 的访问。,创建一个 origin access identity (OAI)。将 OAI 分配给 S3 bucket。更新 CloudFront origin 以包含带有 OAI 值的自定义 Origin header。,nan,nan,"一个 Amazon CloudFront 分发具有单个 Amazon S3 存储桶作为其源。  
一个 SysOps 管理员必须确保用户只能通过来自 CloudFront 端点的请求访问 S3 存储桶。  
哪种解决方案将满足这些要求？"
108,A SysOps administrator is designing a solution for an Amazon RDS for PostgreSQL DB instance. Database credentials must be stored and rotated monthly. The applications that connect to the DB instance send write-intensive traffic with variable client connections that sometimes increase significantly in a short period of time. Which solution should a SysOps administrator choose to meet these requirements?,C,Configure AWS Key Management Service (AWS KMS) to automatically rotate the keys for the DB instance. Use RDS Proxy to handle the increases in database connections.,Configure AWS Key Management Service (AWS KMS) to automatically rotate the keys for the DB instance. Use RDS read replicas to handle the increases in database connections.,Configure AWS Secrets Manager to automatically rotate the credentials for the DB instance. Use RDS Proxy to handle the increases in database connections.,Configure AWS Secrets Manager to automatically rotate the credentials for the DB instance. Use RDS read replicas to handle the increases in database connections.,,,一名 SysOps 管理员正在为 Amazon RDS for PostgreSQL DB 实例设计一个解决方案。数据库凭据必须存储并每月轮换一次。连接到 DB 实例的应用程序发送写入密集型流量，具有可变的客户端连接，有时在短时间内显著增加。哪种解决方案应由 SysOps 管理员选择以满足这些要求？,配置 AWS Key Management Service (AWS KMS) 以自动轮换数据库实例的密钥。 使用 RDS Proxy 来处理数据库连接的增加。,配置 AWS Key Management Service (AWS KMS) 以自动轮换数据库实例的密钥。 使用 RDS 只读副本 来处理数据库连接的增加。,配置 AWS Secrets Manager 以自动轮换数据库实例的凭证。使用 RDS Proxy 来处理数据库连接的增加。,"配置 AWS Secrets Manager 以自动轮换 DB 实例的凭证。  
使用 RDS 只读副本 来 处理 数据库 连接 的 增加。",nan,nan,"一名 SysOps 管理员正在为 Amazon RDS for PostgreSQL DB 实例设计一个解决方案。  
数据库凭据必须存储并每月轮换一次。  
连接到 DB 实例的应用程序发送写入密集型流量，具有可变的客户端连接，有时在短时间内显著增加。  
哪种解决方案应由 SysOps 管理员选择以满足这些要求？"
109,A company wants to reduce costs for jobs that can be completed at any time. The jobs currently run by using multiple Amazon EC2 On-Demand Instances and the jobs take slightly less than 2 hours to complete. If a job falls for any reason it must be restarted from the beginning. Which solution will meet these requirements MOST cost-effectively?,C,Purchase Reserved Instances for the jobs.,Submit a request for a one-time Spot Instance for the jobs.,Submit a request for Spot Instances with a defined duration for the jobs.,Use a mixture of On-Demand Instances and Spot Instances for the jobs.,,,"一家公司想要降低可以在任何时间完成的工作的成本。  
The jobs currently run by using multiple Amazon EC2 On-Demand Instances and the jobs take slightly less than 2 hours to complete.  
这些工作目前通过使用多个 Amazon EC2 On-Demand Instances 运行，并且这些工作花费略少于 2 小时完成。  
如果任何原因导致工作失败，它必须从头开始重新启动。  
If a job falls for any reason it must be restarted from the beginning.  
哪种解决方案将以最具成本效益的方式满足这些要求？  
Which solution will meet these requirements MOST cost-effectively?",为工作购买Reserved Instances。,提交 一个 请求 为 一个 一次性 Spot Instance 为 任务。,提交一个请求，针对具有定义的持续时间的作业的 Spot Instances。,为作业使用 On-Demand Instances 和 Spot Instances 的混合。,nan,nan,"一家公司想要降低可以在任何时间完成的工作的成本。  
The company wants to reduce the cost of jobs that can be completed at any time.  
这些工作目前通过使用多个 Amazon EC2 On-Demand Instances 运行，并且这些工作花费略少于 2 小时完成。  
These jobs are currently run by using multiple Amazon EC2 On-Demand Instances, and these jobs take slightly less than 2 hours to complete.  
如果任何原因导致工作失败，它必须从头开始重新启动。  
If any reason causes a job to fail, it must be restarted from the beginning.  
哪种解决方案将以最具成本效益的方式满足这些要求？  
Which solution will meet these requirements MOST cost-effectively?"
110,An environment consists of 100 Amazon EC2 Windows instances. The Amazon CloudWatch agent is deployed and running on all EC2 Instances with a baseline configuration file to capture log files. There is a new requirement to capture the DHCP log files that exist on 50 of the instances. What is the MOST operationally efficient way to meet this new requirement?,A,Create an additional CloudWatch agent configuration file to capture the DHCP logs. Use the AWS Systems Manager Run Command to restart the CloudWatch agent on each EC2 instance with the append-config option to apply the additional configuration file.,Log in to each EC2 Instance with administrator rights. Create a PowerShell script to push the needed baseline log files and DHCP log files to CloudWatch.,Run the CloudWatch agent configuration file wizard on each EC2 instance. Verify that the baseline log files are included and add the DHCP log files during the wizard creation process.,Run the CloudWatch agent configuration file wizard on each EC2 instance and select the advanced detail level. This will capture the operating system log files.,,,"一个环境由 100 个 Amazon EC2 Windows 实例组成。  
Amazon CloudWatch agent 被部署并在所有 EC2 实例上运行，配备一个基线配置文件以捕获日志文件。  
有一个新需求，要捕获存在于 50 个实例上的 DHCP 日志文件。  
什么是满足这个新需求的最具操作效率的方法？",创建一个额外的 CloudWatch agent 配置文件以捕获 DHCP 日志。使用 AWS Systems Manager Run Command 在每个 EC2 实例上重启 CloudWatch agent，使用 append-config 选项以应用额外的配置文件。,使用管理员权限登录到每个 EC2 Instance。创建一个 PowerShell 脚本，将所需的基线日志文件和 DHCP 日志文件推送到 CloudWatch。,在每个 EC2 实例上运行 CloudWatch agent 配置文件向导。验证基础日志文件是否已包含，并在向导创建过程中添加 DHCP 日志文件。,在每个 EC2 实例上运行 CloudWatch agent 配置文件向导，并选择高级详细级别。 这将捕获 操作系统 日志文件。,nan,nan,"一个环境由 100 个 Amazon EC2 Windows 实例组成。  
Amazon CloudWatch agent 被部署并在所有 EC2 实例上运行，配备一个基线配置文件以捕获日志文件。  
有一个新需求，要捕获存在于 50 个实例上的 DHCP 日志文件。  
什么是满足这个新需求的最具操作效率的方法？"
111,A company has 10 Amazon EC2 instances in its production account. A SysOps administrator must ensure that email notifications are sent to administrators each time there is an EC2 instance state change. Which solution will meet this requirements?,C,Configure an Amazon Route 53 simple routing policy that publishes a message to an Amazon Simple Notification Service (Amazon SNS) topic when an EC2 instance state changes. This SNS topic then sends notifications to its email subscribers.,Configure an Amazon Route 53 simple routing policy that publishes a message to an Amazon Simple Queue Service (Amazon SQS) queue when an EC2 instance state changes. This SQS queue then sends notifications to its email subscribers.,Create an Amazon EventBridge (Amazon CloudWatch Events) rule that publishes a message to an Amazon Simple Notification Service (Amazon SNS) topic when an EC2 instance state changes. This SNS topic then sends notifications to its email subscribers.,Create an Amazon EventBridge (Amazon CloudWatch Events) rule that publishes a message to an Amazon Simple Queue Service (Amazon SQS) queue when an EC2 instance state changes. This SQS queue then sends notifications to its email subscribers.,,,一家公司在其生产账户中拥有 10 个 Amazon EC2 实例。一个 SysOps 管理员必须确保每次 EC2 实例状态更改时，电子邮件通知都被发送给管理员。哪种解决方案可以满足这个要求？,配置一个 Amazon Route 53 简单路由策略，当 EC2 实例状态变化时，向 Amazon Simple Notification Service (Amazon SNS) 主题发布消息。这个 SNS 主题然后向其电子邮件订阅者发送通知。,配置一个 Amazon Route 53 简单路由策略，当 EC2 实例状态变化时，向 Amazon Simple Queue Service (Amazon SQS) 队列发布消息。这个 SQS 队列然后向其电子邮件订阅者发送通知。,创建一个 Amazon EventBridge (Amazon CloudWatch Events) 规则，当 EC2 实例状态变化时，向 Amazon Simple Notification Service (Amazon SNS) 主题发布消息。,创建一个 Amazon EventBridge (Amazon CloudWatch Events) 规则，当 EC2 实例状态变化时，向 Amazon Simple Queue Service (Amazon SQS) 队列发布消息。这个 SQS 队列然后向其电子邮件订阅者发送通知。,nan,nan,"一家公司在其生产账户中拥有 10 个 Amazon EC2 实例。  
一个 SysOps 管理员必须确保每次 EC2 实例状态更改时，电子邮件通知都被发送给管理员。  
哪种解决方案可以满足这个要求？"
112,"A company has an application that runs on a fleet of Amazon EC2 instances behind an Elastic Load Balancer. The instances run in an Auto Scaling group. The application's performance remains consistent throughout most of each day. However, an increase in user traffic slows the performance during the same 4-hour period of time each day. What is the MOST operationally efficient solution that will resolve this issue?",C,Configure a second Elastic Load Balancer in front of the Auto Scaling group with a weighted routing policy.,Configure the fleet of EC2 instances to run on larger instance types to support the increase in user traffic.,Create a scheduled scaling action to scale out the number of EC2 instances shortly before the increase in user traffic occurs.,Manually add a few more EC2 instances to the Auto Scaling group to support the increase in user traffic.,,,一家公司有一个应用程序，运行在一组 Amazon EC2 实例后面，后面连接着一个 Elastic Load Balancer。 这些实例运行在一个 Auto Scaling 组中。 该应用程序的性能在每天的大部分时间内保持一致。 然而，用户流量的增加在每天的相同 4 小时期间内会减慢性能。 什么是最具操作效率的解决方案，能够解决这个问题？,在 Auto Scaling 组前配置第二个 Elastic Load Balancer，具有加权路由策略。,配置 配置 配置 配置 EC2 EC2 EC2 EC2 实例 实例 实例 实例 的 的 的 的 舰队 舰队 舰队 舰队 以 以 以 支持 支持 支持 支持 增加 增加 增加 增加 用户 用户 用户 用户 流量 流量 流量 流量 。,创建一个计划的扩展操作，以在用户流量增加发生之前不久，扩展 EC2 实例的数量。,手动 添加 一些 更多 的 EC2 实例 到 自动 扩展 组 以 支持 增加 的 用户 流量 。,nan,nan,"一家公司有一个应用程序，运行在一组 Amazon EC2 实例后面，后面连接着一个 Elastic Load Balancer。  
这些实例运行在一个 Auto Scaling 组中。  
该应用程序的性能在每天的大部分时间内保持一致。  
然而，用户流量的增加在每天的相同 4 小时期间内会减慢性能。  
什么是最具操作效率的解决方案，能够解决这个问题？"
113,A company hosts an application on an Amazon EC2 instance in a single AWS Region. The application requires support for non-HTTP TCP traffic and HTTP traffic. The company wants to deliver content with low latency by leveraging the AWS network. The company also wants to implement an Auto Scaling group with an Elastic Load Balancer. How should a SysOps administrator meet these requirements?,D,Create an Auto Scaling group with an Application Load Balancer (ALB). Add an Amazon CloudFront distribution with the ALB as the origin.,Create an Auto Scaling group with an Application Load Balancer (ALB). Add an accelerator with AWS Global Accelerator with the ALB as an endpoint.,Create an Auto Scaling group with a Network Load Balancer (NLB). Add an Amazon CloudFront distribution with the NLB as the origin.,Create an Auto Scaling group with a Network Load Balancer (NLB). Add an accelerator with AWS Global Accelerator with the NLB as an endpoint.,,,"一家公司在单一的 AWS Region 中的 Amazon EC2 实例上托管一个应用程序。  
该应用程序需要支持非 HTTP TCP 流量和 HTTP 流量。  
该公司希望通过利用 AWS 网络以低延迟传递内容。  
该公司还希望实现具有 Elastic Load Balancer 的 Auto Scaling 组。  
SysOps 管理员应如何满足这些要求？",创建一个 Auto Scaling 组与一个 Application Load Balancer (ALB)。 添加一个 Amazon CloudFront 分发与 ALB 作为源。,"创建一个 Auto Scaling 组，配备一个 Application Load Balancer (ALB)。  
添加一个使用 AWS Global Accelerator 的加速器，并将 ALB 作为端点。",创建一个 Auto Scaling 组与一个 Network Load Balancer (NLB)。添加一个 Amazon CloudFront 分发与 NLB 作为源。,创建一个 Auto Scaling 组与一个 Network Load Balancer (NLB)。添加一个加速器与 AWS Global Accelerator，使用 NLB 作为端点。,nan,nan,"一家公司在单一的 AWS Region 中的 Amazon EC2 实例上托管一个应用程序。  
该应用程序需要支持非 HTTP TCP 流量和 HTTP 流量。  
该公司希望通过利用 AWS 网络以低延迟传递内容。  
该公司还希望实现具有 Elastic Load Balancer 的 Auto Scaling 组。  
SysOps 管理员应如何满足这些要求？"
114,"A SysOps administrator has an AWS CloudFormation template that is used to deploy an encrypted Amazon Machine Image (AMI). The CloudFormation template will be used in a second account so the SysOps administrator copies the encrypted AMI to the second account. When launching the new CloudFormation stack in the second account, it fails. Which action should the SysOps administrator take to correct the issue?",C,Change the AMI permissions to mark the AMI as public.,Deregister the AMI in the source account.,Re-encrypt the destination AMI with an AWS Key Management Service (AWS KMS) key from the destination account.,Update the CloudFormation template with the ID of the AMI in the destination account.,,,"一名 SysOps 管理员拥有一个 AWS CloudFormation 模板，该模板用于部署一个加密的 Amazon Machine Image (AMI)。  
该 CloudFormation 模板将在第二个账户中使用，因此 SysOps 管理员将加密的 AMI 复制到第二个账户。  
在第二个账户中启动新的 CloudFormation 堆栈时，失败了。  
SysOps 管理员应采取哪项措施以纠正该问题？",更改  the AMI permissions  to  标记  the AMI  as  public  。,在源账户中注销 AMI。,用来自目标账户的 AWS Key Management Service (AWS KMS) 密钥重新加密目标 AMI。,用目标账户中的 AMI ID 更新 CloudFormation 模板。,nan,nan,"一名 SysOps 管理员拥有一个 AWS CloudFormation 模板，该模板用于部署一个加密的 Amazon Machine Image (AMI)。  
该 CloudFormation 模板将在第二个账户中使用，因此 SysOps 管理员将加密的 AMI 复制到第二个账户。  
在第二个账户中启动新的 CloudFormation 堆栈时，失败了。  
SysOps 管理员应采取哪项措施以纠正该问题？"
115,A company's SysOps administrator deploys four new Amazon EC2 instances by using the standard Amazon Linux 2 Amazon Machine Image (AMI). The company needs to be able to use AWS Systems Manager to manage the instances. The SysOps administrator notices that the instances do not appear in the Systems Manager console.  What must the SysOps administrator do to resolve this issue?,D,Connect to each instance by using SSH. Install Systems Manager Agent on each instance. Configure Systems Manager Agent to start automatically when the instances start up.,Use AWS Certificate Manager (ACM) to create a TLS certificate. Import the certificate into each instance. Configure Systems Manager Agent to use the TLS certificate for secure communications.,Connect to each instance by using SSH. Create an ssm-user account. Add the ssm-user account to the /etc/sudoers.d directory.,Attach an IAM instance profile to the instances. Ensure that the instance profile contains the AmazonSSMManagedInstanceCore policy.,,,"一家公司'的 SysOps 管理员使用标准的 Amazon Linux 2 Amazon Machine Image (AMI) 部署了四个新的 Amazon EC2 实例。  
该公司需要能够使用 AWS Systems Manager 来管理这些实例。  
SysOps 管理员注意到这些实例没有出现在 Systems Manager 控制台中。  
SysOps 管理员必须做什么以解决这个问题？",通过使用 SSH 连接到每个实例。 在每个实例上安装 Systems Manager Agent。 配置 Systems Manager Agent 以在实例启动时自动启动。,使用 AWS Certificate Manager (ACM) 来创建 TLS 证书。将证书导入到每个实例中。配置 Systems Manager Agent 以使用 TLS 证书进行安全通信。,通过使用 SSH 连接到每个实例。 创建一个 ssm-user 账户。 将 ssm-user 账户添加到 /etc/sudoers.d 目录。,将一个 IAM 实例配置文件附加到实例上。确保该实例配置文件包含 AmazonSSMManagedInstanceCore 政策。,nan,nan,"一家公司'的 SysOps 管理员使用标准的 Amazon Linux 2 Amazon Machine Image (AMI) 部署了四个新的 Amazon EC2 实例。  
该公司需要能够使用 AWS Systems Manager 来管理这些实例。  
SysOps 管理员注意到这些实例没有出现在 Systems Manager 控制台中。  
SysOps 管理员必须做什么以解决这个问题？"
116,"A SysOps administrator is maintaining a web application using an Amazon CloudFront web distribution, an Application Load Balancer (ALB), Amazon RDS, and Amazon EC2 in a VPC. All services have logging enabled. The administrator needs to investigate HTTP Layer 7 status codes from the web application.  Which log sources contain the status codes? (Choose two.)",CD,VPC Flow Logs,AWS CloudTrail logs,ALB access logs,CloudFront access togs,RDS logs,,"一名 SysOps 管理员正在使用 Amazon CloudFront web distribution、Application Load Balancer (ALB)、Amazon RDS 和 Amazon EC2 在 VPC 中维护一个 web 应用程序。  
所有服务都已启用日志记录。  
管理员需要调查来自 web 应用程序的 HTTP Layer 7 状态码。  
哪些日志源包含状态码？（选择两个。）",VPC 流量日志,AWS CloudTrail 日志,ALB 访问日志,CloudFront 访问标记,RDS logs,nan,"一名 SysOps 管理员正在使用 Amazon CloudFront web distribution、Application Load Balancer (ALB)、Amazon RDS 和 Amazon EC2 在 VPC 中维护一个 web 应用程序。  
所有服务都已启用日志记录。  
管理员需要调查来自 web 应用程序的 HTTP Layer 7 状态码。  
哪些日志源包含状态码？（选择两个。）"
117,A company wants to be alerted through email when IAM CreateUser API calls are made within its AWS account.  Which combination of actions should a SysOps administrator take to meet this requirement? (Choose two.),AD,Create an Amazon EventBridge (Amazon CloudWatch Events) rule with AWS CloudTrail as the event source and IAM CreateUser as the specific API call for the event pattern.,Create an Amazon EventBridge (Amazon CloudWatch Events) rule with Amazon CloudSearch as the event source and IAM CreateUser as the specific API call for the event pattern.,Create an Amazon EventBridge (Amazon CloudWatch Events) rule with AWS IAM Access Analyzer as the event source and IAM CreateUser as the specific API call for the event pattern.,Use an Amazon Simple Notification Service (Amazon SNS) topic as an event target with an email subscription.,Use an Amazon Simple Email Service (Amazon SES) notification as an event target with an email subscription.,,"一家公司希望在其 AWS 账户内进行 IAM CreateUser API 调用时通过电子邮件收到警报。  
哪种操作组合，应该由 SysOps 管理员采取，以满足此要求？（选择两个。）",创建一个 Amazon EventBridge (Amazon CloudWatch Events) 规则，使用 AWS CloudTrail 作为事件源，并且 IAM CreateUser 作为事件模式的特定 API 调用。,创建 一个 Amazon EventBridge (Amazon CloudWatch Events) 规则 与 Amazon CloudSearch 作为 事件 来源 和 IAM CreateUser 作为 具体 API 调用 为 事件 模式。,创建一个 Amazon EventBridge (Amazon CloudWatch Events) 规则，使用 AWS IAM Access Analyzer 作为事件源，和 IAM CreateUser 作为事件模式的特定 API 调用。,使用一个 Amazon Simple Notification Service (Amazon SNS) 主题作为一个事件目标与一个电子邮件订阅。,使用一个 Amazon Simple Email Service (Amazon SES) 通知作为事件目标与一个电子邮件订阅。,nan,"一家公司希望在其 AWS 账户内进行 IAM CreateUser API 调用时通过电子邮件收到警报。  
Which 操作组合，应该由 SysOps 管理员采取，以满足此 要求？（选择两个。）"
118,A database is running on an Amazon RDS Multi-AZ DB instance. A recent security audit found the database to be out of compliance because it was not encrypted.  Which approach will resolve the encryption requirement?,D,Log in to the RDS console and select the encryption box to encrypt the database.,Create a new encrypted Amazon EBS volume and attach it to the instance.,Encrypt the standby replica in the secondary Availability Zone and promote it to the primary instance.,"Take a snapshot of the RDS instance, copy and encrypt the snapshot, and then restore to the new RDS instance.",,,"一个数据库正在运行在一个 Amazon RDS Multi-AZ DB 实例上。  
一个最近的安全审计发现这个数据库不符合规定，因为它没有加密。  
哪种方法将解决加密的需求？",登录到 RDS 控制台并选择加密框以加密数据库。,创建 一个 新的 加密 的 Amazon EBS 卷 并 将 它 附加 到 实例。,对备用副本在次要可用区进行加密，并将其提升为主实例。,对 RDS 实例进行快照，复制并加密该快照，然后还原到新的 RDS 实例。,nan,nan,"一个数据库正在运行在一个 Amazon RDS Multi-AZ DB 实例上。  
一个最近的安全审计发现这个数据库不符合规定，因为它没有加密。  
哪种方法将解决加密的需求？"
119,A company using AWS Organizations requires that no Amazon S3 buckets in its production accounts should ever be deleted.  What is the SIMPLEST approach the SysOps administrator can take to ensure S3 buckets in those accounts can never be deleted?,B,Set up MFA Delete on all the S3 buckets to prevent the buckets from being deleted.,Use service control policies to deny the s3:DeleteBucket action on all buckets in production accounts.,Create an IAM group that has an IAM policy to deny the s3:DeleteBucket action on all buckets in production accounts.,Use AWS Shield to deny the s3:DeleteBucket action on the AWS account instead of all S3 buckets.,,,一家公司使用 AWS Organizations 需要， 其生产账户中的没有 Amazon S3 buckets 应该永远被删除。  什么是 最简单 的 方法， SysOps 管理员可以采取， 以确保 这些账户中的 S3 buckets 永远不能被删除？,在所有的 S3 buckets 上设置 MFA Delete 以防止 buckets 被删除。,使用 service control policies 来 拒绝 s3:DeleteBucket 操作 在 所有 存储桶 在 生产 账户 上。,创建一个 IAM 组，该组具有一个 IAM 策略，拒绝 s3:DeleteBucket 操作在所有生产账户中的存储桶。,使用 AWS Shield 来拒绝 s3:DeleteBucket 操作在 AWS 账户上，而不是所有的 S3 桶。,nan,nan,一家公司使用 AWS Organizations 需要， 其生产账户中的没有 Amazon S3 buckets 应该永远被删除。  什么是 最简单 的 方法， SysOps 管理员可以采取， 以确保 这些账户中的 S3 buckets 永远不能被删除？
120,A company has an application that is running on Amazon EC2 instances in a VPC. The application needs access to download software updates from the internet. The VPC has public subnets and private subnets. The company's security policy requires all EC2 instances to be deployed in private subnets.  What should a SysOps administrator do to meet these requirements?,C,"Add an internet gateway to the VPC. In the route table for the private subnets, add a route to the internet gateway.","Add aNAT gateway to a private subnet. In the route table for the private subnets, add a route to the NAT gateway.","Add a NAT gateway to public subnet. In the route table for the private subnets, add a route to the NAT gateway.","Add two internet gateways to the VPC. In the route tables for the private subnets and public subnets, add a route to each internet gateway.",,,"一家公司有一个应用程序，正在运行在 Amazon EC2 实例中，在 VPC 中。  
该应用程序需要访问互联网以下载软件更新。  
该 VPC 具有公共子网和私有子网。  
该公司的安全策略要求所有 EC2 实例都部署在私有子网中。  
SysOps 管理员应该做什么以满足这些要求？",向 VPC 添加一个 internet gateway。 在 private 子网的路由表中，添加一条到 internet gateway 的路由。,在私有子网中添加一个 NAT gateway。 在私有子网的路由表中，添加一条到 NAT gateway 的路由。,在公共子网中添加一个 NAT gateway。 在私有子网的路由表中，添加一条到 NAT gateway 的路由。,在 VPC 添加两个 internet gateways。 在私有子网和公共子网的路由表中， 添加到每个 internet gateway 的路由。,nan,nan,"一家公司有一个应用程序，正在运行在 Amazon EC2 实例中，在 VPC 中。  
该应用程序需要访问互联网以下载软件更新。  
该 VPC 具有公共子网和私有子网。  
该公司的安全策略要求所有 EC2 实例都部署在私有子网中。  
SysOps 管理员应该做什么以满足这些要求？"
121,"A development team recently deployed a new version of a web application to production. After the release, penetration testing revealed a cross-site scripting vulnerability that could expose user data.  Which AWS service will mitigate this issue?",B,AWS Shield Standard,AWS WAF,Elastic Load Balancing,Amazon Cognito,,,"一个开发团队 最近 部署 了 一个 新版本 的 一个 web 应用 到 生产环境。  
在 发布 之后，渗透 测试 发现 了 一个 跨站脚本 攻击 漏洞 ， 这 可能 暴露 用户 数据。  
哪个 AWS 服务 将 缓解 这个 问题？",AWS Shield Standard,AWS WAF,弹性 负载均衡,Amazon Cognito,nan,nan,"一个开发团队 最近 部署 了 一个 新版本 的 一个 web 应用 到 生产环境。  
在 发布 之后，渗透 测试 发现 了 一个 跨站脚本 攻击 漏洞 ， 这 可能 暴露 用户 数据。  
哪个 AWS 服务 将 缓解 这个 问题？"
122,A SysOps administrator must configure a resilient tier of Amazon EC2 instances for a high performance computing (HPC) application. The HPC application requires minimum latency between nodes.  Which actions should the SysOps administrator take to meet these requirements? (Choose two.),CD,Create an Amazon Elastic File System (Amazon EFS) file system. Mount the file system to the EC2 instances by using user data.,Create a Multi-AZ Network Load Balancer in front of the EC2 instances.,Place the EC2 instances in an Auto Scaling group within a single subnet.,Launch the EC2 instances into a cluster placement group.,Launch the EC2 instances into a partition placement group.,,"一名 SysOps 管理员必须配置一个具有弹性的 Amazon EC2 实例层，用于高性能计算（HPC）应用程序。  
该 HPC 应用程序需要节点之间的最低延迟。  
SysOps 管理员应采取哪些措施以满足这些要求？（选择两个。）","创建一个 Amazon Elastic File System (Amazon EFS) 文件系统。  
通过使用用户数据，将文件系统挂载到 EC2 实例上。",在 EC2 实例前面创建一个 Multi-AZ Network Load Balancer。,将 EC2 实例放置在单一子网内的自动伸缩组中。,将 EC2 实例 启动 到 一个 集群 放置组。,将 EC2 实例启动到一个 partition placement group 中。,nan,"一名 SysOps 管理员必须配置一个具有弹性的 Amazon EC2 实例层，用于高性能计算（HPC）应用程序。  
该 HPC 应用程序需要节点之间的最低延迟。  
SysOps 管理员应采取哪些措施以满足这些要求？（选择两个。）"
123,A company's customers are reporting increased latency while accessing static web content from Amazon S3. A SysOps administrator observed a very high rate of read operations on a particular S3 bucket.  What will minimize latency by reducing load on the S3 bucket?,C,Migrate the S3 bucket to a region that is closer to end users' geographic locations.,Use cross-region replication to replicate all of the data to another region.,Create an Amazon CloudFront distribution with the S3 bucket as the origin.,Use Amazon ElastiCache to cache data being served from Amazon S3.,,,一家公司'的客户正在报告在访问来自 Amazon S3 的静态网页内容时延迟增加。 一名 SysOps 管理员观察到在一个特定的 S3 bucket 上有非常高的读取操作率。 什么将通过减少 S3 bucket 上的负载来最小化延迟？,将 S3 bucket 迁移 到 一个 更接近 终端用户 的 地理位置 的 区域。,使用 cross-region replication 来复制 所有 的 数据 到 另一个 区域。,创建 一个 Amazon CloudFront 分发 与 S3 桶 作为 源。,使用 Amazon ElastiCache 来缓存 正在 从 Amazon S3 提供 的 数据。,nan,nan,"一家公司'的客户正在报告在访问来自 Amazon S3 的静态网页内容时延迟增加。  
一名 SysOps 管理员观察到在一个特定的 S3 bucket 上有非常高的读取操作率。  
什么将通过减少 S3 bucket 上的负载来最小化延迟？"
124,A SysOps administrator needs to develop a solution that provides email notification and inserts a record into a database every time a file is put into an Amazon S3 bucket.  What is the MOST operationally efficient solution that meets these requirements?,A,Set up an S3 event notification that targets an Amazon Simple Notification Service (Amazon SNS) topic. Create two subscriptions for the SNS topic. Use one subscription to send the email notification. Use the other subscription to invoke an AWS Lambda function that inserts the record into the database.,Set up an Amazon CloudWatch alarm that enters ALARM state whenever an object is created in the S3 bucket. Configure the alarm to invoke an AWS Lambda function that sends the email notification and inserts the record into the database.,Create an AWS Lambda function to send the email notification and insert the record into the database whenever a new object is detected in the S3 bucket. Invoke the function every minute with an Amazon EventBridge (Amazon CloudWatch Events) scheduled rule.,Set up two S3 event notifications. Target a separate AWS Lambda function with each notification. Configure one function to send the email notification. Configure the other function to insert the record into the database.,,,"一名 SysOps 管理员需要开发一个解决方案，提供电子邮件通知并在每次文件放入 Amazon S3 bucket 时将一条记录插入数据库。  
什么是满足这些要求的最具操作效率的解决方案？",设置一个 S3 事件通知，目标是一个 Amazon Simple Notification Service (Amazon SNS) 主题。 创建两个订阅用于 SNS 主题。 使用一个订阅发送电子邮件通知。 使用另一个订阅调用一个 AWS Lambda 函数，将记录插入数据库。,设置一个 Amazon CloudWatch 警报，当在 S3 bucket 中创建对象时，进入 ALARM 状态。配置该警报以调用一个 AWS Lambda 函数，该函数发送电子邮件通知并将记录插入数据库。,创建一个 AWS Lambda function 来发送电子邮件通知并将记录插入到数据库中，每当在 S3 bucket 中检测到一个新对象。每分钟调用一次该 function，使用 Amazon EventBridge (Amazon CloudWatch Events) 计划规则。,设置两个 S3 事件通知。目标为每个通知一个单独的 AWS Lambda 函数。配置一个函数以发送电子邮件通知。配置另一个函数以将记录插入数据库。,nan,nan,"一名 SysOps 管理员 需要 开发 一个 解决方案， 提供 电子邮件 通知 并 在 每次 文件 放入 Amazon S3 bucket 时 将 一条 记录 插入 数据库。  
什么 是 满足 这些 要求 的 最具 操作效率 的 解决方案？"
125,A company hosts a web application on Amazon EC2 instances behind an Application Load Balancer. The instances are in an Amazon EC2 Auto Scaling group. The application is accessed with a public URL.  A SysOps administrator needs to implement a monitoring solution that checks the availability of the application and follows the same routes and actions as a customer. The SysOps administrator must receive a notification if less than 95% of the monitoring runs find no errors.  Which solution will meet these requirements?,A,Create an Amazon CloudWatch Synthetics canary with a script that follows customer routes. Schedule the canary to run on a recurring schedule. Create a CloudWatch alarm that publishes a message to an Amazon Simple Notification Service (Amazon SNS) topic when the SuccessPercent metric is less than 95%.,Create Amazon Route 53 health checks that monitor the availability of the endpoint. Create Amazon CloudWatch alarms that publish a message to an Amazon Simple Notification Service (Amazon SNS) topic when the HealthCheckPercentageHealthy metric is less than 95%.,Create a single AWS Lambda function to check whether the endpoints are available for each customer path. Schedule the Lambda function by using Amazon EventBridge (Amazon CloudWatch Events). Configure the Lambda function to publish a message to an Amazon Simple Notification Service (Amazon SNS) topic when an endpoint returns an error.,Create an AWS Lambda function for each customer path to check whether that specific endpoint is available. Schedule the Lambda functions by using Amazon EventBridge (Amazon CloudWatch Events). Configure each Lambda function to publish a custom metric to Amazon CloudWatch for the endpoint status. Create CloudWatch alarms based on each custom metric to publish a message to an Amazon Simple Notification Service (Amazon SNS) topic when an alarm is in the ALARM state.,,,"一家公司在 Amazon EC2 实例上托管一个 web 应用程序，位于一个 Application Load Balancer 后面。  
这些实例位于一个 Amazon EC2 Auto Scaling 组中。  
该应用程序通过一个公共 URL 访问。  
一名 SysOps 管理员需要实现一个监控解决方案，检查应用程序的可用性，并遵循与客户相同的路由和操作。  
该 SysOps 管理员必须在监控运行中发现少于 95% 的次数没有错误时收到通知。  
哪种解决方案可以满足这些要求？",创建一个 Amazon CloudWatch Synthetics canary，使用一个遵循客户路线的脚本。安排该 canary 按照重复的时间表运行。创建一个 CloudWatch 警报，当 SuccessPercent 指标小于 95% 时，向一个 Amazon Simple Notification Service (Amazon SNS) 主题发布一条消息。,创建 Amazon Route 53 健康检查，监控端点的可用性。创建 Amazon CloudWatch 警报，当 HealthCheckPercentageHealthy 指标小于 95% 时，向 Amazon Simple Notification Service (Amazon SNS) 主题发布消息。,"创建一个单一的 AWS Lambda 函数，用于检查每个客户路径的端点是否可用。  
使用 Amazon EventBridge (Amazon CloudWatch Events) 调度 Lambda 函数。  
配置 Lambda 函数，在端点返回错误时，向 Amazon Simple Notification Service (Amazon SNS) 主题发布消息。","为每个客户路径创建一个 AWS Lambda 函数，以检查该特定端点是否可用。  
使用 Amazon EventBridge（Amazon CloudWatch Events）调度 Lambda 函数。  
配置每个 Lambda 函数以向 Amazon CloudWatch 发布一个自定义指标，用于端点状态。  
基于每个自定义指标创建 CloudWatch 警报，当警报处于 ALARM 状态时，向 Amazon Simple Notification Service（Amazon SNS）主题发布一条消息。",nan,nan,"一家公司在 Amazon EC2 实例上托管一个 web 应用程序，位于一个 Application Load Balancer 后面。  
These instances are located in an Amazon EC2 Auto Scaling group.  
该应用程序通过一个公共 URL 访问。  
An SysOps 管理员需要实现一个监控解决方案，检查应用程序的可用性，并遵循与客户相同的路由和操作。  
The SysOps 管理员必须在监控运行中发现少于 95% 的次数没有错误时收到通知。  
哪种解决方案可以满足这些要求？"
126,"A SysOps administrator uses AWS Systems Manager Session Manager to connect to instances. After the SysOps administrator launches a new Amazon EC2 instance, the EC2 instance does not appear in the Session Manager list of systems that are available for connection. The SysOps administrator verifies that Systems Manager Agent is installed, updated, and running on the EC2 instance.  What is the reason for this issue?",C,The SysOps administrator does not have access to the key pair that is required for connection.,The SysOps administrator has not attached a security group to the EC2 instance to allow SSH on port 22.,The EC2 instance does not have an attached IAM role that allows Session Manager to connect to the EC2 instance.,The EC2 instance ID has not been entered into the Session Manager configuration.,,,"一名 SysOps 管理员使用 AWS Systems Manager Session Manager 连接到实例。  
After 一名 SysOps 管理员 启动 一个 新的 Amazon EC2 实例，  
the EC2 实例 不 出现在 Session Manager 列表中的 系统，  
that 是 可用于 连接。  
The SysOps 管理员 验证 系统管理器代理 已 安装、已 更新，并 正在 运行 在 EC2 实例 上。  
What 是 这个 问题 的 原因？",SysOps 管理员没有访问权限到连接所需的密钥对。,SysOps 管理员没有附加 一个 security group 到 EC2 实例 以 允许 SSH 在 端口 22。,EC2 实例 没有 拥有 一个 附加 的 IAM 角色 ， 允许 Session Manager 连接 到 EC2 实例 。,"The EC2 instance ID has not been entered into the Session Manager configuration.  
EC2 实例 ID 尚未输入到 Session Manager 配置中。",nan,nan,"一名 SysOps 管理员 使用 AWS Systems Manager Session Manager 连接到实例。  
After 一名 SysOps 管理员 启动 一个 新的 Amazon EC2 实例，  
the EC2 实例 不 出现在 Session Manager 列表中的 系统，  
that 是 可用于 连接。  
The SysOps 管理员 验证 系统管理器代理 已 安装、已 更新，并 正在 运行 在 EC2 实例 上。  
What 是 这个 问题 的 原因？"
127,A SysOps administrator is unable to launch Amazon EC2 instances into a VPC because there are no available private IPv4 addresses in the VPC.  Which combination of actions must the SysOps administrator take to launch the instances? (Choose two.),AC,Associate a secondary IPv4 CIDR block with the VPC.,Associate a primary IPv6 CIDR block with the VPC.,Create a new subnet for the VPC.,Modify the CIDR block of the VPC.,Modify the CIDR block of the subnet that is associated with the instances.,,"一名 SysOps 管理员无法将 Amazon EC2 实例启动到 VPC 中，因为在 VPC 中没有可用的 private IPv4 地址。  
哪一组合的操作必须由 SysOps 管理员采取以启动这些实例？（选择两个。）",将一个 secondary IPv4 CIDR block 关联到 VPC。,将一个主要的 IPv6 CIDR 块与 VPC 关联。,为 VPC 创建 一个 新的 子网。,修改 VPC 的 CIDR 块。,修改 与 实例 相关联 的 子网 的 CIDR 块。,nan,"一名 SysOps 管理员无法将 Amazon EC2 实例启动到 VPC 中，因为在 VPC 中没有可用的 private IPv4 地址。  
哪一组合的操作必须由 SysOps 管理员采取以启动这些实例？（选择两个。）"
128,"A SysOps administrator is creating an Amazon EC2 Auto Scaling group in a new AWS account. After adding some instances, the SysOps administrator notices that the group has not reached the minimum number of instances. The SysOps administrator receives the following error message:  Launching a new EC2 instance. Status Reason: Your quota allows for 0 more running instance(s). You requested at least 1. Launching EC2 instance failed.  Which action will resolve this issue?",C,Adjust the account spending limits for Amazon EC2 on the AWS Billing and Cost Management console.,Modify the EC2 quota for that AWS Region in the EC2 Settings section of the EC2 console.,Request a quota increase for the instance type family by using Service Quotas on the AWS Management Console.,Use the Rebalance action in the Auto Scaling group on the AWS Management Console.,,,"一名 SysOps 管理员正在新 AWS 账户中创建一个 Amazon EC2 Auto Scaling 组。  
在添加一些实例后，SysOps 管理员注意到该组尚未达到最小实例数。  
SysOps 管理员收到以下错误信息：  
Launching a new EC2 instance.  
Status Reason: Your quota allows for 0 more running instance(s).  
You requested at least 1.  
Launching EC2 instance failed.  
哪项操作将解决此问题？",在 AWS Billing and Cost Management 控制台上调整 Amazon EC2 的账户支出限制。,在 EC2 控制台的 EC2 设置部分，修改该 AWS 区域的 EC2 配额。,通过在 AWS Management Console 上使用 Service Quotas，为实例类型系列请求配额增加。,在 AWS Management Console 上，使用 Auto Scaling 组中的 Rebalance 操作。,nan,nan,"一名 SysOps 管理员正在新 AWS 账户中创建一个 Amazon EC2 Auto Scaling 组。  
在添加一些实例后，SysOps 管理员注意到该组尚未达到最小实例数。  
SysOps 管理员收到以下错误信息：  
Launching a new EC2 instance.  
Status Reason: Your quota allows for 0 more running instance(s).  
You requested at least 1.  
Launching EC2 instance failed.  
哪项操作将解决此问题？"
129,"A SysOps administrator is creating two AWS CloudFormation templates. The first template will create a VPC with associated resources, such as subnets, route tables, and an internet gateway. The second template will deploy application resources within the VPC that was created by the first template. The second template should refer to the resources created by the first template.  How can this be accomplished with the LEAST amount of administrative effort?",A,Add an export field to the outputs of the first template and import the values in the second template.,Create a custom resource that queries the stack created by the first template and retrieves the required values.,Create a mapping in the first template that is referenced by the second template.,Input the names of resources in the first template and refer to those names in the second template as a parameter.,,,"一名 SysOps 管理员正在创建两个 AWS CloudFormation 模板。  
The first template 将创建一个 VPC 以及相关资源，例如子网、路由表和互联网网关。  
The second template 将在由第一个模板创建的 VPC 内部署应用程序资源。  
The second template 应该引用由第一个模板创建的资源。  
如何以最少的管理努力实现这一点？",在第一个模板的输出中添加一个导出字段，并在第二个模板中导入这些值。,创建 一个 自定义 资源 那个 查询 由 第一个 模板 创建 的 堆栈 并 且 检索 出 所需 的 值。,在第一个模板中创建一个映射，该映射被第二个模板引用。,在第一个模板中输入资源的名称，并在第二个模板中将这些名称作为参数引用。,nan,nan,"一名 SysOps 管理员正在创建两个 AWS CloudFormation 模板。  
The first template 将创建一个 VPC 以及相关资源，例如子网、路由表和互联网网关。  
The second template 将在由第一个模板创建的 VPC 内部署应用程序资源。  
The second template 应该引用由第一个模板创建的资源。  
如何以最少的管理努力实现这一点？"
130,A company runs a web application on three Amazon EC2 instances behind an Application Load Balancer (ALB). The company notices that random periods of increased traffic cause a degradation in the application's performance. A SysOps administrator must scale the application to meet the increased traffic.  Which solution meets these requirements?,C,Create an Amazon CloudWatch alarm to monitor application latency and increase the size of each EC2 instance if the desired threshold is reached.,Create an Amazon EventBridge (Amazon CloudWatch Events) rule to monitor application latency and add an EC2 instance to the ALB if the desired threshold is reached.,Deploy the application to an Auto Scaling group of EC2 instances with a target tracking scaling policy. Attach the ALB to the Auto Scaling group.,Deploy the application to an Auto Scaling group of EC2 instances with a scheduled scaling policy. Attach the ALB to the Auto Scaling group.,,,"一家公司在三个 Amazon EC2 实例上运行一个 web 应用程序，位于一个 Application Load Balancer (ALB) 后面。  
该公司注意到，随机的流量增加时期会导致应用程序性能的下降。  
一名 SysOps 管理员必须扩展应用程序以满足增加的流量。  
哪种解决方案满足这些要求？",创建一个 Amazon CloudWatch 警报以监控应用程序延迟，并在达到期望阈值时增加每个 EC2 实例的大小。,创建一个 Amazon EventBridge (Amazon CloudWatch Events) 规则以监控应用程序延迟，并在达到期望阈值时将一个 EC2 实例添加到 ALB。,将应用程序部署到具有目标跟踪缩放策略的 EC2 实例的 Auto Scaling 组。将 ALB 附加到 Auto Scaling 组。,将应用程序部署到具有计划缩放策略的 EC2 实例的 Auto Scaling 组。 附加 ALB 到 Auto Scaling 组。,nan,nan,"一家公司在三个 Amazon EC2 实例上运行一个 web 应用程序，位于一个 Application Load Balancer (ALB) 后面。  
该公司注意到，随机的流量增加时期会导致应用程序性能的下降。  
一名 SysOps 管理员必须扩展应用程序以满足增加的流量。  
哪种解决方案满足这些要求？"
131,"A company has a high-performance Windows workload. The workload requires a storage volume that provides consistent performance of 10,000 IOPS. The company does not want to pay for additional unneeded capacity to achieve this performance.  Which solution will meet these requirements with the LEAST cost?",B,"Use a Provisioned IOPS SSD (io1) Amazon Elastic Block Store (Amazon EBS) volume that is configured with 10,000 provisioned IOPS.","Use a General Purpose SSD (gp3) Amazon Elastic Block Store (Amazon EBS) volume that is configured with 10,000 provisioned IOPS.",Use an Amazon Elastic File System (Amazon EFS) file system in Max I/O mode.,"Use an Amazon FSx for Windows File Server file system that is configured with 10,000 IOPS.",,,"一家公司拥有一个高性能的 Windows 工作负载。 这个工作负载 需要 一个 存储卷， 该 存储卷 提供 一致 的 性能， 为 10,000 IOPS。 这家公司 不 想 要 为 额外 的 不需要 的 容量 付费，以 实现 这个 性能。 哪个 解决方案 将 满足 这些 要求， 以 最少 的 成本？","使用一个 Provisioned IOPS SSD (io1) Amazon Elastic Block Store (Amazon EBS) 卷，该卷配置有 10,000 个 provisioned IOPS。","使用一个 General Purpose SSD (gp3) Amazon Elastic Block Store (Amazon EBS) 卷，配置有 10,000 个预置 IOPS。",在 Max I/O 模式下使用 Amazon Elastic File System (Amazon EFS) 文件系统。,"使用一个 Amazon FSx for Windows File Server 文件系统，该文件系统配置为具有 10,000 IOPS。",nan,nan,"一家公司拥有一个高性能的 Windows 工作负载。  
这个工作负载 需要 一个 存储卷， 该 存储卷 提供 一致 的 性能， 为 10,000 IOPS。  
这家公司 不 想 要 为 额外 的 不需要 的 容量 付费， 以 实现 这个 性能。  
哪个 解决方案 将 满足 这些 要求， 以 最少 的 成本？"
132,A SysOps administrator must create a solution that automatically shuts down any Amazon EC2 instances that have less than 10% average CPU utilization for 60 minutes or more.  Which solution will meet this requirement in the MOST operationally efficient manner?,B,Implement a cron job on each EC2 instance to run once every 60 minutes and calculate the current CPU utilization. Initiate an instance shutdown if CPU utilization is less than 10%.,"Implement an Amazon CloudWatch alarm for each EC2 instance to monitor average CPU utilization. Set the period at 1 hour, and set the threshold at 10%. Configure an EC2 action on the alarm to stop the instance.","Install the unified Amazon CloudWatch agent on each EC2 instance, and enable the Basic level predefined metric set. Log CPU utilization every 60 minutes, and initiate an instance shutdown if CPU utilization is less than 10%.",Use AWS Systems Manager Run Command to get CPU utilization from each EC2 instance every 60 minutes. Initiate an instance shutdown if CPU utilization is less than 10%.,,,一名 SysOps 管理员必须创建一个解决方案，该方案会自动关闭任何 Amazon EC2 实例，这些实例的平均 CPU 利用率少于 10% 持续 60 分钟或更长时间。 哪个解决方案将以最具操作效率的方式满足此要求？,"在每个 EC2 实例上实现一个 cron 作业，每 60 分钟运行一次，并计算当前的 CPU 利用率。  
如果 CPU 利用率小于 10%，则启动实例关闭。","为每个 EC2 实例实现一个 Amazon CloudWatch 警报，以监控平均 CPU 利用率。  
将周期设置为 1 小时，并将阈值设置为 10%。  
在警报上配置一个 EC2 操作，以停止实例。",在每个 EC2 实例上安装统一的 Amazon CloudWatch agent， 并启用 Basic 级别预定义指标集。 记录 CPU 利用率每 60 分钟一次， 并在 CPU 利用率低于 10% 时启动实例关闭。,使用 AWS Systems Manager Run Command 来获取每个 EC2 实例每 60 分钟的 CPU 利用率。 如果 CPU 利用率小于 10%，则启动实例关闭。,nan,nan,"一名 SysOps 管理员必须创建一个解决方案，该方案会自动关闭任何 Amazon EC2 实例，这些实例的平均 CPU 利用率少于 10% 持续 60 分钟或更长时间。  
哪个解决方案将以最具操作效率的方式满足此要求？"
133,A SysOps administrator is unable to authenticate an AWS CLI call to an AWS service.  Which of the following is the cause of this issue?,D,The IAM password is incorrect.,The server certificate is missing.,The SSH key pair is incorrect.,There is no access key.,,,一名 SysOps 管理员无法验证对 AWS CLI 调用到 AWS 服务的身份。  以下哪项是导致此问题的原因？,The IAM 密码 是 不正确 的 。,服务器 证书 是 缺失 的 。,The SSH key pair 是 不正确的。,没有访问密钥。,nan,nan,一名 SysOps 管理员无法验证对 AWS CLI 调用到 AWS 服务的身份。  以下哪项是导致此问题的原因？
134,A company requires that all IAM user accounts that have not been used for 90 days or more must have their access keys and passwords immediately disabled. A SysOps administrator must automate the process of disabling unused keys using the MOST operationally efficient method.  How should the SysOps administrator implement this solution?,D,Create an AWS Step Functions workflow to identify IAM users that have not been active for 90 days. Run an AWS Lambda function when a scheduled Amazon EventBridge (Amazon CloudWatch Events) rule is invoked to automatically remove the AWS access keys and passwords for these IAM users.,Configure an AWS Config rule to identify IAM users that have not been active for 90 days. Set up an automatic weekly batch process on an Amazon EC2 instance to disable the AWS access keys and passwords for these IAM users.,Develop and run a Python script on an Amazon EC2 instance to programmatically identify IAM users that have not been active for 90 days. Automatically delete these IAM users.,Set up an AWS Config managed rule to identify IAM users that have not been active for 90 days. Set up an AWS Systems Manager automation runbook to disable the AWS access keys for these IAM users.,,,一家公司要求所有未在90天或更长时间内使用的 IAM user accounts 必须立即禁用其访问密钥和密码。 一名 SysOps administrator 必须使用 最具操作效率的方法 自动化禁用未使用密钥的过程。 如何让 SysOps administrator 实现这个解决方案？,"创建一个 AWS Step Functions 工作流，以识别未在 90 天内活跃的 IAM 用户。  
当调度的 Amazon EventBridge (Amazon CloudWatch Events) 规则被触发时，运行一个 AWS Lambda 函数，以自动删除这些 IAM 用户的 AWS 访问密钥和密码。",配置一个 AWS Config 规则以识别在 90 天内未曾活跃的 IAM 用户。设置一个在 Amazon EC2 实例上的自动每周批处理流程，以禁用这些 IAM 用户的 AWS 访问密钥和密码。,在 Amazon EC2 实例上开发并运行一个 Python 脚本，以编程方式识别出未在 90 天内活跃的 IAM 用户。 自动删除这些 IAM 用户。,设置一个 AWS Config 管理规则，以识别那些在 90 天内未曾活跃的 IAM 用户。设置一个 AWS Systems Manager 自动化运行簿，以禁用这些 IAM 用户的 AWS 访问密钥。,nan,nan,"一家公司要求所有未在90天或更长时间内使用的 IAM user accounts 必须立即禁用其访问密钥和密码。  
A company requires all IAM user accounts that have not been used in 90 days or longer to immediately disable their access keys and passwords.  
一名 SysOps administrator 必须使用 最具操作效率的方法 自动化禁用未使用密钥的过程。  
A SysOps administrator must use the most operationally efficient method to automate the process of disabling unused keys.  
如何让 SysOps administrator 实现这个解决方案？  
How can the SysOps administrator implement this solution?"
135,"A company creates custom AMI images by launching new Amazon EC2 instances from an AWS CloudFormation template. It installs and configures necessary software through AWS OpsWorks, and takes images of each EC2 instance. The process of installing and configuring software can take between 2 to 3 hours, but at times, the process stalls due to installation errors.  The SysOps administrator must modify the CloudFormation template so if the process stalls, the entire stack will fail and roll back.  Based on these requirements, what should be added to the template?",B,Conditions with a timeout set to 4 hours.,CreationPolicy with a timeout set to 4 hours.,DependsOn with a timeout set to 4 hours.,Metadata with a timeout set to 4 hours.,,,"一家公司通过从 AWS CloudFormation 模板启动新的 Amazon EC2 实例创建定制的 AMI 镜像。  
它通过 AWS OpsWorks 安装和配置必要的软件，并对每个 EC2 实例进行镜像。  
安装和配置软件的过程可能需要 2 到 3 小时，但有时，由于安装错误，过程会停止。  
SysOps 管理员必须修改 CloudFormation 模板，以便如果过程停止，整个堆栈将失败并回滚。  
根据这些要求，应该在模板中添加什么？",条件，设置超时时间为 4 小时。,CreationPolicy 与 超时 设置 为 4 小时。,DependsOn 与超时设置为 4 小时。,带有超时设置为4小时元数据。,nan,nan,"一家公司通过从 AWS CloudFormation 模板启动新的 Amazon EC2 实例创建定制的 AMI 镜像。  
它通过 AWS OpsWorks 安装和配置必要的软件，并对每个 EC2 实例进行镜像。  
安装和配置软件的过程可能需要 2 到 3 小时，但有时，由于安装错误，过程会停止。  
SysOps 管理员必须修改 CloudFormation 模板，以便如果过程停止，整个堆栈将失败并回滚。  
根据这些要求，应该在模板中添加什么？"
136,"A company runs workloads on 90 Amazon EC2 instances in the eu-west-1 Region in an AWS account. In 2 months, the company will migrate the workloads from eu-west-1 to the eu-west-3 Region.  The company needs to reduce the cost of the EC2 instances. The company is willing to make a 1-year commitment that will begin next week. The company must choose an EC2 instance purchasing option that will provide discounts for the 90 EC2 instances regardless of Region during the 1-year period.  Which solution will meet these requirements?",D,Purchase EC2 Standard Reserved Instances.,Purchase an EC2 Instance Savings Plan.,Purchase EC2 Convertible Reserved Instances.,Purchase a Compute Savings Plan.,,,"一家公司在一个AWS账户中，在eu-west-1 Region运行90个Amazon EC2实例的工作负载。  
In 2 months, the company will migrate the workloads from eu-west-1 to the eu-west-3 Region.  
该公司需要降低EC2实例的成本。  
The company is willing to make a 1-year commitment that will begin next week.  
该公司必须选择一种EC2实例购买选项，能够在1年期间为这90个EC2实例提供折扣，无论Region如何。  
哪种解决方案可以满足这些要求？",购买 EC2 Standard Reserved Instances。,购买 一个 EC2 Instance Savings Plan 。,购买 EC2 Convertible Reserved Instances。,购买 一个 计算 节省 计划。,nan,nan,"一家公司在一个AWS账户中，在eu-west-1 Region运行90个Amazon EC2实例的工作负载。  
In 2 months, the company will migrate the workloads from eu-west-1 to the eu-west-3 Region.  
该公司需要降低EC2实例的成本。  
The company is willing to make a 1-year commitment that will begin next week.  
该公司必须选择一种EC2实例购买选项，能够在1年期间为这90个EC2实例提供折扣，无论Region如何。  
哪种解决方案可以满足这些要求？"
137,"A SysOps administrator has created a VPC that contains a public subnet and a private subnet. Amazon EC2 instances that were launched in the private subnet cannot access the internet. The default network ACL is active on all subnets in the VPC, and all security groups allow all outbound traffic.  Which solution will provide the EC2 instances in the private subnet with access to the internet?",A,Create a NAT gateway in the public subnet. Create a route from the private subnet to the NAT gateway.,Create a NAT gateway in the public subnet. Create a route from the public subnet to the NAT gateway.,Create a NAT gateway in the private subnet. Create a route from the public subnet to the NAT gateway.,Create a NAT gateway in the private subnet. Create a route from the private subnet to the NAT gateway.,,,一名 SysOps 管理员创建了一个 VPC，包含一个公共子网和一个私有子网。 在私有子网中启动的 Amazon EC2 实例无法访问互联网。 默认网络 ACL 在 VPC 中的所有子网上都是激活的，且所有安全组都允许所有出站流量。 哪个解决方案将为私有子网中的 EC2 实例提供访问互联网的权限？,"在公共子网中创建一个 NAT gateway。  
从私有子网创建一条路由到 NAT gateway。","在公共子网中创建一个 NAT gateway。  
从公共子网到 NAT gateway 创建一条路由。","在私有子网中创建一个 NAT gateway。  
从公共子网创建一条路由到 NAT gateway。","在私有子网中创建一个 NAT gateway。  
从私有子网到 NAT gateway 创建一条路由。",nan,nan,"一名 SysOps 管理员创建了一个 VPC，包含一个公共子网和一个私有子网。  
在私有子网中启动的 Amazon EC2 实例无法访问互联网。  
默认网络 ACL 在 VPC 中的所有子网上都是激活的，且所有安全组都允许所有出站流量。  
哪个解决方案将为私有子网中的 EC2 实例提供访问互联网的权限？"
138,A company plans to run a public web application on Amazon EC2 instances behind an Elastic Load Balancer (ELB). The company's security team wants to protect the website by using AWS Certificate Manager (ACM) certificates. The ELB must automatically redirect any HTTP requests to HTTPS.  Which solution will meet these requirements?,B,Create an Application Load Balancer that has one HTTPS listener on port 80. Attach an SSL/TLS certificate to listener port 80. Create a rule to redirect requests from HTTP to HTTPS.,Create an Application Load Balancer that has one HTTP listener on port 80 and one HTTPS protocol listener on port 443. Attach an SSL/TLS certificate to listener port 443. Create a rule to redirect requests from port 80 to port 443.,Create an Application Load Balancer that has two TCP listeners on port 80 and port 443. Attach an SSL/TLS certificate to listener port 443. Create a rule to redirect requests from port 80 to port 443.,Create a Network Load Balancer that has two TCP listeners on port 80 and port 443. Attach an SSL/TLS certificate to listener port 443. Create a rule to redirect requests from port 80 to port 443.,,,"一家公司计划在 Amazon EC2 实例上运行一个公共网页应用程序，位于 Elastic Load Balancer (ELB) 后面。  
该公司的安全团队想要通过使用 AWS Certificate Manager (ACM) 证书来保护该网站。  
ELB 必须自动将任何 HTTP 请求重定向到 HTTPS。  
哪种解决方案可以满足这些要求？",创建一个 Application Load Balancer，具有一个在端口 80 上的 HTTPS 监听器。附加一个 SSL/TLS 证书到监听器端口 80。创建一个规则，将请求从 HTTP 重定向到 HTTPS。,"创建一个 Application Load Balancer，该负载均衡器具有一个在端口 80 上的 HTTP 监听器和一个在端口 443 上的 HTTPS 协议监听器。  
将 SSL/TLS 证书附加到监听器端口 443。  
创建一条规则，将请求从端口 80 重定向到端口 443。","创建一个 Application Load Balancer，该负载均衡器具有两个 TCP 监听器，监听端口为 80 和 443。  
附加一个 SSL/TLS 证书到监听器端口 443。  
创建一条规则，将请求从端口 80 重定向到端口 443。","创建一个 Network Load Balancer，该负载均衡器具有两个 TCP 监听器，监听端口为 80 和 443。  
附加一个 SSL/TLS 证书到监听器端口 443。  
创建一个规则，将请求从端口 80 重定向到端口 443。",nan,nan,"一家公司计划在 Amazon EC2 实例上运行一个公共网页应用程序，位于 Elastic Load Balancer (ELB) 后面。  
该公司的安全团队想要通过使用 AWS Certificate Manager (ACM) 证书来保护该网站。  
ELB 必须自动将任何 HTTP 请求重定向到 HTTPS。  
哪种解决方案可以满足这些要求？"
139,A company wants to track its AWS costs in all member accounts that are part of an organization in AWS Organizations. Managers of the member accounts want to receive a notification when the estimated costs exceed a predetermined amount each month. The managers are unable to configure a billing alarm. The IAM permissions for all users are correct.  What could be the cause of this issue?,A,The management/payer account does not have billing alerts turned on.,The company has not configured AWS Resource Access Manager (AWS RAM) to share billing information between the member accounts and the management/payer account.,Amazon GuardDuty is turned on for all the accounts.,The company has not configured an AWS Config rule to monitor billing.,,,"一家公司想要追踪其在 AWS Organizations 中作为组织成员账户的所有账户的 AWS 成本。  
Managers of the member accounts 想要接收通知 当 估算的成本 超过 一个 预定的 数量 每个月。  
The managers 是 无法 配置 一个 billing alarm。  
The IAM permissions for all users 是 正确 的。  
What could be the cause of this issue?",管理/付款账户没有开启计费提醒。,公司尚未配置 AWS Resource Access Manager (AWS RAM) 以在成员账户和管理/支付账户之间共享账单信息。,Amazon GuardDuty 已为所有账户开启。,公司尚未配置一个 AWS Config 规则以监控账单。,nan,nan,"一家公司想要追踪其在 AWS Organizations 中作为组织成员账户的所有账户的 AWS 成本。  
Managers of the member accounts 想要接收通知 当 估算的成本 超过 一个 预定的 数量 每个月。  
The managers 是 无法 配置 一个 billing alarm。  
The IAM permissions for all users 是 正确 的。  
What could be the cause of this issue?"
140,A company is using Amazon Elastic Container Service (Amazon ECS) to run a containerized application on Amazon EC2 instances. A SysOps administrator needs to monitor only traffic flows between the ECS tasks.  Which combination of steps should the SysOps administrator take to meet this requirement? (Choose two.),BC,Configure Amazon CloudWatch Logs on the elastic network interface of each task.,Configure VPC Flow Logs on the elastic network interface of each task.,Specify the awsvpc network mode in the task definition.,Specify the bridge network mode in the task definition.,Specify the host network mode in the task definition.,,一家公司正在使用 Amazon Elastic Container Service (Amazon ECS) 在 Amazon EC2 实例上运行一个容器化应用程序。 一个 SysOps 管理员需要只监控 ECS 任务之间的流量。 哪些步骤的组合应该由 SysOps 管理员采取以满足这个要求？（选择两个。）,在每个任务的弹性网络接口上配置 Amazon CloudWatch Logs。,在每个任务的弹性网络接口上配置 VPC Flow Logs。,在任务定义中指定 awsvpc 网络模式。,在任务定义中指定 bridge 网络模式。,在任务定义中指定主机网络模式。,nan,"一家公司正在使用 Amazon Elastic Container Service (Amazon ECS) 在 Amazon EC2 实例上运行一个容器化应用程序。  
一个 SysOps 管理员需要只监控 ECS 任务之间的流量。  
哪些步骤的组合应该由 SysOps 管理员采取以满足这个要求？（选择两个。）"
141,A company uses AWS Organizations to manage multiple AWS accounts. The company's SysOps team has been using a manual process to create and manage IAM roles. The team requires an automated solution to create and manage the necessary IAM roles for multiple AWS accounts.  What is the MOST operationally efficient solution that meets these requirements?,D,Create AWS CloudFormation templates. Reuse the templates to create the necessary IAM roles in each of the AWS accounts.,Use AWS Directory Service with AWS Organizations to automatically associate the necessary IAM roles with Microsoft Active Directory users.,Use AWS Resource Access Manager with AWS Organizations to deploy and manage shared resources across the AWS accounts.,Use AWS CloudFormation StackSets with AWS Organizations to deploy and manage IAM roles for the AWS accounts.,,,"一家公司使用 AWS Organizations 来管理多个 AWS 账户。  
该公司的 SysOps 团队一直使用手动流程来创建和管理 IAM roles。  
该团队需要一个自动化解决方案，以创建和管理多个 AWS 账户所需的 IAM roles。  
什么是满足这些要求的最具操作效率的解决方案？",创建 AWS CloudFormation 模板。重用 模板 来 创建 必要的 IAM 角色 在 每个 的 AWS 账户。,使用 AWS Directory Service 与 AWS Organizations 一起 自动 关联 必要 的 IAM 角色 与 Microsoft Active Directory 用户。,使用 AWS Resource Access Manager 与 AWS Organizations 一起在 AWS 账户之间部署和管理共享资源。,使用 AWS CloudFormation StackSets 与 AWS Organizations 一起部署 和 管理 IAM 角色 为 AWS 账户。,nan,nan,"一家公司使用 AWS Organizations 来管理多个 AWS 账户。  
该公司的 SysOps 团队一直使用手动流程来创建和管理 IAM roles。  
该团队需要一个自动化解决方案，以创建和管理多个 AWS 账户所需的 IAM roles。  
什么是满足这些要求的最具操作效率的解决方案？"
142,A SysOps administrator needs to configure automatic rotation for Amazon RDS database credentials. The credentials must rotate every 30 days. The solution must integrate with Amazon RDS.  Which solution will meet these requirements with the LEAST operational overhead?,B,Store the credentials in AWS Systems Manager Parameter Store as a secure string. Configure automatic rotation with a rotation interval of 30 days.,Store the credentials in AWS Secrets Manager. Configure automatic rotation with a rotation interval of 30 days.,Store the credentials in a file in an Amazon S3 bucket. Deploy an AWS Lambda function to automatically rotate the credentials every 30 days.,Store the credentials in AWS Secrets Manager. Deploy an AWS Lambda function to automatically rotate the credentials every 30 days.,,,"一名 SysOps 管理员需要配置 Amazon RDS 数据库凭证的自动轮换。  
这些凭证必须每 30 天轮换一次。  
该解决方案必须与 Amazon RDS 集成。  
哪种解决方案将在最少的操作开销下满足这些要求？",将凭据存储在 AWS Systems Manager Parameter Store 作为一个安全字符串。配置自动轮换，轮换间隔为 30 天。,将凭据存储在 AWS Secrets Manager 中。配置具有 30 天轮换间隔的自动轮换。,将凭证存储在 Amazon S3 bucket 中的文件中。部署一个 AWS Lambda function 以每 30 天自动轮换凭证。,将凭证存储在 AWS Secrets Manager 中。 部署一个 AWS Lambda 函数以每 30 天自动轮换凭证。,nan,nan,"一名 SysOps 管理员 需要 配置 Amazon RDS 数据库凭证 的 自动轮换。  
这些凭证 必须 每 30 天 轮换 一次。  
该 解决方案 必须 与 Amazon RDS 集成。  
哪种 解决方案 将 在 最少 的 操作 开销 下 满足 这些 要求？"
143,"A company's SysOps administrator attempts to restore an Amazon Elastic Block Store (Amazon EBS) snapshot. However, the snapshot is missing because another system administrator accidentally deleted the snapshot. The company needs the ability to recover snapshots for a specified period of time after snapshots are deleted.  Which solution will provide this functionality?",C,Turn on deletion protection on individual EBS snapshots that need to be kept.,Create an IAM policy that denies the deletion of EBS snapshots by using a condition statement for the snapshot age. Apply the policy to all users.,Create a Recycle Bin retention rule for EBS snapshots for the desired retention period.,Use Amazon EventBridge (Amazon CloudWatch Events) to schedule an AWS Lambda function to copy EBS snapshots to Amazon S3 Glacier.,,,"一家公司'的 SysOps 管理员尝试恢复一个 Amazon Elastic Block Store (Amazon EBS) 快照。  
然而，快照丢失了，因为另一位系统管理员不小心删除了快照。  
这家公司需要在快照被删除后的一段指定时间内恢复快照的能力。  
哪种解决方案可以提供此功能？",开启删除保护在需要保留的单个 EBS snapshots 上。,创建 一个 IAM 政策 ， 该 政策 拒绝 删除 EBS 快照 ， 通过 使用 一个 条件 语句 ， 用于 快照 年龄 。 将 该 政策 应用 到 所有 用户 。,为 EBS 快照创建一个回收站保留规则，用于所需的保留期。,使用 Amazon EventBridge (Amazon CloudWatch Events) 来安排一个 AWS Lambda 函数以复制 EBS 快照到 Amazon S3 Glacier。,nan,nan,"一家公司 SysOps 管理员尝试恢复一个 Amazon Elastic Block Store (Amazon EBS) 快照。  
However, 快照丢失了，因为另一位系统管理员不小心删除了快照。  
这家公司需要在快照被删除后的一段指定时间内恢复快照的能力。  
哪种解决方案可以提供此功能？"
144,A SysOps administrator recently configured Amazon S3 Cross-Region Replication on an S3 bucket.  Which of the following does this feature replicate to the destination S3 bucket by default?,D,Objects in the source S3 bucket for which the bucket owner does not have permissions,Objects that are stored in S3 Glacier,Objects that existed before replication was configured,Object metadata,,,一名 SysOps 管理员最近在一个 S3 桶上配置了 Amazon S3 Cross-Region Replication。 这个功能默认会复制到目标 S3 桶的哪些内容？,源 S3 存储桶中的对象，存储桶所有者没有权限,存储在 S3 Glacier 中的对象,在配置复制之前存在的对象,对象 元数据,nan,nan,一名 SysOps 管理员 最近 在 一个 S3 桶 上 配置了 Amazon S3 Cross-Region Replication 。 这个 功能 默认 会 复制 到 目标 S3 桶 的 哪些 内容 ？
145,A company has a workload that is sending log data to Amazon CloudWatch Logs. One of the fields includes a measure of application latency. A SysOps administrator needs to monitor the p90 statistic of this field over time.  What should the SysOps administrator do to meet this requirement?,B,Create an Amazon CloudWatch Contributor Insights rule on the log data.,Create a metric filter on the log data.,Create a subscription filter on the log data.,Create an Amazon CloudWatch Application Insights rule for the workload.,,,"一家公司有一个工作负载，正在向 Amazon CloudWatch Logs 发送日志数据。  
其中一个字段包括应用程序延迟的度量。  
一名 SysOps 管理员需要监控该字段随时间变化的 p90 统计数据。  
SysOps 管理员应该做什么以满足这个需求？",在 log data 上创建一个 Amazon CloudWatch Contributor Insights 规则。,在日志数据上创建一个指标过滤器。,在日志数据上创建一个订阅过滤器。,为工作负载创建一个 Amazon CloudWatch Application Insights 规则。,nan,nan,"一家公司有一个工作负载，正在向 Amazon CloudWatch Logs 发送日志数据。  
其中一个字段包括应用程序延迟的度量。  
一名 SysOps 管理员需要监控该字段随时间变化的 p90 统计数据。  
SysOps 管理员应该做什么以满足这个需求？"
146,A company wants to archive sensitive data on Amazon S3 Glacier. The company's regulatory and compliance requirements do not allow any modifications to the data by any account.  Which solution meets these requirements?,B,Attach a vault lock policy to an S3 Glacier vault that contains the archived data. Use the lock ID to validate the vault lock policy after 24 hours.,Attach a vault lock policy to an S3 Glacier vault that contains the archived data. Use the lock ID to validate the vault lock policy within 24 hours.,Configure S3 Object Lock in governance mode. Upload all files after 24 hours.,Configure S3 Object Lock in governance mode. Upload all files within 24 hours.,,,"一家公司想要在 Amazon S3 Glacier 上归档敏感数据。  
该公司的监管和合规要求不允许任何账户对数据进行任何修改。  
哪种解决方案满足这些要求？",将 vault lock policy 附加到包含归档数据的 S3 Glacier vault。 使用 lock ID 在 24 小时后验证 vault lock policy。,将 vault lock policy 附加到包含归档数据的 S3 Glacier vault 上。使用 lock ID 在 24 小时内验证 vault lock policy。,配置 S3 Object Lock 在 governance 模式。上传 所有 文件 在 24 小时 后。,配置 S3 Object Lock 在 governance 模式。上传 所有 文件 在 24 小时 内。,nan,nan,"一家公司想要在 Amazon S3 Glacier 上归档敏感数据。  
该公司的监管和合规要求不允许任何账户对数据进行任何修改。  
哪种解决方案满足这些要求？"
147,A company manages an application that uses Amazon ElastiCache for Redis with two extra-large nodes spread across two different Availability Zones. The company's IT team discovers that the ElastiCache for Redis cluster has 75% freeable memory. The application must maintain high availability.  What is the MOST cost-effective way to resize the cluster?,D,Decrease the number of nodes in the ElastiCache for Redis cluster from 2 to 1.,"Deploy a new ElastiCache for Redis cluster that uses large node types. Migrate the data from the original cluster to the new cluster. After the process is complete, shut down the original cluster.","Deploy a new ElastiCache for Redis cluster that uses large node types. Take a backup from the original cluster, and restore the backup in the new cluster. After the process is complete, shut down the original cluster.",Perform an online resizing for the ElastiCache for Redis cluster. Change the node types from extra-large nodes to large nodes.,,,"一家公司管理一个使用 Amazon ElastiCache for Redis 的应用程序，该应用程序具有两个超大节点，分布在两个不同的可用区。  
该公司的 IT 团队发现 ElastiCache for Redis 集群有 75% 可释放内存。  
该应用程序必须保持高可用性。  
什么是最具成本效益的调整集群大小的方法？",将 ElastiCache for Redis 集群中的节点数量从 2 减少到 1。,部署一个新的 ElastiCache for Redis 集群，使用大型节点类型。迁移数据从原始集群到新的集群。完成该过程后，关闭原始集群。,部署一个新的 ElastiCache for Redis 集群，使用大型节点类型。进行备份从原始集群，和恢复备份在新的集群中。完成过程后，关闭原始集群。,对 ElastiCache for Redis 集群执行在线调整大小。将节点类型从 extra-large 节点更改为 large 节点。,nan,nan,"一家公司管理一个使用 Amazon ElastiCache for Redis 的应用程序，该应用程序具有两个超大节点，分布在两个不同的可用区。  
该公司的 IT 团队发现 ElastiCache for Redis 集群有 75% 可释放内存。  
该应用程序必须保持高可用性。  
什么是最具成本效益的调整集群大小的方法？"
148,A company must migrate its applications to AWS. The company is using Chef recipes for configuration management. The company wants to continue to use the existing Chef recipes after the applications are migrated to AWS.  What is the MOST operationally efficient solution that meets these requirements?,D,"Use AWS CloudFormation to create an Amazon EC2 instance, install a Chef server, and add Chef recipes.",Use AWS CloudFormation to create a stack and add layers for Chef recipes.,Use AWS Elastic Beanstalk with the Docker platform to upload Chef recipes.,Use AWS OpsWorks to create a stack and add layers with Chef recipes.,,,"一家公司必须将其应用程序迁移到 AWS。  
The company is using Chef recipes for configuration management.  
该公司正在使用 Chef recipes 进行配置管理。  
The company wants to continue to use the existing Chef recipes after the applications are migrated to AWS.  
该公司希望在应用程序迁移到 AWS 之后，继续使用现有的 Chef recipes。  
What is the MOST operationally efficient solution that meets these requirements?  
满足这些要求的最具操作效率的解决方案是什么？",使用 AWS CloudFormation 来创建 一个 Amazon EC2 实例，安装 一个 Chef 服务器，和 添加 Chef 配方。,使用 AWS CloudFormation 来创建 一个 堆栈 并 添加 层 以 用于 Chef 配方。,使用 AWS Elastic Beanstalk 与 Docker 平台 一起 上传 Chef 配方。,使用 AWS OpsWorks 来创建 一个 堆栈 并 添加 层 使用 Chef 配方。,nan,nan,"一家公司必须将其应用程序迁移到 AWS。  
The company is using Chef recipes for configuration management.  
该公司正在使用 Chef recipes 进行配置管理。  
The company wants to continue to use the existing Chef recipes after the applications are migrated to AWS.  
该公司希望在应用程序迁移到 AWS 之后，继续使用现有的 Chef recipes。  
What is the MOST operationally efficient solution that meets these requirements?  
满足这些要求的最具操作效率的解决方案是什么？"
149,A company uses AWS Organizations to manage its AWS accounts. A SysOps administrator must create a backup strategy for all Amazon EC2 instances across all the company's AWS accounts.  Which solution will meet these requirements in the MOST operationally efficient way?,C,Deploy an AWS Lambda function to each account to run EC2 instance snapshots on a scheduled basis.,Create an AWS CloudFormation stack set in the management account to add an AutoBackup=True tag to every EC2 instance.,Use AWS Backup in the management account to deploy policies for all accounts and resources.,Use a service control policy (SCP) to run EC2 instance snapshots on a scheduled basis in each account.,,,一家公司使用 AWS Organizations 来管理其 AWS 账户。 一名 SysOps 管理员必须为公司所有 AWS 账户中的所有 Amazon EC2 实例创建备份策略。 哪种解决方案将以最具操作效率的方式满足这些要求？,在每个账户中部署一个 AWS Lambda 函数，以便按照预定时间运行 EC2 实例快照。,在管理账户中创建一个 AWS CloudFormation stack set，以便向每个 EC2 实例添加一个 AutoBackup=True 标签。,在管理账户中使用 AWS Backup 来部署策略，以覆盖所有账户和资源。,使用一个 service control policy (SCP) 来在每个账户中按照计划的基础运行 EC2 instance snapshots。,nan,nan,"一家公司使用 AWS Organizations 来管理其 AWS 账户。  
一名 SysOps 管理员必须为公司所有 AWS 账户中的所有 Amazon EC2 实例创建备份策略。  
哪种解决方案将以最具操作效率的方式满足这些要求？"
150,"A SysOps administrator is reviewing VPC Flow Logs to troubleshoot connectivity issues in a VPC. While reviewing the logs, the SysOps administrator notices that rejected traffic is not listed.  What should the SysOps administrator do to ensure that all traffic is logged?",A,Create a new flow log that has a filter setting to capture all traffic.,Create a new flow log. Set the log record format to a custom format. Select the proper fields to include in the log.,Edit the existing flow log. Change the filter setting to capture all traffic.,Edit the existing flow log. Set the log record format to a custom format. Select the proper fields to include in the log.,,,"一名 SysOps 管理员正在审查 VPC Flow Logs 以排查 VPC 中的连接问题。  
当审查日志时，SysOps 管理员注意到被拒绝的流量没有被列出。  
SysOps 管理员应该做什么以确保所有流量都被记录？",创建 一个 新的 流量 日志 ， 那个 有 一个 过滤 设置 ， 用于 捕获 所有 流量 。,创建 一个 新的 流 日志。 设置 日志 记录 格式 为 一个 自定义 格式。 选择 适当 的 字段 以 包含 在 日志 中。,编辑 现有 的 flow log 。 改变 过滤器 设置 以 捕获 所有 流量 。,编辑 现有 的 flow log。设置 log record format 为 自定义 格式。选择 适当 的 字段 以 包含 在 log 中。,nan,nan,"一名 SysOps 管理员正在审查 VPC Flow Logs 以排查 VPC 中的连接问题。  
当审查日志时，SysOps 管理员注意到被拒绝的流量没有被列出。  
SysOps 管理员应该做什么以确保所有流量都被记录？"
151,"A company is expanding its use of AWS services across its portfolios. The company wants to provision AWS accounts for each team to ensure a separation of business processes for security, compliance, and billing. Account creation and bootstrapping should be completed in a scalable and efficient way so new accounts are created with a defined baseline and governance guardrails in place. A SysOps administrator needs to design a provisioning process that saves time and resources.  Which action should be taken to meet these requirements?",D,"Automate using AWS Elastic Beanstalk to provision the AWS accounts, set up infrastructure, and integrate with AWS Organizations.",Create bootstrapping scripts in AWS OpsWorks and combine them with AWS CloudFormation templates to provision accounts and infrastructure.,Use AWS Config to provision accounts and deploy instances using AWS Service Catalog.,Use AWS Control Tower to create a template in Account Factory and use the template to provision new accounts.,,,"一家公司正在扩大其在其投资组合中对 AWS services 的使用。  
The company wants to provision AWS accounts for each team to ensure a separation of business processes for security, compliance, and billing.  
公司希望为每个团队配置 AWS 账户，以确保安全、合规和账单的业务流程分离。  
Account creation and bootstrapping should be completed in a scalable and efficient way so new accounts are created with a defined baseline and governance guardrails in place.  
账户创建和引导应以可扩展和高效的方式完成，以便新账户在具有定义的基础线和治理护栏的情况下被创建。  
A SysOps administrator needs to design a provisioning process that saves time and resources.  
一名 SysOps 管理员需要设计一个节省时间和资源的配置流程。  
Which action should be taken to meet these requirements?  
应采取什么措施以满足这些要求？",使用 AWS Elastic Beanstalk 自动化 以 配置 AWS 账户，建立 基础设施，和 集成 与 AWS Organizations。,在 AWS OpsWorks 中创建引导脚本，并将它们与 AWS CloudFormation 模板结合，以配置账户和基础设施。,使用 AWS Config 来配置账户和部署实例，使用 AWS Service Catalog。,使用 AWS Control Tower 来创建一个模板在 Account Factory 中，并且使用这个模板来配置新的账户。,nan,nan,"一家公司正在扩大其在其投资组合中对 AWS services 的使用。  
The company wants to provision AWS accounts for each team to ensure a separation of business processes for security, compliance, and billing.  
公司希望为每个团队配置 AWS 账户，以确保安全、合规和账单的业务流程分离。  
Account creation and bootstrapping should be completed in a scalable and efficient way so new accounts are created with a defined baseline and governance guardrails in place.  
账户创建和引导应以可扩展和高效的方式完成，以便新账户在具有定义的基础线和治理护栏的情况下被创建。  
A SysOps administrator needs to design a provisioning process that saves time and resources.  
一名 SysOps 管理员需要设计一个节省时间和资源的配置流程。  
Which action should be taken to meet these requirements?  
应采取什么措施以满足这些要求？"
152,A SysOps administrator noticed that the cache hit ratio for an Amazon CloudFront distribution is less than 10%.  Which collection of configuration changes will increase the cache hit ratio for the distribution? (Choose two.),AE,"Ensure that only required cookies, query strings, and headers are forwarded in the Cache Behavior Settings.",Change the Viewer Protocol Policy to use HTTPS only.,Configure the distribution to use presigned cookies and URLs to restrict access to the distribution.,Enable automatic compression of objects in the Cache Behavior Settings.,Increase the CloudFront time to live (TTL) settings in the Cache Behavior Settings.,,"一名 SysOps 管理员注意到，Amazon CloudFront 分发的缓存命中率低于 10%。  
哪一组配置更改将增加该分发的缓存命中率？（选择两个。）",确保 只 需要 的 cookies、query strings 和 headers 被 转发 在 Cache Behavior Settings 中。,将 Viewer Protocol Policy 改为使用 HTTPS 仅。,配置 配置 该 distribution 以 使用 使用 presigned cookies 和 URLs 来 限制 限制 访问 访问 到 到 该 distribution 。,在 Cache Behavior Settings 中启用对象的自动压缩。,在 Cache Behavior Settings 中增加 CloudFront 的 time to live (TTL) 设置。,nan,"一名 SysOps 管理员注意到，Amazon CloudFront 分发的缓存命中率低于 10%。  
哪一组配置更改将增加该分发的缓存命中率？（选择两个。）"
153,"A SysOps administrator is attempting to download patches from the internet into an instance in a private subnet. An internet gateway exists for the VPC, and a NAT gateway has been deployed on the public subnet; however, the instance has no internet connectivity. The resources deployed into the private subnet must be inaccessible directly from the public internet.  Public Subnet (10.0.1.0/24) Route Table  Destination Target -10.0.0.0/16 local 0.0.0.0/0 IGW  Private Subnet (10.0.2.0/24) Route Table  Destination Target -10.0.0.0/16 local  What should be added to the private subnet's route table in order to address this issue, given the information provided?",B,0.0.0.0/0 IGW,0.0.0.0/0 NAT,10.0.1.0/24 IGW,10.0.1.0/24 NAT,,,"一名SysOps管理员试图从互联网下载补丁到私有子网中的实例。  
An SysOps administrator is attempting to download patches from the internet into an instance in a private subnet.  

一个VPC存在一个Internet Gateway，且在公共子网中部署了一个NAT Gateway；然而，实例没有互联网连接。  
An internet gateway exists for the VPC, and a NAT gateway has been deployed on the public subnet; however, the instance has no internet connectivity.  

部署到私有子网的资源必须不能直接从公共互联网访问。  
The resources deployed into the private subnet must be inaccessible directly from the public internet.  

公共子网（10.0.1.0/24）路由表  
Public Subnet (10.0.1.0/24) Route Table  

目标 目标  
Destination Target  
-10.0.0.0/16 local  
-10.0.0.0/16 local  
0.0.0.0/0 IGW  
0.0.0.0/0 IGW  

私有子网（10.0.2.0/24）路由表  
Private Subnet (10.0.2.0/24) Route Table  

目标 目标  
Destination Target  
-10.0.0.0/16 local  
-10.0.0.0/16 local  

为了应对这个问题，考虑提供的资料，应该在私有子网的路由表中添加什么？  
What should be added to the private subnet's route table in order to address this issue, given the information provided?",0.0.0.0/0 IGW,0.0.0.0/0 NAT,10.0.1.0/24 IGW,10.0.1.0/24 NAT,nan,nan,"一名SysOps管理员试图从互联网下载补丁到私有子网中的实例。  
An SysOps administrator is attempting to download patches from the internet into an instance in a private subnet.  

一个VPC存在一个Internet Gateway，且在公共子网中部署了一个NAT Gateway；然而，实例没有互联网连接。  
An internet gateway exists for the VPC, and a NAT gateway has been deployed on the public subnet; however, the instance has no internet connectivity.  

部署到私有子网的资源必须不能直接从公共互联网访问。  
The resources deployed into the private subnet must be inaccessible directly from the public internet.  

公共子网（10.0.1.0/24）路由表  
Public Subnet (10.0.1.0/24) Route Table  

目标 目标  
Destination Target  
-10.0.0.0/16 local  
-10.0.0.0/16 local  
0.0.0.0/0 IGW  
0.0.0.0/0 IGW  

私有子网（10.0.2.0/24）路由表  
Private Subnet (10.0.2.0/24) Route Table  

目标 目标  
Destination Target  
-10.0.0.0/16 local  
-10.0.0.0/16 local  

为了应对这个问题，考虑提供的资料，应该在私有子网的路由表中添加什么？  
What should be added to the private subnet's route table in order to address this issue, given the information provided?"
154,"A company is undergoing an external audit of its systems, which run wholly on AWS. A SysOps administrator must supply documentation of Payment Card Industry Data Security Standard (PCI DSS) compliance for the infrastructure managed by AWS.  Which set of actions should the SysOps administrator take to meet this requirement?",A,Download the applicable reports from the AWS Artifact portal and supply these to the auditors.,Download complete copies of the AWS CloudTrail log files and supply these to the auditors.,Download complete copies of the AWS CloudWatch logs and supply these to the auditors.,Provide the auditors with administrative access to the production AWS account so that the auditors can determine compliance.,,,一家公司正在对其系统进行外部审计，这些系统完全在 AWS 上运行。 一名 SysOps 管理员必须提供关于由 AWS 管理的基础设施符合 Payment Card Industry Data Security Standard (PCI DSS) 的合规性文件。 哪一组行动，SysOps 管理员应采取以满足此要求？,从 AWS Artifact 门户下载适用的报告，并将这些提供给审计员。,下载 完整 复制 的 AWS CloudTrail 日志 文件 和 提供 这些 给 审计员。,下载完整的 AWS CloudWatch logs 的副本，并将这些提供给审计员。,向审计员提供对生产 AWS 账户的管理访问权限，以便审计员可以确定合规性。,nan,nan,"一家公司正在对其系统进行外部审计，这些系统完全在 AWS 上运行。  
One company is conducting an external audit of its systems, these systems are entirely running on AWS.  

一名 SysOps 管理员必须提供关于由 AWS 管理的基础设施符合 Payment Card Industry Data Security Standard (PCI DSS) 的合规性文件。  
A SysOps administrator must provide documentation regarding the compliance of the infrastructure managed by AWS with Payment Card Industry Data Security Standard (PCI DSS).  

哪一组行动，SysOps 管理员应采取以满足此要求？  
Which set of actions should the SysOps administrator take to meet this requirement?"
155,A company has an initiative to reduce costs associated with Amazon EC2 and AWS Lambda.  Which action should a SysOps administrator take to meet these requirements?,D,Analyze the AWS Cost and Usage Report by using Amazon Athena to identify cost savings.,Create an AWS Budgets alert to alarm when account spend reaches 80% of the budget.,Purchase Reserved Instances through the Amazon EC2 console.,Use AWS Compute Optimizer and take action on the provided recommendations.,,,一家公司有一个减少与 Amazon EC2 和 AWS Lambda 相关的成本的倡议。  哪个操作应该由 SysOps 管理员采取以满足这些要求？,使用 Amazon Athena 分析 AWS 成本与使用报告，以识别成本节省。,创建一个 AWS Budgets 警报，当账户支出达到预算的 80% 时发出警报。,通过 Amazon EC2 控制台购买预留实例。,使用 AWS Compute Optimizer 并对提供的建议采取行动。,nan,nan,"一家公司有一个减少与 Amazon EC2 和 AWS Lambda 相关的成本的倡议。  
哪个操作应该由 SysOps 管理员采取以满足这些要求？"
156,"A company wants to use only IPv6 for all its Amazon EC2 instances. The EC2 instances must not be accessible from the internet, but the EC2 instances must be able to access the internet. The company creates a dual-stack VPC and IPv6-only subnets.  How should a SysOps administrator configure the VPC to meet these requirements?",C,Create and attach a NAT gateway. Create a custom route table that includes an entry to point all IPv6 traffic to the NAT gateway. Attach the custom route table to the IPv6-only subnets.,Create and attach an internet gateway. Create a custom route table that includes an entry to point all IPv6 traffic to the internet gateway. Attach the custom route table to the IPv6-only subnets.,Create and attach an egress-only internet gateway. Create a custom route table that includes an entry to point all IPv6 traffic to the egress-only internet gateway. Attach the custom route table to the IPv6-only subnets.,Create and attach an internet gateway and a NAT gateway. Create a custom route table that includes an entry to point all IPv6 traffic to the internet gateway and all IPv4 traffic to the NAT gateway. Attach the custom route table to the IPv6-only subnets.,,,"一家公司想要只使用IPv6来为它所有的Amazon EC2实例。  
EC2实例必须不能从互联网访问，但EC2实例必须能够访问互联网。  
这家公司创建了一个dual-stack VPC和IPv6-only子网。  
SysOps管理员应该如何配置VPC以满足这些要求？",创建并附加一个 NAT gateway。创建一个自定义路由表，包含一个条目，将所有 IPv6 流量指向 NAT gateway。将自定义路由表附加到仅支持 IPv6 的子网。,创建并附加一个 internet gateway。创建一个自定义路由表，包含一个条目，将所有 IPv6 流量指向 internet gateway。将自定义路由表附加到仅支持 IPv6 的子网。,创建并附加一个 egress-only internet gateway。创建一个自定义路由表，包含一个条目，将所有 IPv6 流量指向 egress-only internet gateway。将自定义路由表附加到仅 IPv6 的子网。,创建并附加一个 internet gateway 和一个 NAT gateway。创建一个自定义路由表，包含一个条目，将所有 IPv6 流量指向 internet gateway，将所有 IPv4 流量指向 NAT gateway。将自定义路由表附加到仅支持 IPv6 的子网。,nan,nan,"一家公司想要只使用IPv6来为它所有的Amazon EC2实例。  
EC2实例必须不能从互联网访问，但EC2实例必须能够访问互联网。  
这家公司创建了一个dual-stack VPC和IPv6-only子网。  
SysOps管理员应该如何配置VPC以满足这些要求？"
157,A company has an existing web application that runs on two Amazon EC2 instances behind an Application Load Balancer (ALB) across two Availability Zones. The application uses an Amazon RDS Multi-AZ DB Instance. Amazon Route 53 record sets route requests for dynamic content to the load balancer and requests for static content to an Amazon S3 bucket. Site visitors are reporting extremely long loading times.  Which actions should be taken to improve the performance of the website? (Choose two.),AD,Add Amazon CloudFront caching for static content.,Change the load balancer listener from HTTPS to TCP.,Enable Amazon Route 53 latency-based routing.,Implement Amazon EC2 Auto Scaling for the web servers.,Move the static content from Amazon S3 to the web servers.,,一家公司拥有一个现有的 web 应用程序，该应用程序在两个 Amazon EC2 实例上运行，位于两个 Availability Zones 后面通过一个 Application Load Balancer (ALB)，该应用程序使用一个 Amazon RDS Multi-AZ DB Instance。 Amazon Route 53 记录集将请求路由到负载均衡器以获取动态内容，并将请求路由到一个 Amazon S3 存储桶以获取静态内容。 站点访问者报告加载时间极长。 哪些措施应被采取以改善网站的性能？（选择两个。）,添加 Amazon CloudFront 缓存 用于 静态 内容。,将负载均衡器监听器从 HTTPS 改为 TCP。,启用 Amazon Route 53 based 延迟 路由。,为 Web 服务器实现 Amazon EC2 Auto Scaling。,将 静态 内容 从 Amazon S3 移动 到 Web 服务器。,nan,"一家公司拥有一个现有的 web 应用程序，**该应用程序在两个 Amazon EC2 实例上运行**，**位于两个 Availability Zones 后面通过一个 Application Load Balancer (ALB)**，**该应用程序使用一个 Amazon RDS Multi-AZ DB Instance**。  
Amazon Route 53 记录集将请求路由到负载均衡器以获取动态内容，**并将请求路由到一个 Amazon S3 存储桶以获取静态内容**。  
站点访问者报告加载时间极长。  
哪些措施应被采取以改善网站的性能？（选择两个。）"
158,A company is running an application on premises and wants to use AWS for data backup. All of the data must be available locally. The backup application can write only to block-based storage that is compatible with the Portable Operating System Interface (POSIX).  Which backup solution will meet these requirements?,D,Configure the backup software to use Amazon S3 as the target for the data backups.,Configure the backup software to use Amazon S3 Glacier as the target for the data backups.,"Use AWS Storage Gateway, and configure it to use gateway-cached volumes.","Use AWS Storage Gateway, and configure it to use gateway-stored volumes.",,,一家公司正在本地运行一个应用程序，并且想要使用 AWS 进行数据备份。所有的数据必须在本地可用。备份应用程序只能写入与 Portable Operating System Interface (POSIX) 兼容的基于块的存储。 哪种备份解决方案可以满足这些要求？,配置 备份软件 以 使用 Amazon S3 作为 目标 用于 数据 备份。,配置 备份软件 以 使用 Amazon S3 Glacier 作为 目标 为 数据 备份。,使用 AWS Storage Gateway，且配置它以使用 gateway-cached 卷。,使用 AWS Storage Gateway，且配置它以使用 gateway-stored volumes。,nan,nan,"一家公司正在本地运行一个应用程序，并且想要使用 AWS 进行数据备份。  
所有的数据必须在本地可用。  
备份应用程序只能写入与 Portable Operating System Interface (POSIX) 兼容的基于块的存储。  
哪种备份解决方案可以满足这些要求？"
159,"A global company handles a large amount of personally identifiable information (PII) through an internal web portal. The company's application runs in a corporate data center that is connected to AWS through an AWS Direct Connect connection. The application stores the PII in Amazon S3. According to a compliance requirement, traffic from the web portal to Amazon S3 must not travel across the internet.  What should a SysOps administrator do to meet the compliance requirement?",A,Provision an interface VPC endpoint for Amazon S3. Modify the application to use the interface endpoint.,Configure AWS Network Firewall to redirect traffic to the internal S3 address.,Modify the application to use the S3 path-style endpoint.,Set up a range of VPC network ACLs to redirect traffic to the internal S3 address.,,,"一家全球公司通过内部网页门户处理大量个人可识别信息（PII）。  
The company's application 运行在一个企业数据中心，连接到 AWS 通过一个 AWS Direct Connect 连接。  
该应用程序将 PII 存储在 Amazon S3 中。  
根据合规性要求，来自网页门户到 Amazon S3 的流量不得通过互联网。  
SysOps 管理员应该做什么以满足合规性要求？",为 Amazon S3 提供一个接口 VPC endpoint。 修改应用程序以使用接口 endpoint。,配置 AWS Network Firewall 以重定向 流量 到 内部 S3 地址。,修改 该 申请 以 使用  the S3 path-style endpoint 。,设置 一系列 VPC 网络 ACLs 以 重定向 流量 到 内部 S3 地址。,nan,nan,"一家全球公司通过内部网页门户处理大量个人可识别信息（PII）。  
The company's application 运行在一个企业数据中心，连接到 AWS 通过一个 AWS Direct Connect 连接。  
该应用程序将 PII 存储在 Amazon S3 中。  
根据合规性要求，来自网页门户到 Amazon S3 的流量不得通过互联网。  
SysOps 管理员应该做什么以满足合规性要求？"
160,A SysOps administrator notices a scale-up event for an Amazon EC2 Auto Scaling group. Amazon CloudWatch shows a spike in the RequestCount metric for the associated Application Load Balancer. The administrator would like to know the IP addresses for the source of the requests.  Where can the administrator find this information?,D,Auto Scaling logs,AWS CloudTrail logs,EC2 instance logs,Elastic Load Balancer access logs,,,一名 SysOps 管理员注意到一个 Amazon EC2 Auto Scaling 组的扩展事件。Amazon CloudWatch 显示与之关联的 Application Load Balancer 的 RequestCount 指标出现了激增。该管理员想知道请求源的 IP 地址。在哪里可以找到这个信息？,Auto Scaling 日志,AWS CloudTrail 日志,EC2 实例 日志,Elastic Load Balancer 访问日志,nan,nan,"一名 SysOps 管理员注意到一个 Amazon EC2 Auto Scaling 组的扩展事件。  
Amazon CloudWatch 显示与之关联的 Application Load Balancer 的 RequestCount 指标出现了激增。  
该管理员想知道请求源的 IP 地址。  
在哪里可以找到这个信息？"
161,A company's SysOps administrator deploys a public Network Load Balancer (NLB) in front of the company's web application. The web application does not use any Elastic IP addresses. Users must access the web application by using the company's domain name. The SysOps administrator needs to configure Amazon Route 53 to route traffic to the NLB.  Which solution will meet these requirements MOST cost-effectively?,B,Create a Route 53 AAAA record for the NLB.,Create a Route 53 alias record for the NLB.,Create a Route 53 CAA record for the NLB.,Create a Route 53 CNAME record for the NLB.,,,"一家公司'的 SysOps 管理员部署一个公共 Network Load Balancer (NLB) 在公司'的 web application 前面。  
The web application does not use any Elastic IP addresses.  
用户必须使用公司'的域名访问 web application。  
The SysOps administrator 需要配置 Amazon Route 53 以路由流量到 NLB。  
哪种解决方案将以最具成本效益的方式满足这些要求？",为 NLB 创建一个 Route 53 AAAA 记录。,为 NLB 创建一个 Route 53 别名记录。,为 NLB 创建一个 Route 53 CAA 记录。,为 NLB 创建一个 Route 53 CNAME 记录。,nan,nan,"一家公司'的 SysOps 管理员部署一个公共 Network Load Balancer (NLB) 在公司'的 web application 前面。  
The web application does not use any Elastic IP addresses.  
用户必须使用公司'的域名访问 web application。  
The SysOps administrator 需要配置 Amazon Route 53 以路由流量到 NLB。  
哪种解决方案将以最具成本效益的方式满足这些要求？"
162,A company runs an encrypted Amazon RDS for Oracle DB instance. The company wants to make regular backups available in another AWS Region.  What is the MOST operationally efficient solution that meets these requirements?,A,Modify the DB instance. Enable cross-Region automated backups.,Create an RDS read replica in another Region. Create a snapshot of the read replica.,Use AWS Database Migration Service (AWS DMS) to copy the data to a DB instance in another Region.,Temporarily turn off encryption on the DB instance. Take a snapshot. Copy the snapshot to another Region.,,,"一家公司运行一个加密的 Amazon RDS for Oracle DB 实例。  
该公司想要使定期备份在另一个 AWS 区域可用。  
什么是最具操作效率的解决方案，满足这些要求？",修改 数据库 实例。 启用 跨区域 自动备份。,在另一个 Region 创建一个 RDS 只读副本。创建一个只读副本的快照。,使用 AWS Database Migration Service (AWS DMS) 将数据复制到另一个区域中的数据库实例。,临时关闭加密在 DB 实例上。 进行快照。 将快照复制到另一个 Region。,nan,nan,"一家公司运行一个加密的 Amazon RDS for Oracle DB 实例。  
该公司想要使定期备份在另一个 AWS 区域可用。  
什么是最具操作效率的解决方案，满足这些要求？"
163,A company is rolling out a new version of its website. Management wants to deploy the new website in a limited rollout to 20% of the company's customers. The company uses Amazon Route 53 for its website's DNS solution.  Which configuration will meet these requirements?,D,"Create a failover routing policy. Within the policy, configure 80% of the website traffic to be sent to the original resource. Configure the remaining 20% of traffic as the failover record that points to the new resource.","Create a multivalue answer routing policy. Within the policy, create 4 records with the name and IP address of the original resource. Configure 1 record with the name and IP address of the new resource.","Create a latency-based routing policy. Within the policy, configure a record pointing to the original resource with a weight of 80. Configure a record pointing to the new resource with a weight of 20.","Create a weighted routing policy. Within the policy, configure a weight of 80 for the record pointing to the original resource. Configure a weight of 20 for the record pointing to the new resource.",,,"一家公司正在推出其网站的新版本。管理层希望在有限的范围内向公司20%的客户部署新网站。  
该公司使用 Amazon Route 53 作为其网站的 DNS 解决方案。  
哪种配置将满足这些要求？",创建一个故障转移路由策略。 在策略内，配置80%的网站流量被发送到原始资源。 配置剩余20%的流量作为指向新资源的故障转移记录。,创建一个多值答案路由策略。 在策略内，创建 4 条记录，记录的名称和 IP 地址为原始资源的名称和 IP 地址。 配置 1 条记录，记录的名称和 IP 地址为新资源的名称和 IP 地址。,创建一个基于延迟的路由策略。 在策略内，配置一个指向原始资源的记录，权重为80。 配置一个指向新资源的记录，权重为20。,创建一个加权路由策略。 在策略内，配置一个指向原始资源的记录的权重为80。 配置一个指向新资源的记录的权重为20。,nan,nan,"一家公司正在推出其网站的新版本。  
Management 希望在有限的范围内向公司 20% 的客户部署新网站。  
The company 使用 Amazon Route 53 作为其网站的 DNS 解决方案。  
哪种配置将满足这些要求？"
164,"A SysOps administrator created an AWS CloudFormation template that provisions Amazon EC2 instances, an Elastic Load Balancer (ELB), and an Amazon RDS DB instance. During stack creation, the creation of the EC2 instances and the creation of the ELB are successful. However, the creation of the DB instance fails.  What is the default behavior of CloudFormation in this scenario?",B,CloudFormation will roll back the stack and delete the stack.,CloudFormation will roll back the stack but will not delete the stack.,CloudFormation will prompt the user to roll back the stack or continue.,CloudFormation will successfully complete the stack but will report a failed status for the DB instance.,,,一名 SysOps 管理员创建了一个 AWS CloudFormation 模板，该模板配置了 Amazon EC2 实例、一个 Elastic Load Balancer (ELB)，以及一个 Amazon RDS DB 实例。 在堆栈创建期间，EC2 实例的创建和 ELB 的创建成功。 然而，DB 实例的创建失败。 这在这种情况下，CloudFormation 的默认行为是什么？,CloudFormation 将会回滚堆栈并删除堆栈。,CloudFormation 将会回滚堆栈 但不会删除堆栈。,CloudFormation 将提示用户回滚堆栈或继续。,CloudFormation 将成功完成堆栈，但将报告一个失败状态对于 DB 实例。,nan,nan,"一名 SysOps 管理员创建了一个 AWS CloudFormation 模板，该模板配置了 Amazon EC2 实例、一个 Elastic Load Balancer (ELB)，以及一个 Amazon RDS DB 实例。  
在堆栈创建期间，EC2 实例的创建和 ELB 的创建成功。  
然而，DB 实例的创建失败。  
这在这种情况下，CloudFormation 的默认行为是什么？"
165,A SysOps administrator needs to automate the invocation of an AWS Lambda function. The Lambda function must run at the end of each day to generate a report on data that is stored in an Amazon S3 bucket.  What is the MOST operationally efficient solution that meets these requirements?,B,Create an Amazon EventBridge (Amazon CloudWatch Events) rule that has an event pattern for Amazon S3 and the Lambda function as a target.,Create an Amazon EventBridge (Amazon CloudWatch Events) rule that has a schedule and the Lambda function as a target.,Create an S3 event notification to invoke the Lambda function whenever objects change in the S3 bucket.,Deploy an Amazon EC2 instance with a cron job to invoke the Lambda function.,,,"一名 SysOps 管理员需要自动化调用 AWS Lambda 函数。  
该 Lambda 函数必须在每天结束时运行，以生成关于存储在 Amazon S3 桶中的数据的报告。  
什么是满足这些要求的最具操作效率的解决方案？",创建一个 Amazon EventBridge (Amazon CloudWatch Events) 规则，该规则具有针对 Amazon S3 的事件模式和作为目标的 Lambda 函数。,创建一个 Amazon EventBridge (Amazon CloudWatch Events) 规则，该规则具有一个计划和 Lambda 函数作为目标。,创建一个 S3 事件通知，以在对象在 S3 bucket 中发生变化时调用 Lambda 函数。,部署 一个 Amazon EC2 实例 与 一个 cron 作业 来 调用 Lambda 函数。,nan,nan,"一名 SysOps 管理员 需要 自动化 调用 AWS Lambda 函数。  
该 Lambda 函数 必须 在 每天 结束 时 运行， 以 生成 关于 存储 在 Amazon S3 桶 中 的 数据 的 报告。  
什么 是 满足 这些 要求 的 最 具 操作 效率 的 解决方案？"
166,"A company is releasing a new static website hosted on Amazon S3. The static website hosting feature was enabled on the bucket and content was uploaded; however, upon navigating to the site, the following error message is received:  403 Forbidden - Access Denied  What change should be made to fix this error?",B,Add a bucket policy that grants everyone read access to the bucket.,Add a bucket policy that grants everyone read access to the bucket objects.,Remove the default bucket policy that denies read access to the bucket.,Configure cross-origin resource sharing (CORS) on the bucket.,,,"一家公司正在发布一个新的静态网站，托管在 Amazon S3 上。  
静态网站托管功能已在存储桶上启用，并且内容已上传；然而，  
在导航到该网站时，收到以下错误信息： 403 Forbidden - Access Denied。  
应做出什么更改以修复此错误？",添加 一个 存储桶 策略 ， 该 策略 授予 所有人 读取 访问 权限 给 存储桶 。,添加 一个 bucket 政策 ， 该 政策 授予 所有人 对 bucket 对象 的 读取 访问 权限 。,删除 默认的 bucket 政策，该政策 否认 读取 访问 权限 给 到 bucket。,在桶上配置跨源资源共享（CORS）。,nan,nan,"一家公司正在发布一个新的静态网站，托管在 Amazon S3 上。  
静态网站托管功能已在存储桶上启用，并且内容已上传；然而，  
在导航到该网站时，收到以下错误信息： 403 Forbidden - Access Denied。  
应做出什么更改以修复此错误？"
167,A company uses AWS Organizations. A SysOps administrator wants to use AWS Compute Optimizer and AWS tag policies in the management account to govern all member accounts in the billing family. The SysOps administrator navigates to the AWS Organizations console but cannot activate tag policies through the management account.  What could be the reason for this issue?,A,All features have not been enabled in the organization.,Consolidated billing has not been enabled.,The member accounts do not have tags enabled for cost allocation.,The member accounts have not manually enabled trusted access for Compute Optimizer.,,,一家公司使用 AWS Organizations。 一名 SysOps 管理员想要在管理账户中使用 AWS Compute Optimizer 和 AWS tag policies 来管理账单家庭中的所有成员账户。 这名 SysOps 管理员导航到 AWS Organizations 控制台，但无法通过管理账户激活 tag policies。 造成这个问题的原因可能是什么？,所有功能都没有在组织中启用。,合并账单 尚未 被启用。,成员账户没有启用标签用于成本分配。,成员账户尚未手动启用 Compute Optimizer 的可信访问。,nan,nan,"一家公司使用 AWS Organizations。  
一名 SysOps 管理员想要在管理账户中使用 AWS Compute Optimizer 和 AWS tag policies 来管理账单家庭中的所有成员账户。  
这名 SysOps 管理员导航到 AWS Organizations 控制台，但无法通过管理账户激活 tag policies。  
造成这个问题的原因可能是什么？"
168,"A company is storing media content in an Amazon S3 bucket and uses Amazon CloudFront to distribute the content to its users. Due to licensing terms, the company is not authorized to distribute the content in some countries. A SysOps administrator must restrict access to certain countries.  What is the MOST operationally efficient solution that meets these requirements?",C,Configure the S3 bucket policy to deny the GetObject operation based on the S3:LocationConstraint condition.,Create a secondary origin access identity (OAI). Configure the S3 bucket policy to prevent access from unauthorized countries.,Enable the geo restriction feature in the CloudFront distribution to prevent access from unauthorized countries.,Update the application to generate signed CloudFront URLs only for IP addresses in authorized counties.,,,"一家公司正在在一个 Amazon S3 存储桶中存储媒体内容，并使用 Amazon CloudFront 将内容分发给其用户。  
由于许可条款，该公司没有被授权在某些国家分发内容。  
一名 SysOps 管理员必须限制对某些国家的访问。  
什么是满足这些要求的最具操作效率的解决方案？",配置 配置 S3 bucket 政策 政策 以 以 拒绝 拒绝 the GetObject 操作 操作 基于 基于 the S3:LocationConstraint 条件 条件 。,创建一个 secondary origin access identity (OAI)。配置 S3 bucket policy 以防止来自未授权国家的访问。,在 CloudFront distribution 中启用 geo restriction 功能，以防止来自未授权国家的访问。,更新 更新 应用程序 以 生成 签名的 CloudFront URL 仅 适用于 IP 地址 在 授权的 县。,nan,nan,"一家公司正在在一个 Amazon S3 存储桶中存储媒体内容，并使用 Amazon CloudFront 将内容分发给其用户。  
Due to license terms, 该公司没有被授权在某些国家分发内容。  
One SysOps 管理员必须限制对某些国家的访问。  
什么是满足这些要求的最具操作效率的解决方案？"
169,"A SysOps administrator created an Amazon VPC with an IPv6 CIDR block, which requires access to the internet. However, access from the internet towards the VPC is prohibited. After adding and configuring the required components to the VPC, the administrator is unable to connect to any of the domains that reside on the internet.  What additional route destination rule should the administrator add to the route tables?",D,Route ::/0 traffic to a NAT gateway,Route ::/0 traffic to an internet gateway,Route 0.0.0.0/0 traffic to an egress-only internet gateway,Route ::/0 traffic to an egress-only internet gateway,,,一名 SysOps 管理员创建了一个 Amazon VPC，带有一个 IPv6 CIDR 块， 这需要访问互联网，然而，从互联网到 VPC 的访问被禁止， 在向 VPC 添加和配置所需组件后， 管理员无法连接到任何在互联网上的域名， 还应向路由表添加什么额外的路由目标规则？,路由 ::/0 流量 到 一个 NAT gateway,Route ::/0 流量 到 一个 internet gateway,将 0.0.0.0/0 流量路由到 egress-only internet gateway,路由 ::/0 流量 到 一个 egress-only internet gateway,nan,nan,一名 SysOps 管理员创建了一个 Amazon VPC，带有一个 IPv6 CIDR 块， 这需要访问互联网，然而，从互联网到 VPC 的访问被禁止， 在向 VPC 添加和配置所需组件后， 管理员无法连接到任何在互联网上的域名， 还应向路由表添加什么额外的路由目标规则？
170,A company hosts several write-intensive applications. These applications use a MySQL database that runs on a single Amazon EC2 instance. The company asks a SysOps administrator to implement a highly available database solution that is ideal for multi-tenant workloads.  Which solution should the SysOps administrator implement to meet these requirements?,C,Create a second EC2 instance for MySQL. Configure the second instance to be a read replica.,Migrate the database to an Amazon Aurora DB cluster. Add an Aurora Replica.,Migrate the database to an Amazon Aurora multi-master DB cluster.,Migrate the database to an Amazon RDS for MySQL DB instance.,,,"一家公司托管多个写入密集型应用程序。  
这些应用程序使用在单个 Amazon EC2 实例上运行的 MySQL 数据库。  
公司要求一名 SysOps 管理员实现一个高度可用的数据库解决方案，适合多租户工作负载。  
SysOps 管理员应实施哪种解决方案以满足这些要求？",为MySQL创建第二个EC2实例。配置第二个实例为只读副本。,将数据库迁移到一个 Amazon Aurora DB 集群。 添加一个 Aurora 副本。,将数据库迁移到一个 Amazon Aurora 多主机数据库集群。,将数据库迁移到一个 Amazon RDS for MySQL DB 实例。,nan,nan,"一家公司托管多个写入密集型应用程序。  
These applications use a MySQL database running on a single Amazon EC2 instance.  
公司要求一名 SysOps 管理员实现一个高度可用的数据库解决方案，适合多租户工作负载。  
The SysOps administrator should implement which solution to meet these requirements?"
171,A company has a memory-intensive application that runs on a fleet of Amazon EC2 instances behind an Elastic Load Balancer (ELB). The instances run in an Auto Scaling group. A SysOps administrator must ensure that the application can scale based on the number of users that connect to the application.  Which solution will meet these requirements?,A,Create a scaling policy that will scale the application based on the ActiveConnectionCount Amazon CloudWatch metric that is generated from the ELB.,Create a scaling policy that will scale the application based on the mem_used Amazon CloudWatch metric that is generated from the ELB.,Create a scheduled scaling policy to increase the number of EC2 instances in the Auto Scaling group to support additional connections.,Create and deploy a script on the ELB to expose the number of connected users as a custom Amazon CloudWatch metric. Create a scaling policy that uses the metric.,,,"一家公司有一个内存密集型应用程序，运行在一组 Amazon EC2 实例后面通过一个 Elastic Load Balancer (ELB)。  
这些实例在一个 Auto Scaling 组中运行。  
一个 SysOps 管理员必须确保该应用程序能够根据连接到应用程序的用户数量进行扩展。  
哪种解决方案可以满足这些要求？",创建一个伸缩策略，该策略将根据由 ELB 生成的 ActiveConnectionCount Amazon CloudWatch 指标对应用程序进行伸缩。,创建一个伸缩策略，该策略将根据由 ELB 生成的 Amazon CloudWatch 指标 mem_used 来伸缩应用程序。,创建一个计划的扩展策略，以增加在 Auto Scaling 组中的 EC2 实例数量，以支持额外的连接。,"在 ELB 上创建并部署一个脚本，以将连接用户的数量作为自定义的 Amazon CloudWatch 指标暴露出来。  
创建一个使用该指标的自动伸缩策略。",nan,nan,"一家公司有一个内存密集型应用程序，运行在一组 Amazon EC2 实例后面通过一个 Elastic Load Balancer (ELB)。  
这些实例在一个 Auto Scaling 组中运行。  
一个 SysOps 管理员必须确保该应用程序能够根据连接到应用程序的用户数量进行扩展。  
哪种解决方案可以满足这些要求？"
172,"A SysOps administrator creates a new VPC that includes a public subnet and a private subnet. The SysOps administrator successfully launches 11 Amazon EC2 instances in the private subnet. The SysOps administrator attempts to launch one more EC2 instance in the same subnet. However, the SysOps administrator receives an error message that states that not enough free IP addresses are available.  What must the SysOps administrator do to deploy more EC2 instances?",D,Edit the private subnet to change the CIDR block to /27.,Edit the private subnet to extend across a second Availability Zone.,Assign additional Elastic IP addresses to the private subnet.,Create a new private subnet to hold the required EC2 instances.,,,"一名 SysOps 管理员创建了一个新的 VPC，该 VPC 包含一个公共子网和一个私有子网。  
The SysOps administrator successfully launches 11 Amazon EC2 instances in the private subnet.  
该 SysOps 管理员成功在私有子网中启动了 11 个 Amazon EC2 实例。  
The SysOps administrator attempts to launch one more EC2 instance in the same subnet.  
该 SysOps 管理员试图在同一子网中再启动一个 EC2 实例。  
However, the SysOps administrator receives an error message that states that not enough free IP addresses are available.  
然而，该 SysOps 管理员收到一条错误信息，说明没有足够的空闲 IP 地址。  
What must the SysOps administrator do to deploy more EC2 instances?  
SysOps 管理员必须做什么以部署更多的 EC2 实例？",编辑 私有子网 以 改变 CIDR 块 到 /27。,编辑 私有子网 以 扩展 跨越 第二个 可用区。,将额外的 Elastic IP addresses 分配给 private subnet。,创建 一个 新的 私有 子网 以 持有 所需 的 EC2 实例。,nan,nan,"一名 SysOps 管理员成功在私有子网中启动了 11 个 Amazon EC2 实例。  
The SysOps administrator attempts to launch one more EC2 instance in the same subnet.  
该 SysOps 管理员试图在同一子网中再启动一个 EC2 实例。  
However, the SysOps administrator receives an error message that states that not enough free IP addresses are available.  
然而，该 SysOps 管理员收到一条错误信息，说明没有足够的空闲 IP 地址。  
What must the SysOps administrator do to deploy more EC2 instances?  
SysOps 管理员必须做什么以部署更多的 EC2 实例？"
173,A company needs to automatically monitor an AWS account for potential unauthorized AWS Management Console logins from multiple geographic locations.  Which solution will meet this requirement?,D,Configure Amazon Cognito to detect any compromised IAM credentials.,Set up Amazon Inspector. Scan and monitor resources for unauthorized logins.,Set up AWS Config. Add the iam-policy-blacklisted-check managed rule to the account.,Configure Amazon GuardDuty to monitor the UnauthorizedAccess:IAMUser/ConsoleLoginSuccess.B finding.,,,一家公司 需要  自动 监控  一个  AWS 账户  为了  潜在的  未经授权的  AWS Management Console  登录  从  多个  地理位置 。  哪个  解决方案  将  满足  这个  需求 ？,配置 Amazon Cognito 以检测任何被泄露的 IAM 凭证。,设置 Amazon Inspector。扫描并监控资源以检测未经授权的登录。,设置 AWS Config。 添加 iam-policy-blacklisted-check 管理规则到 账户。,配置 Amazon GuardDuty 以监控 UnauthorizedAccess:IAMUser/ConsoleLoginSuccess.B 发现。,nan,nan,一家公司 需要  自动 监控  一个  AWS 账户  为了  潜在的  未经授权的  AWS Management Console  登录  从  多个  地理位置 。  哪个  解决方案  将  满足  这个  需求 ？
174,A company has an Amazon RDS DB instance. The company wants to implement a caching service while maintaining high availability.  Which combination of actions will meet these requirements? (Choose two.),CD,Add Auto Discovery to the data store.,Create an Amazon ElastiCache for Memcached data store.,Create an Amazon ElastiCache for Redis data store.,Enable Multi-AZ for the data store.,Enable Multi-threading for the data store.,,"一家公司有一个 Amazon RDS DB 实例。  
The company wants an Amazon RDS DB instance.  
该公司想要实现一个缓存服务，同时保持高可用性。  
The company wants to implement a caching service while maintaining high availability.  
哪些行动的组合将满足这些要求？（选择两个。）  
Which combination of actions will meet these requirements? (Choose two.)",向数据存储添加自动发现。,创建 一个 Amazon ElastiCache 为 Memcached 数据存储。,创建 一个 Amazon ElastiCache 用于 Redis 数据存储。,启用 Multi-AZ 用于 数据存储。,为数据存储启用多线程。,nan,"一家公司有一个 Amazon RDS DB 实例。  
The company wants an Amazon RDS DB instance.  
该公司想要实现一个缓存服务，同时保持高可用性。  
The company wants to implement a caching service while maintaining high availability.  
哪些行动的组合将满足这些要求？（选择两个。）  
Which combination of actions will meet these requirements? (Choose two.)"
175,"A company monitors its account activity using AWS CloudTrail, and is concerned that some log files are being tampered with after the logs have been delivered to the account's Amazon S3 bucket.  Moving forward, how can the SysOps administrator confirm that the log files have not been modified after being delivered to the S3 bucket?",B,Stream the CloudTrail logs to Amazon CloudWatch Logs to store logs at a secondary location.,Enable log file integrity validation and use digest files to verify the hash value of the log file.,"Replicate the S3 log bucket across regions, and encrypt log files with S3 managed keys.",Enable S3 server access logging to track requests made to the log bucket for security audits.,,,"一家公司使用 AWS CloudTrail 监控其账户活动，且担心一些日志文件在已被传送到账户的 Amazon S3 bucket 后被篡改。  앞으로, 어떻게 SysOps 관리자 가 로그 파일이 S3 버킷에 전달된 후 수정되지 않았음을 확인할 수 있습니까?",将 CloudTrail 日志 流式传输 到 Amazon CloudWatch Logs 以 存储 日志 在 一个 次要 位置。,启用 log file integrity validation 和使用 digest files 来验证 log file 的 hash value。,在不同区域复制 S3 log bucket，且用 S3 managed keys 加密 log 文件。,启用 S3 服务器访问日志记录，以跟踪对日志存储桶发出的请求，用于安全审计。,nan,nan,"一家公司使用 AWS CloudTrail 监控其账户活动，且担心一些日志文件在已被传送到账户的 Amazon S3 bucket 后被篡改。  
앞으로, 어떻게 SysOps 관리자 가 로그 파일이 S3 버킷에 전달된 후 수정되지 않았음을 확인할 수 있습니까?"
176,"A SysOps administrator is reviewing AWS Trusted Advisor warnings and encounters a warning for an S3 bucket policy that has open access permissions. While discussing the issue with the bucket owner, the administrator realizes the S3 bucket is an origin for an Amazon CloudFront web distribution.  Which action should the administrator take to ensure that users access objects in Amazon S3 by using only CloudFront URLs?",B,Encrypt the S3 bucket content with Server-Side Encryption with Amazon S3-Managed Keys (SSE-S3).,Create an origin access identity and grant it permissions to read objects in the S3 bucket.,Assign an IAM user to the CloudFront distribution and grant the user permissions in the S3 bucket policy.,Assign an IAM role to the CloudFront distribution and grant the role permissions in the S3 bucket policy.,,,"一名 SysOps 管理员正在审查 AWS Trusted Advisor 警告，并遇到一个关于具有开放访问权限的 S3 bucket 政策的警告。  
当与 bucket 所有者讨论这个问题时，管理员意识到该 S3 bucket 是 Amazon CloudFront web distribution 的源。  
管理员应该采取什么行动，以确保用户仅通过 CloudFront URLs 访问 Amazon S3 中的对象？",用 Server-Side Encryption with Amazon S3-Managed Keys (SSE-S3) 对 S3 bucket 内容进行加密。,创建一个 origin access identity 并授予它权限以读取在 S3 bucket 中的对象。,将一个 IAM 用户分配给 CloudFront distribution，并在 S3 bucket policy 中授予该用户权限。,为 CloudFront distribution 分配一个 IAM role，并在 S3 bucket policy 中授予该 role 权限。,nan,nan,"一名 SysOps 管理员正在审查 AWS Trusted Advisor 警告，并遇到一个关于具有开放访问权限的 S3 bucket 政策的警告。  
当与 bucket 所有者讨论这个问题时，管理员意识到该 S3 bucket 是 Amazon CloudFront web distribution 的源。  
管理员应该采取什么行动，以确保用户仅通过 CloudFront URLs 访问 Amazon S3 中的对象？"
177,A SysOps administrator is reviewing AWS Trusted Advisor recommendations. The SysOps administrator notices that all the application servers for a finance application are listed in the Low Utilization Amazon EC2 Instances check. The application runs on three instances across three Availability Zones. The SysOps administrator must reduce the cost of running the application without affecting the application's availability or design.  Which solution will meet these requirements?,B,Reduce the number of application servers.,Apply rightsizing recommendations from AWS Cost Explorer to reduce the instance size.,Provision an Application Load Balancer in front of the instances.,Scale up the instance size of the application servers.,,,"一名 SysOps 管理员正在审查 AWS Trusted Advisor 的建议。  
The SysOps administrator notices that all the application servers for a finance application are listed in the Low Utilization Amazon EC2 Instances check.  
SysOps 管理员注意到，所有用于金融应用的应用服务器都列在 Low Utilization Amazon EC2 Instances 检查中。  
The application runs on three instances across three Availability Zones.  
该应用在三个实例上运行，跨越三个 Availability Zones。  
The SysOps administrator must reduce the cost of running the application without affecting the application's availability or design.  
SysOps 管理员必须在不影响应用的可用性或设计的情况下，降低运行该应用的成本。  
Which solution will meet these requirements?  
哪种解决方案将满足这些要求？",减少应用服务器的数量。,应用 rightsizing 建议 从 AWS Cost Explorer 到 减少 实例 大小。,在实例前面配置一个 Application Load Balancer。,将应用服务器的实例大小放大。,nan,nan,"一名 SysOps 管理员正在审查 AWS Trusted Advisor 的建议。  
The SysOps administrator notices that all the application servers for a finance application are listed in the Low Utilization Amazon EC2 Instances check.  
SysOps 管理员注意到，所有用于金融应用的应用服务器都列在 Low Utilization Amazon EC2 Instances 检查中。  
The application runs on three instances across three Availability Zones.  
该应用在三个实例上运行，跨越三个 Availability Zones。  
The SysOps administrator must reduce the cost of running the application without affecting the application’s availability or design.  
SysOps 管理员必须在不影响应用的可用性或设计的情况下，降低运行该应用的成本。  
Which solution will meet these requirements?  
哪种解决方案将满足这些要求？"
178,A company hosts its website in the us-east-1 Region. The company is preparing to deploy its website into the eu-central-1 Region. Website visitors who are located in Europe should access the website that is hosted in eu-central-1. All other visitors access the website that is hosted in us-east-1. The company uses Amazon Route 53 to manage the website's DNS records.  Which routing policy should a SysOps administrator apply to the Route 53 record set to meet these requirements?,A,Geolocation routing policy,Geoproximity routing policy,Latency routing policy,Multivalue answer routing policy,,,"一家公司在 us-east-1 区域托管其网站。  
The company is preparing to deploy its website into the eu-central-1 Region.  
公司正在准备将其网站部署到 eu-central-1 区域。  
网站访问者位于欧洲，应该访问托管在 eu-central-1 的网站。  
Website visitors who are located in Europe should access the website that is hosted in eu-central-1.  
所有其他访问者访问托管在 us-east-1 的网站。  
All other visitors access the website that is hosted in us-east-1.  
该公司使用 Amazon Route 53 管理网站的 DNS 记录。  
The company uses Amazon Route 53 to manage the website’s DNS records.  
哪个路由策略，SysOps 管理员应应用于 Route 53 记录集以满足这些要求？  
Which routing policy should a SysOps administrator apply to the Route 53 record set to meet these requirements?",地理位置路由策略,地理邻近路由策略,延迟路由策略,多值答案路由策略,nan,nan,"一家公司在 us-east-1 区域托管其网站。  
The company is hosting its website in the us-east-1 Region.  
公司正在准备将其网站部署到 eu-central-1 区域。  
The company is preparing to deploy its website into the eu-central-1 Region.  
网站访问者位于欧洲，应该访问托管在 eu-central-1 的网站。  
Website visitors who are located in Europe should access the website that is hosted in eu-central-1.  
所有其他访问者访问托管在 us-east-1 的网站。  
All other visitors access the website that is hosted in us-east-1.  
该公司使用 Amazon Route 53 管理网站的 DNS 记录。  
The company uses Amazon Route 53 to manage the website’s DNS records.  
哪个路由策略，SysOps 管理员应应用于 Route 53 记录集以满足这些要求？  
Which routing policy should a SysOps administrator apply to the Route 53 record set to meet these requirements?"
179,"An organization with a large IT department has decided to migrate to AWS. With different job functions in the IT department, it is not desirable to give all users access to all AWS resources. Currently the organization handles access via LDAP group membership.  What is the BEST method to allow access using current LDAP credentials?",D,Create an AWS Directory Service Simple AD. Replicate the on-premises LDAP directory to Simple AD.,Create a Lambda function to read LDAP groups and automate the creation of IAM users.,Use AWS CloudFormation to create IAM roles. Deploy Direct Connect to allow access to the on-premises LDAP server.,Federate the LDAP directory with IAM using SAML. Create different IAM roles to correspond to different LDAP groups to limit permissions.,,,"一个拥有庞大 IT 部门的组织已经决定迁移到 AWS。  
With 不同的工作职能在 IT 部门中，  
it is not desirable to give all users access to all AWS resources.  
目前该组织通过 LDAP 组成员资格来处理访问。  
What 是 最佳 方法 来 允许 访问 使用 当前 LDAP 凭证？",创建一个 AWS Directory Service Simple AD。复制本地 LDAP 目录到 Simple AD。,创建 一个 Lambda 函数 用于 读取 LDAP 组 和 自动化 的 创建 IAM 用户。,使用 AWS CloudFormation 来创建 IAM 角色。部署 Direct Connect 以允许访问本地 LDAP 服务器。,使用 SAML 将 LDAP 目录联合到 IAM。 创建不同的 IAM 角色以对应不同的 LDAP 组以限制权限。,nan,nan,"一个拥有庞大 IT 部门的组织已经决定迁移到 AWS。  
With 不同的工作职能在 IT 部门中，  
it is not desirable to give all users access to all AWS resources.  
目前该组织通过 LDAP 组成员资格来处理访问。  
What 是 最佳 方法 来 允许 访问 使用 当前 LDAP 凭证？"
180,A SysOps administrator has created an Amazon EC2 instance using an AWS CloudFormation template in the us-east-1 Region. The administrator finds that this template has failed to create an EC2 instance in the us-west-2 Region.  What is one cause for this failure?,B,Resource tags defined in the CloudFormation template are specific to the us-east-1 Region.,The Amazon Machine Image (AMI) ID referenced in the CloudFormation template could not be found in the us-west-2 Region.,The cfn-init script did not run during resource provisioning in the us-west-2 Region.,The IAM user was not created in the specified Region.,,,"一名 SysOps 管理员已经在 us-east-1 区域使用 AWS CloudFormation 模板创建了一个 Amazon EC2 实例。  
该管理员发现这个模板未能在 us-west-2 区域创建一个 EC2 实例。  
导致这个失败的一个原因是什么？",在 CloudFormation 模板中定义的资源标签是特定于 us-east-1 区域的。,在 CloudFormation 模板中引用的 Amazon Machine Image (AMI) ID 无法在 us-west-2 区域中找到。,cfn-init 脚本 在 资源 供应 期间 在 us-west-2 区域 没有 运行。,"The IAM user was not created in the specified Region.  
该 IAM 用户没有在指定的 Region 中创建。",nan,nan,"一名 SysOps 管理员已经在 us-east-1 区域使用 AWS CloudFormation 模板创建了一个 Amazon EC2 实例。  
The administrator found that this template failed to create an EC2 instance in us-west-2 区域。  
导致这个失败的一个原因是什么？  
What is one reason that caused this failure?"
181,A global gaming company is preparing to launch a new game on AWS. The game runs in multiple AWS Regions on a fleet of Amazon EC2 instances. The instances are in an Auto Scaling group behind an Application Load Balancer (ALB) in each Region. The company plans to use Amazon Route 53 for DNS services. The DNS configuration must direct users to the Region that is closest to them and must provide automated failover.  Which combination of steps should a SysOps administrator take to configure Route 53 to meet these requirements? (Choose two.),AD,Create Amazon CloudWatch alarms that monitor the health of the ALB in each Region. Configure Route 53 DNS failover by using a health check that monitors the alarms.,Create Amazon CloudWatch alarms that monitor the health of the EC2 instances in each Region. Configure Route 53 DNS failover by using a health check that monitors the alarms.,Configure Route 53 DNS failover by using a health check that monitors the private IP address of an EC2 instance in each Region.,Configure Route 53 geoproximity routing. Specify the Regions that are used for the infrastructure.,"Configure Route 53 simple routing. Specify the continent, country, and state or province that are used for the infrastructure.",,一家全球游戏公司正在准备在 AWS 上推出一款新游戏。 这款游戏在多个 AWS 区域中运行，使用一支 Amazon EC2 实例队列。 这些实例位于每个区域中的一个 Auto Scaling 组后面，后面是一个 Application Load Balancer（ALB）。 这家公司计划使用 Amazon Route 53 进行 DNS 服务。 DNS 配置必须将用户引导到离他们最近的区域，并且必须提供自动故障转移。 哪些步骤组合应由 SysOps 管理员采取以配置 Route 53 以满足这些要求？（选择两个。）,"创建 Amazon CloudWatch 警报，监控每个 Region 中的 ALB 的健康状况。  
配置 Route 53 DNS 故障转移，使用监控警报的健康检查。","创建 Amazon CloudWatch 警报，监控每个 Region 中的 EC2 实例的健康状况。  
配置 Route 53 DNS 故障转移，使用监控警报的健康检查。",通过使用监控每个区域中 EC2 实例的私有 IP 地址的健康检查，配置 Route 53 DNS 故障转移。,配置 Route 53 geoproximity routing。指定用于基础设施的 Regions。,配置 Route 53 简单路由。指定用于基础设施的大陆、国家和州或省份。,nan,"一家全球游戏公司正在准备在 AWS 上推出一款新游戏。  
This global gaming company is preparing to launch a new game on AWS.  

这款游戏在多个 AWS 区域中运行，使用一支 Amazon EC2 实例队列。  
This game runs in multiple AWS regions, using a fleet of Amazon EC2 instances.  

这些实例位于每个区域中的一个 Auto Scaling 组后面，后面是一个 Application Load Balancer（ALB）。  
These instances are behind an Auto Scaling group in each region, with an Application Load Balancer (ALB) behind them.  

这家公司计划使用 Amazon Route 53 进行 DNS 服务。  
This company plans to use Amazon Route 53 for DNS services.  

DNS 配置必须将用户引导到离他们最近的区域，并且必须提供自动故障转移。  
The DNS configuration must direct users to the nearest region and must provide automatic failover.  

哪些步骤组合应由 SysOps 管理员采取以配置 Route 53 以满足这些要求？（选择两个。）  
Which combination of steps should a SysOps administrator take to configure Route 53 to meet these requirements? (Choose two.)"
182,"A SysOps administrator is investigating a company's web application for performance problems. The application runs on Amazon EC2 instances that are in an Auto Scaling group. The application receives large traffic increases at random times throughout the day. During periods of rapid traffic increases, the Auto Scaling group is not adding capacity fast enough. As a result, users are experiencing poor performance.  The company wants to minimize costs without adversely affecting the user experience when web traffic surges quickly. The company needs a solution that adds more capacity to the Auto Scaling group for larger traffic increases than for smaller traffic increases.  How should the SysOps administrator configure the Auto Scaling group to meet these requirements?",B,Create a simple scaling policy with settings to make larger adjustments in capacity when the system is under heavy load.,Create a step scaling policy with settings to make larger adjustments in capacity when the system is under heavy load.,Create a target tracking scaling policy with settings to make larger adjustments in capacity when the system is under heavy load.,Use Amazon EC2 Auto Scaling lifecycle hooks. Adjust the Auto Scaling group's maximum number of instances after every scaling event.,,,"一名 SysOps 管理员正在调查一家公司的网站应用程序的性能问题。  
The application runs on Amazon EC2 instances that are in an Auto Scaling group.  
该应用程序在一个 Auto Scaling group 中运行 Amazon EC2 实例。  
The application receives large traffic increases at random times throughout the day.  
该应用程序在一天中的随机时间接收大量流量增加。  
During periods of rapid traffic increases, the Auto Scaling group is not adding capacity fast enough.  
在流量快速增加的时期，Auto Scaling group 添加容量的速度不够快。  
As a result, users are experiencing poor performance.  
因此，用户体验变差。  
The company wants to minimize costs without adversely affecting the user experience when web traffic surges quickly.  
公司希望在网络流量快速激增时，最小化成本而不对用户体验产生不利影响。  
The company needs a solution that adds more capacity to the Auto Scaling group for larger traffic increases than for smaller traffic increases.  
公司需要一种解决方案，在流量增加较大时，为 Auto Scaling group 添加更多容量，而在流量增加较小时则添加较少容量。  
How should the SysOps administrator configure the Auto Scaling group to meet these requirements?",创建 一个 简单 的 扩展 策略 与 设置 ， 以 便 在 系统 处于 重载 时 ， 进行 更 大 的 容量 调整 。,创建一个逐步扩展策略，具有设置以在系统承受重负载时进行更大容量调整。,创建一个目标追踪缩放策略，具有设置以在系统负载较重时进行更大容量调整。,使用 Amazon EC2 Auto Scaling 生命周期钩子。调整 Auto Scaling 组的最大实例数在每次扩展事件之后。,nan,nan,"一名 SysOps 管理员正在调查一家公司的网站应用程序的性能问题。  
The application runs on Amazon EC2 instances that are in an Auto Scaling group.  
该应用程序在一个 Auto Scaling group 中运行 Amazon EC2 实例。  
The application receives large traffic increases at random times throughout the day.  
该应用程序在一天中的随机时间接收大量流量增加。  
During periods of rapid traffic increases, the Auto Scaling group is not adding capacity fast enough.  
在流量快速增加的时期，Auto Scaling group 添加容量的速度不够快。  
As a result, users are experiencing poor performance.  
因此，用户体验变差。  
The company wants to minimize costs without adversely affecting the user experience when web traffic surges quickly.  
公司希望在网络流量快速激增时，最小化成本而不对用户体验产生不利影响。  
The company needs a solution that adds more capacity to the Auto Scaling group for larger traffic increases than for smaller traffic increases.  
公司需要一种解决方案，在流量增加较大时，为 Auto Scaling group 添加更多容量，而在流量增加较小时则添加较少容量。  
How should the SysOps administrator configure the Auto Scaling group to meet these requirements?"
183,A company has a compliance requirement that no security groups can allow SSH ports to be open to all IP addresses. A SysOps administrator must implement a solution that will notify the company's SysOps team when a security group rule violates this requirement. The solution also must remediate the security group rule automatically.  Which solution will meet these requirements?,C,"Create an Amazon EventBridge (Amazon CloudWatch Events) rule that invokes an AWS Lambda function when a security group changes. Configure the Lambda function to evaluate the security group for compliance, remove all inbound security group rules on all ports, and notify the SysOps team if the security group is noncompliant.",Create an AWS CloudTrail metric filter for security group changes. Create an Amazon CloudWatch alarm to notify the SysOps team through an Amazon Simple Notification Service (Amazon SNS) topic when the metric is greater than 0. Subscribe an AWS Lambda function to the SNS topic to remediate the security group rule by removing the rule.,Activate the AWS Config restricted-ssh managed rule. Add automatic remediation to the AWS Config rule by using the AWS Systems Manager Automation AWS-DisablePublicAccessForSecurityGroup runbook. Create an Amazon EventBridge (Amazon CloudWatch Events) rule to notify the SysOps team when the rule is noncompliant.,Create an AWS CloudTrail metric filter for security group changes. Create an Amazon CloudWatch alarm for when the metric is greater than 0. Add an AWS Systems Manager action to the CloudWatch alarm to suspend the security group by using the Systems Manager Automation AWS-DisablePublicAccessForSecurityGroup runbook when the alarm is in ALARM state. Add an Amazon Simple Notification Service (Amazon SNS) topic as a second target to notify the SysOps team.,,,"一家公司有一个合规性要求，不能有安全组允许 SSH 端口对所有 IP 地址开放。  
一名 SysOps 管理员必须实施一个解决方案，当安全组规则违反此要求时，将通知公司的 SysOps 团队。  
该解决方案还必须自动修复安全组规则。  
哪种解决方案可以满足这些要求？","创建一个 Amazon EventBridge (Amazon CloudWatch Events) 规则，当安全组发生更改时调用一个 AWS Lambda 函数。  
配置该 Lambda 函数以评估安全组是否符合合规性，删除所有端口上的所有入站安全组规则，并在安全组不合规时通知 SysOps 团队。","为安全组更改创建一个 AWS CloudTrail 指标过滤器。  
Create an AWS CloudTrail metric filter for security group changes.  
创建一个 Amazon CloudWatch 警报，以通过一个 Amazon Simple Notification Service (Amazon SNS) 主题通知 SysOps 团队，当指标大于 0 时。  
Create an Amazon CloudWatch alarm to notify the SysOps team through an Amazon Simple Notification Service (Amazon SNS) topic when the metric is greater than 0.  
订阅一个 AWS Lambda 函数到 SNS 主题，以通过删除规则来修复安全组规则。  
Subscribe an AWS Lambda function to the SNS topic to remediate the security group rule by removing the rule.",激活 AWS Config restricted-ssh 管理规则。通过使用 AWS Systems Manager Automation AWS-DisablePublicAccessForSecurityGroup 运行手册，为 AWS Config 规则添加自动修复。创建一个 Amazon EventBridge (Amazon CloudWatch Events) 规则，以在规则不合规时通知 SysOps 团队。,"为安全组更改创建一个 AWS CloudTrail 指标过滤器。  
为当指标大于 0 时创建一个 Amazon CloudWatch 警报。  
在 CloudWatch 警报中添加一个 AWS Systems Manager 操作，以在警报处于 ALARM 状态时，使用 Systems Manager Automation AWS-DisablePublicAccessForSecurityGroup 运行簿暂停安全组。  
添加一个 Amazon Simple Notification Service (Amazon SNS) 主题作为第二个目标，以通知 SysOps 团队。",nan,nan,"一家公司有一个合规性要求，不能有安全组允许 SSH 端口对所有 IP 地址开放。  
One company has a compliance requirement, that security group allow SSH port to all IP addresses open.  
一名 SysOps 管理员必须实施一个解决方案，当安全组规则违反此要求时，将通知公司的 SysOps 团队。  
A SysOps administrator must implement a solution, when security group rules violate this requirement, will notify the company's SysOps team.  
该解决方案还必须自动修复安全组规则。  
The solution also must automatically fix security group rules.  
哪种解决方案可以满足这些要求？  
Which solution can meet these requirements?"
184,"A company has an application that runs only on Amazon EC2 Spot Instances. The instances run in an Amazon EC2 Auto Scaling group with scheduled scaling actions. However, the capacity does not always increase at the scheduled times, and instances terminate many times a day. A SysOps administrator must ensure that the instances launch on time and have fewer interruptions.  Which action will meet these requirements?",A,Specify the capacity-optimized allocation strategy for Spot Instances. Add more instance types to the Auto Scaling group.,Specify the capacity-optimized allocation strategy for Spot Instances. Increase the size of the instances in the Auto Scaling group.,Specify the lowest-price allocation strategy for Spot Instances. Add more instance types to the Auto Scaling group.,Specify the lowest-price allocation strategy for Spot Instances. Increase the size of the instances in the Auto Scaling group.,,,"一家公司有一个应用程序，只在 Amazon EC2 Spot Instances 上运行。  
该实例在一个 Amazon EC2 Auto Scaling group 中运行，并具有计划的扩展操作。  
然而，容量并不总是在计划的时间增加，并且实例每天多次终止。  
一名 SysOps 管理员必须确保实例按时启动并且中断更少。  
哪项操作将满足这些要求？",为 Spot Instances 指定容量优化的分配策略。 添加更多实例类型到 Auto Scaling 组。,为 Spot Instances 指定容量优化的分配策略。增加 Auto Scaling 组中实例的大小。,为 Spot Instances 指定最低价格分配策略。 添加更多实例类型到 Auto Scaling 组。,为 Spot Instances 指定最低价格分配策略。增加 Auto Scaling 组中实例的大小。,nan,nan,"一家公司有一个应用程序，只在 Amazon EC2 Spot Instances 上运行。  
该实例在一个 Amazon EC2 Auto Scaling group 中运行，并具有计划的扩展操作。  
然而，容量并不总是在计划的时间增加，并且实例每天多次终止。  
一名 SysOps 管理员必须确保实例按时启动并且中断更少。  
哪项操作将满足这些要求？"
185,A company plans to deploy a database on an Amazon Aurora MySQL DB cluster. The database will store data for a demonstration environment. The data must be reset on a daily basis.  What is the MOST operationally efficient solution that meets these requirements?,B,Create a manual snapshot of the DB cluster after the data has been populated. Create an Amazon EventBridge (Amazon CloudWatch Events) rule to invoke an AWS Lambda function on a daily basis. Configure the function to restore the snapshot and then delete the previous DB cluster.,Enable the Backtrack feature during the creation of the DB cluster. Specify a target backtrack window of 48 hours. Create an Amazon EventBridge (Amazon CloudWatch Events) rule to invoke an AWS Lambda function on a daily basis. Configure the function to perform a backtrack operation.,Export a manual snapshot of the DB cluster to an Amazon S3 bucket after the data has been populated. Create an Amazon EventBridge (Amazon CloudWatch Events) rule to invoke an AWS Lambda function on a daily basis. Configure the function to restore the snapshot from Amazon S3.,Set the DB cluster backup retention period to 2 days. Create an Amazon EventBridge (Amazon CloudWatch Events) rule to invoke an AWS Lambda function on a daily basis. Configure the function to restore the DB cluster to a point in time and then delete the previous DB cluster.,,,"一家公司计划在 Amazon Aurora MySQL DB 集群上部署一个数据库。  
该数据库将存储演示环境的数据。  
数据必须每天重置一次。  
什么是满足这些要求的最具操作效率的解决方案？","在数据已填充后，创建一个 DB cluster 的手动快照。  
创建一个 Amazon EventBridge (Amazon CloudWatch Events) 规则，以每天调用一个 AWS Lambda 函数。  
配置该函数以恢复快照，然后删除之前的 DB cluster。",在创建 DB cluster 期间启用 Backtrack 功能。 指定一个目标 backtrack window 为 48 小时。 创建一个 Amazon EventBridge (Amazon CloudWatch Events) 规则以每天调用一次 AWS Lambda function。 配置该函数以执行 backtrack 操作。,"在数据已填充后，将数据库集群的手动快照导出到 Amazon S3 存储桶。  
创建一个 Amazon EventBridge (Amazon CloudWatch Events) 规则，以每天调用一次 AWS Lambda 函数。  
配置该函数以从 Amazon S3 恢复快照。",将数据库集群备份保留期限设置为2天。创建一个 Amazon EventBridge (Amazon CloudWatch Events) 规则，以每天调用一次 AWS Lambda 函数。配置该函数以将数据库集群恢复到某一时间点，然后删除之前的数据库集群。,nan,nan,"一家公司计划在 Amazon Aurora MySQL DB 集群上部署一个数据库。  
该数据库将存储演示环境的数据。  
数据必须每天重置一次。  
什么是满足这些要求的最具操作效率的解决方案？"
186,A SysOps administrator is setting up an automated process to recover an Amazon EC2 instance in the event of an underlying hardware failure. The recovered instance must have the same private IP address and the same Elastic IP address that the original instance had. The SysOps team must receive an email notification when the recovery process is initiated.  Which solution will meet these requirements?,B,"Create an Amazon CloudWatch alarm for the EC2 instance, and specify the StatusCheckFailed_Instance metric. Add an EC2 action to the alarm to recover the instance. Add an alarm notification to publish a message to an Amazon Simple Notification Service (Amazon SNS) topic. Subscribe the SysOps team email address to the SNS topic.","Create an Amazon CloudWatch alarm for the EC2 instance, and specify the StatusCheckFailed_System metric. Add an EC2 action to the alarm to recover the instance. Add an alarm notification to publish a message to an Amazon Simple Notification Service (Amazon SNS) topic. Subscribe the SysOps team email address to the SNS topic.","Create an Auto Scaling group across three different subnets in the same Availability Zone with a minimum, maximum, and desired size of 1. Configure the Auto Scaling group to use a launch template that specifies the private IP address and the Elastic IP address. Add an activity notification for the Auto Scaling group to send an email message to the SysOps team through Amazon Simple Email Service (Amazon SES).","Create an Auto Scaling group across three Availability Zones with a minimum, maximum, and desired size of 1. Configure the Auto Scaling group to use a launch template that specifies the private IP address and the Elastic IP address. Add an activity notification for the Auto Scaling group to publish a message to an Amazon Simple Notification Service (Amazon SNS) topic. Subscribe the SysOps team email address to the SNS topic.",,,"一名 SysOps 管理员正在设置一个自动化流程，以在底层硬件故障的情况下恢复一个 Amazon EC2 实例。  
The recovered instance 必须具有与原始实例相同的 private IP address 和相同的 Elastic IP address。  
SysOps 团队必须在恢复流程启动时收到一封电子邮件通知。  
哪种解决方案可以满足这些要求？","为 EC2 实例创建一个 Amazon CloudWatch 警报，且指定 StatusCheckFailed_Instance 指标。  
添加一个 EC2 操作到警报以恢复该实例。  
添加一个警报通知以发布消息到一个 Amazon Simple Notification Service (Amazon SNS) 主题。  
订阅 SysOps 团队的电子邮件地址到 SNS 主题。","为 EC2 实例创建一个 Amazon CloudWatch 警报，且指定 StatusCheckFailed_System 指标。  
添加一个 EC2 操作到警报以恢复实例。  
添加一个警报通知以发布消息到一个 Amazon Simple Notification Service (Amazon SNS) 主题。  
订阅 SysOps 团队的电子邮件地址到 SNS 主题。","在同一可用区的三个不同子网中创建一个 Auto Scaling group，具有最小、最大和期望大小均为 1。  
配置 Auto Scaling group 以使用一个启动模板，该模板指定私有 IP 地址和 Elastic IP 地址。  
为 Auto Scaling group 添加一个活动通知，通过 Amazon Simple Email Service (Amazon SES) 向 SysOps 团队发送电子邮件消息。","在三个可用区创建一个 Auto Scaling 组，具有最小、最大和期望大小为 1。  
配置 Auto Scaling 组以使用一个启动模板，该模板指定私有 IP 地址和 Elastic IP 地址。  
为 Auto Scaling 组添加一个活动通知，以向 Amazon Simple Notification Service (Amazon SNS) 主题发布消息。  
将 SysOps 团队的电子邮件地址订阅到 SNS 主题。",nan,nan,"一名 SysOps 管理员正在设置一个自动化流程，以在底层硬件故障的情况下恢复一个 Amazon EC2 实例。  
The recovered instance 必须具有与原始实例相同的 private IP address 和相同的 Elastic IP address。  
SysOps 团队必须在恢复流程启动时收到一封电子邮件通知。  
哪种解决方案可以满足这些要求？"
187,"A company has a public website that recently experienced problems. Some links led to missing webpages, and other links rendered incorrect webpages. The application infrastructure was running properly, and all the provisioned resources were healthy. Application logs and dashboards did not show any errors, and no monitoring alarms were raised. Systems administrators were not aware of any problems until end users reported the issues.  The company needs to proactively monitor the website for such issues in the future and must implement a solution as soon as possible.  Which solution will meet these requirements with the LEAST operational overhead?",C,Rewrite the application to surface a custom error to the application log when issues occur. Automatically parse logs for errors. Create an Amazon CloudWatch alarm to provide alerts when issues are detected.,Create an AWS Lambda function to test the website. Configure the Lambda function to emit an Amazon CloudWatch custom metric when errors are detected. Configure a CloudWatch alarm to provide alerts when issues are detected.,Create an Amazon CloudWatch Synthetics canary. Use the CloudWatch Synthetics Recorder plugin to generate the script for the canary run. Configure the canary in line with requirements. Create an alarm to provide alerts when issues are detected.,"In the Amazon CloudWatch console, turn on Application Insights. Create a CloudWatch alarm to provide alerts when an issue is detected.",,,"一家公司有一个公共网站，最近遇到问题。  
Some links led to missing webpages, and other links rendered incorrect webpages.  
一些链接导致网页丢失，其他链接显示错误的网页。  
The application infrastructure was running properly, and all the provisioned resources were healthy.  
应用程序基础设施运行正常，所有已配置的资源都健康。  
Application logs and dashboards did not show any errors, and no monitoring alarms were raised.  
应用程序日志和仪表板没有显示任何错误，也没有触发任何监控警报。  
Systems administrators were not aware of any problems until end users reported the issues.  
系统管理员在最终用户报告问题之前没有意识到任何问题。  
The company needs to proactively monitor the website for such issues in the future and must implement a solution as soon as possible.  
公司需要主动监控网站以防止未来出现此类问题，并且必须尽快实施解决方案。  
Which solution will meet these requirements with the LEAST operational overhead?  
哪种解决方案将在最少的运营负担下满足这些要求？","重写应用程序以在发生问题时向应用程序日志中显示自定义错误。  
自动解析日志以查找错误。  
创建一个 Amazon CloudWatch 警报以在检测到问题时提供警报。",创建一个 AWS Lambda 函数以测试网站。配置该 Lambda 函数在检测到错误时发出一个 Amazon CloudWatch 自定义指标。配置一个 CloudWatch 警报以在检测到问题时提供警报。,创建一个 Amazon CloudWatch Synthetics canary。使用 CloudWatch Synthetics Recorder 插件生成 canary 运行的脚本。根据需求配置 canary。创建一个 alarm 以在检测到问题时提供警报。,在 Amazon CloudWatch 控制台，开启 Application Insights。创建一个 CloudWatch 警报，以在检测到问题时提供警报。,nan,nan,"一家公司有一个公共网站，最近遇到问题。  
Some links led to missing webpages, and other links rendered incorrect webpages.  
一些链接导致网页丢失，其他链接显示错误的网页。  
The application infrastructure was running properly, and all the provisioned resources were healthy.  
应用程序基础设施运行正常，所有已配置的资源都健康。  
Application logs and dashboards did not show any errors, and no monitoring alarms were raised.  
应用程序日志和仪表板没有显示任何错误，也没有触发任何监控警报。  
Systems administrators were not aware of any problems until end users reported the issues.  
系统管理员在最终用户报告问题之前没有意识到任何问题。  
The company needs to proactively monitor the website for such issues in the future and must implement a solution as soon as possible.  
公司需要主动监控网站以防止未来出现此类问题，并且必须尽快实施解决方案。  
Which solution will meet these requirements with the LEAST operational overhead?  
哪种解决方案将在最少的运营负担下满足这些要求？"
188,A SysOps administrator is responsible for a company's security groups. The company wants to maintain a documented trail of any changes that are made to the security groups. The SysOps administrator must receive notification whenever the security groups change.  Which solution will meet these requirements?,C,Set up Amazon Detective to record security group changes. Specify an Amazon CloudWatch Logs log group to store configuration history logs. Create an Amazon Simple Queue Service (Amazon SQS) queue for notifications about configuration changes. Subscribe the SysOps administrator's email address to the SQS queue.,Set up AWS Systems Manager Change Manager to record security group changes. Specify an Amazon CloudWatch Logs log group to store configuration history logs. Create an Amazon Simple Notification Service (Amazon SNS) topic for notifications about configuration changes. Subscribe the SysOps administrator's email address to the SNS topic.,Set up AWS Config to record security group changes. Specify an Amazon S3 bucket as the location for configuration snapshots and history files. Create an Amazon Simple Notification Service (Amazon SNS) topic for notifications about configuration changes. Subscribe the SysOps administrator's email address to the SNS topic.,Set up Amazon Detective to record security group changes. Specify an Amazon S3 bucket as the location for configuration snapshots and history files. Create an Amazon Simple Notification Service (Amazon SNS) topic for notifications about configuration changes. Subscribe the SysOps administrator's email address to the SNS topic.,,,"一名 SysOps 管理员负责公司的 security groups。  
该公司希望维护一份关于对 security groups 所做的任何更改的文档记录。  
该 SysOps 管理员必须在 security groups 发生更改时收到通知。  
哪种解决方案可以满足这些要求？",设置 Amazon Detective 以记录安全组更改。指定一个 Amazon CloudWatch Logs 日志组以存储配置历史日志。创建一个 Amazon Simple Queue Service (Amazon SQS) 队列用于关于配置更改的通知。订阅 SysOps 管理员的电子邮件地址到 SQS 队列。,设置 AWS Systems Manager Change Manager 以记录安全组更改。指定一个 Amazon CloudWatch Logs 日志组以存储配置历史日志。创建一个 Amazon Simple Notification Service (Amazon SNS) 主题用于通知关于配置更改。订阅 SysOps 管理员的电子邮件地址到 SNS 主题。,设置 AWS Config 以记录 security group 变更。 指定一个 Amazon S3 bucket 作为配置快照和历史文件的位置。 创建一个 Amazon Simple Notification Service (Amazon SNS) 主题，用于关于配置变更的通知。 订阅 SysOps 管理员的电子邮件地址到 SNS 主题。,设置 Amazon Detective 以记录 security group 变更。指定一个 Amazon S3 bucket 作为配置快照和历史文件的位置。创建一个 Amazon Simple Notification Service (Amazon SNS) 主题，用于关于配置变更的通知。将 SysOps 管理员的电子邮件地址订阅到 SNS 主题。,nan,nan,"一名 SysOps 管理员负责公司的 security groups。  
The company 希望维护一份关于对 security groups 所做的任何更改的文档记录。  
The SysOps 管理员 必须在 security groups 发生更改时收到通知。  
哪种解决方案可以满足这些要求？"
189,"An ecommerce company has built a web application that uses an Amazon Aurora DB cluster. The DB cluster includes memory optimized instance types with both a writer node and a reader node. Traffic volume changes throughout the day. During sudden traffic surges, Amazon CloudWatch metrics for the DB cluster indicate high RAM consumption and an increase in select latency.  A SysOps administrator must implement a configuration change to improve the performance of the DB cluster. The change must minimize downtime and must not result in the loss of data.  Which change will meet these requirements?",A,Add an Aurora Replica to the DB cluster.,Modify the DB cluster to convert the DB cluster into a multi-master DB cluster.,"Take a snapshot of the DB cluster. From that snapshot, create a new DB cluster that has larger memory optimized instances.",Increase the disk storage capacity of the DB cluster to double the existing disk capacity.,,,"一家电子商务公司建立了一个使用 Amazon Aurora DB cluster 的网页应用程序。  
该 DB cluster 包含具有写入节点和读取节点的内存优化实例类型。  
流量量在一天中变化。  
在突发流量高峰期间，Amazon CloudWatch 指标显示该 DB cluster 的高 RAM 消耗和选择延迟的增加。  
一名 SysOps 管理员必须实施一个配置更改以改善该 DB cluster 的性能。  
该更改必须最小化停机时间，并且不得导致数据丢失。  
哪项更改将满足这些要求？",向数据库集群添加一个 Aurora 副本。,修改 该 DB 集群 以 转换 该 DB 集群 成为 一个 多主机 DB 集群。,对数据库集群进行快照。 从那个快照，创建一个具有更大内存优化实例的新数据库集群。,将数据库集群的磁盘存储容量增加到现有磁盘容量的两倍。,nan,nan,"一家电子商务公司建立了一个使用 Amazon Aurora DB cluster 的网页应用程序。  
该 DB cluster 包含具有写入节点和读取节点的内存优化实例类型。  
流量量在一天中变化。  
在突发流量高峰期间，Amazon CloudWatch 指标显示该 DB cluster 的高 RAM 消耗和选择延迟的增加。  
一名 SysOps 管理员必须实施一个配置更改以改善该 DB cluster 的性能。  
该更改必须最小化停机时间，并且不得导致数据丢失。  
哪项更改将满足这些要求？"
190,A company has a simple web application that runs on a set of Amazon EC2 instances behind an Elastic Load Balancer in the eu-west-2 Region. Amazon Route 53 holds a DNS record for the application with a simple routing policy. Users from all over the world access the application through their web browsers.  The company needs to create additional copies of the application in the us-east-1 Region and in the ap-south-1 Region. The company must direct users to the Region that provides the fastest response times when the users load the application.  What should a SysOps administrator do to meet these requirements?,D,"In each new Region, create a new Elastic Load Balancer and a new set of EC2 instances to run a copy of the application. Transition to a geolocation routing policy.","In each new Region, create a copy of the application on new EC2 instances. Add these new EC2 instances to the Elastic Load Balancer in eu-west-2. Transition to a latency routing policy.","In each new Region, create a copy of the application on new EC2 instances. Add these new EC2 instances to the Elastic Load Balancer in eu-west-2. Transition to a multivalue routing policy.","In each new Region, create a new Elastic Load Balancer and a new set of EC2 instances to run a copy of the application. Transition to a latency routing policy.",,,一家公司有一个简单的 web 应用程序，它在一组 Amazon EC2 实例上运行，位于 eu-west-2 区域的 Elastic Load Balancer 后面。Amazon Route 53 拥有该应用程序的 DNS 记录，采用简单的路由策略。来自世界各地的用户通过他们的 web 浏览器访问该应用程序。 这家公司需要在 us-east-1 区域和 ap-south-1 区域创建该应用程序的额外副本。 这家公司必须引导用户到提供最快响应时间的区域，当用户加载该应用程序时。  SysOps 管理员应该采取什么措施以满足这些要求？,在每个新的 Region，创建一个新的 Elastic Load Balancer 和一组新的 EC2 instances 来运行应用程序的副本。过渡到 geolocation routing policy。,"在每个新的 Region，创建应用程序的副本在新的 EC2 实例上。  
将这些新的 EC2 实例添加到在 eu-west-2 的 Elastic Load Balancer 中。  
过渡到延迟路由策略。","在每个新的 Region，创建一个应用程序的副本在新的 EC2 实例上。  
将这些新的 EC2 实例添加到在 eu-west-2 的 Elastic Load Balancer 中。  
过渡到一个 multivalue routing policy。",在每个新区域，创建一个新的 Elastic Load Balancer 和一组新的 EC2 实例以运行应用程序的副本。 转换到延迟路由策略。,nan,nan,"一家公司有一个简单的 web 应用程序，它在一组 Amazon EC2 实例上运行，位于 eu-west-2 区域的 Elastic Load Balancer 后面。  
Amazon Route 53 拥有该应用程序的 DNS 记录，采用简单的路由策略。  
来自世界各地的用户通过他们的 web 浏览器访问该应用程序。  
这家公司需要在 us-east-1 区域和 ap-south-1 区域创建该应用程序的额外副本。  
这家公司必须引导用户到提供最快响应时间的区域，当用户加载该应用程序时。  
SysOps 管理员应该采取什么措施以满足这些要求？"
191,A company creates a new member account by using AWS Organizations. A SysOps administrator needs to add AWS Business Support to the new account.  Which combination of steps must the SysOps administrator take to meet this requirement? (Choose two.),AE,Sign in to the new account by using IAM credentials. Change the support plan.,Sign in to the new account by using root user credentials. Change the support plan.,Use the AWS Support API to change the support plan.,Reset the password of the account root user.,Create an IAM user that has administrator privileges in the new account.,,"一家公司通过使用 AWS Organizations 创建一个新的成员账户。  
一名 SysOps 管理员需要将 AWS Business Support 添加到新的账户。  
哪一组合的步骤 SysOps 管理员必须采取以满足这个要求？（选择两个。）",使用 IAM 凭证登录到新账户。更改支持计划。,使用 root 用户凭证登录到新账户。更改支持计划。,使用 AWS Support API 来更改 支持 计划。,重置 该 账户 root 用户 的 密码 。,创建 一个 IAM 用户 ， 那个 拥有 管理员 权限 在 新 的 账户 。,nan,"一家公司通过使用 AWS Organizations 创建一个新的成员账户。  
One company通过使用 AWS Organizations 创建一个新的成员账户。  
一名 SysOps 管理员需要将 AWS Business Support 添加到新的账户。  
A SysOps 管理员 需要将 AWS Business Support 添加到新的账户。  
哪一组合的步骤 SysOps 管理员必须采取以满足这个要求？（选择两个。）  
Which combination of steps SysOps 管理员 必须采取 以满足 这个 要求？（选择 两个。）"
192,"A SysOps administrator creates two VPCs, VPC1 and VPC2, in a company's AWS account The SysOps administrator deploys a Linux Amazon EC2 instance in VPC1 and deploys an Amazon RDS for MySQL DB instance in VPC2. The DB instance is deployed in a private subnet. An application that runs on the EC2 instance needs to connect to the database.  What should the SysOps administrator do to give the EC2 instance the ability to connect to the database?",B,Enter the DB instance connection string into the VPC1 route table.,Configure VPC peering between the two VPCs.,Add the same IPv4 CIDR range for both VPCs.,Connect to the DB instance by using the DB instance's public IP address.,,,"一名 SysOps 管理员在一家公司 AWS 账户中创建了两个 VPC，VPC1 和 VPC2，  
The SysOps administrator 在 VPC1 中部署了一个 Linux Amazon EC2 实例，并在 VPC2 中部署了一个 Amazon RDS for MySQL DB 实例。  
该 DB 实例被部署在一个私有子网中。  
在 EC2 实例上运行的应用程序需要连接到数据库。  
SysOps 管理员应该做什么以赋予 EC2 实例连接到数据库的能力？",将数据库实例连接字符串输入到 VPC1 路由表中。,配置 VPC 之间的 VPC peering。,为两个 VPC 添加相同的 IPv4 CIDR 范围。,通过使用 DB instance 的 public IP address 连接到 DB instance。,nan,nan,"一名 SysOps 管理员在一家公司 AWS 账户中创建了两个 VPC，VPC1 和 VPC2，  
The SysOps administrator 在 VPC1 中部署了一个 Linux Amazon EC2 实例，并在 VPC2 中部署了一个 Amazon RDS for MySQL DB 实例。  
该 DB 实例被部署在一个私有子网中。  
在 EC2 实例上运行的应用程序需要连接到数据库。  
SysOps 管理员应该做什么以赋予 EC2 实例连接到数据库的能力？"
193,A company uses an Amazon S3 bucket to store data files. The S3 bucket contains hundreds of objects. The company needs to replace a tag on all the objects in the S3 bucket with another tag.  What is the MOST operationally efficient way to meet this requirement?,A,Use S3 Batch Operations. Specify the operation to replace all object tags.,Use the AWS CLI to get the tags for each object. Save the tags in a list. Use S3 Batch Operations. Specify the operation to delete all object tags. Use the AWS CLI and the list to retag the objects.,Use the AWS CLI to get the tags for each object. Save the tags in a list. Use the AWS CLI and the list to remove the object tags. Use the AWS CLI and the list to retag the objects.,Use the AWS CLI to copy the objects to another S3 bucket. Add the new tag to the copied objects. Delete the original objects.,,,"一家公司使用 Amazon S3 bucket 来存储数据文件。  
该 S3 bucket 包含数百个对象。  
该公司需要用另一个标签替换 S3 bucket 中所有对象的标签。  
什么是满足此要求的最具操作效率的方法？",使用 S3 Batch Operations。 指定 操作 以 替换 所有 对象 标签。,使用 AWS CLI 获取每个对象的标签。将标签保存到列表中。使用 S3 Batch Operations。指定操作以删除所有对象标签。使用 AWS CLI 和列表对对象进行重新标记。,使用 AWS CLI 获取每个对象的标签。将标签保存到列表中。使用 AWS CLI 和该列表删除对象标签。使用 AWS CLI 和该列表重新标记对象。,使用 AWS CLI 将对象复制到另一个 S3 bucket。 添加新标签到复制的对象。 删除原始对象。,nan,nan,"一家公司使用 Amazon S3 bucket 来存储数据文件。  
该 S3 bucket 包含数百个对象。  
该公司需要用另一个标签替换 S3 bucket 中所有对象的标签。  
什么是满足此要求的最具操作效率的方法？"
194,"A company needs to take an inventory of applications that are running on multiple Amazon EC2 instances. The company has configured users and roles with the appropriate permissions for AWS Systems Manager. An updated version of Systems Manager Agent has been installed and is running on every instance. While configuring an inventory collection, a SysOps administrator discovers that not all the instances in a single subnet are managed by Systems Manager.  What must the SysOps administrator do to fix this issue?",C,Ensure that all the EC2 instances have the correct tags for Systems Manager access.,Configure AWS Identity and Access Management Access Analyzer to determine and automatically remediate the issue.,Ensure that all the EC2 instances have an instance profile with Systems Manager access.,Configure Systems Manager to use an interface VPC endpoint.,,,"一家公司需要对在多个 Amazon EC2 实例上运行的应用程序进行清点。  
The company has configured users and roles with the appropriate permissions for AWS Systems Manager.  
一家公司已经配置了具有适当权限的用户和角色，用于 AWS Systems Manager。  
An updated version of Systems Manager Agent has been installed and is running on every instance.  
已安装并在每个实例上运行了 Systems Manager Agent 的更新版本。  
While configuring an inventory collection, a SysOps administrator discovers that not all the instances in a single subnet are managed by Systems Manager.  
在配置清点收集时，一名 SysOps 管理员发现，单个子网中的并非所有实例都由 Systems Manager 管理。  
What must the SysOps administrator do to fix this issue?  
SysOps 管理员必须做什么以解决这个问题？",确保 所有 的 EC2 实例 拥有 正确 的 标签 用于 Systems Manager 访问。,配置 AWS Identity and Access Management Access Analyzer 以确定并自动修复问题。,确保 所有 的 EC2 实例 都 有 一个 实例 配置 文件 与 Systems Manager 访问 权限。,配置 Systems Manager 以使用 interface VPC endpoint。,nan,nan,"一家公司需要对在多个 Amazon EC2 实例上运行的应用程序进行清点。  
The company has configured users and roles with the appropriate permissions for AWS Systems Manager.  
一家公司已经配置了具有适当权限的用户和角色，用于 AWS Systems Manager。  
An updated version of Systems Manager Agent has been installed and is running on every instance.  
已安装并在每个实例上运行了 Systems Manager Agent 的更新版本。  
While configuring an inventory collection, a SysOps administrator discovers that not all the instances in a single subnet are managed by Systems Manager.  
在配置清点收集时，一名 SysOps 管理员发现，单个子网中的并非所有实例都由 Systems Manager 管理。  
What must the SysOps administrator do to fix this issue?  
SysOps 管理员必须做什么以解决这个问题？"
195,A company stores sensitive data in an Amazon S3 bucket. The company must log all access attempts to the S3 bucket. The company's risk team must receive immediate notification about any delete events.  Which solution will meet these requirements?,A,Enable S3 server access logging for audit logs. Set up an Amazon Simple Notification Service (Amazon SNS) notification for the S3 bucket. Select DeleteObject for the event type for the alert system.,Enable S3 server access logging for audit logs. Launch an Amazon EC2 instance for the alert system. Run a cron job on the EC2 instance to download the access logs each day and to scan for a DeleteObject event.,Use Amazon CloudWatch Logs for audit logs. Use Amazon CloudWatch alarms with an Amazon Simple Notification Service (Amazon SNS) notification for the alert system.,Use Amazon CloudWatch Logs for audit logs. Launch an Amazon EC2 instance for the alert system. Run a cron job on the EC2 instance each day to compare the list of the items with the list from the previous day. Configure the cron job to send a notification if an item is missing.,,,"一家公司将敏感数据存储在一个 Amazon S3 桶中。  
The company must log all access attempts to the S3 bucket.  
该公司必须记录所有对 S3 桶的访问尝试。  
The company's risk team must receive immediate notification about any delete events.  
该公司的风险团队必须立即收到关于任何删除事件的通知。  
Which solution will meet these requirements?  
哪种解决方案将满足这些要求？",启用 S3 服务器访问日志以进行审计日志。设置一个 Amazon Simple Notification Service (Amazon SNS) 通知用于 S3 存储桶。选择 DeleteObject 作为事件类型用于警报系统。,启用 S3 服务器访问日志以进行审计日志。启动一个 Amazon EC2 实例用于警报系统。在 EC2 实例上运行一个 cron 作业，每天下载访问日志并扫描 DeleteObject 事件。,使用 Amazon CloudWatch Logs 用于 审计 日志。使用 Amazon CloudWatch 警报 与 一个 Amazon Simple Notification Service (Amazon SNS) 通知 用于 警报 系统。,使用 Amazon CloudWatch Logs 用于 审计日志。 启动 一个 Amazon EC2 实例 用于 警报 系统。 在 EC2 实例 上 运行 一个 cron 作业 每天 比较 这个 项目 的 列表 与 前一天 的 列表。 配置 这个 cron 作业 以 发送 通知 如果 一个 项目 缺失。,nan,nan,"一家公司将敏感数据存储在一个 Amazon S3 桶中。  
The company must log all access attempts to the S3 bucket.  
该公司必须记录所有对 S3 桶的访问尝试。  
The company's risk team must receive immediate notification about any delete events.  
该公司的风险团队必须立即收到关于任何删除事件的通知。  
Which solution will meet these requirements?  
哪种解决方案将满足这些要求？"
196,A SysOps administrator receives an alert from Amazon GuardDuty about suspicious network activity on an Amazon EC2 instance. The GuardDuty finding lists a new external IP address as a traffic destination. The SysOps administrator does not recognize the external IP address. The SysOps administrator must block traffic to the external IP address that GuardDuty identified.  Which solution will meet this requirement?,C,Create a new security group to block traffic to the external IP address. Assign the new security group to the EC2 instance.,Use VPC flow logs with Amazon Athena to block traffic to the external IP address.,Create a network ACL. Add an outbound deny rule for traffic to the external IP address.,Create a new security group to block traffic to the external IP address. Assign the new security group to the entire VPC.,,,"一名 SysOps 管理员收到来自 Amazon GuardDuty 关于 Amazon EC2 实例的可疑网络活动的警报。  
The GuardDuty finding 列出一个新的 external IP address 作为流量目的地。  
该 SysOps 管理员不认识该 external IP address。  
该 SysOps 管理员必须阻止 GuardDuty 识别的 external IP address 的流量。  
哪种解决方案可以满足此要求？",创建 一个 新的 安全组 以 阻止 流量 到 外部 IP 地址。 分配 给 新的 安全组 到 EC2 实例。,使用 VPC flow logs 与 Amazon Athena 来 阻止 流量 到 外部 IP 地址。,创建 一个 网络 ACL 。 添加 一个 出站 拒绝 规则 用于 流量 到 外部 IP 地址 。,创建 一个 新的 安全组 以 阻止 流量 到 外部 IP 地址。 分配 给 新的 安全组 到 整个 VPC。,nan,nan,"一名 SysOps 管理员收到来自 Amazon GuardDuty 关于 Amazon EC2 实例的可疑网络活动的警报。  
The GuardDuty finding 列出一个新的 external IP address 作为流量目的地。  
该 SysOps 管理员不认识该 external IP address。  
该 SysOps 管理员必须阻止 GuardDuty 识别的 external IP address 的流量。  
哪种解决方案可以满足此要求？"
197,"A company's reporting job that used to run in 15 minutes is now taking an hour to run. An application generates the reports. The application runs on Amazon EC2 instances and extracts data from an Amazon RDS for MySQL database.  A SysOps administrator checks the Amazon CloudWatch dashboard for the RDS instance and notices that the Read IOPS metrics are high, even when the reports are not running. The SysOps administrator needs to improve the performance and the availability of the RDS instance.  Which solution will meet these requirements?",B,Configure an Amazon ElastiCache cluster in front of the RDS instance. Update the reporting job to query the ElastiCache cluster.,Deploy an RDS read replica. Update the reporting job to query the reader endpoint.,Create an Amazon CloudFront distribution. Set the RDS instance as the origin. Update the reporting job to query the CloudFront distribution.,Increase the size of the RDS instance.,,,"一家公司'的报告任务曾经在15分钟内运行完，现在需要一个小时才能运行完。  
一个应用程序生成这些报告。  
该应用程序在 Amazon EC2 实例上运行，并从 Amazon RDS for MySQL 数据库中提取数据。  
一名 SysOps 管理员检查 Amazon CloudWatch 仪表板上的 RDS 实例，并注意到即使在报告未运行时，Read IOPS 指标也很高。  
SysOps 管理员需要改善 RDS 实例的性能和可用性。  
哪种解决方案可以满足这些要求？","在 RDS 实例前配置一个 Amazon ElastiCache 集群。  
更新报告作业以查询 ElastiCache 集群。",部署一个 RDS 只读副本。更新报告作业以查询 reader endpoint。,创建一个 Amazon CloudFront 分发。设置 RDS 实例为源。更新报告作业以查询 CloudFront 分发。,增加 RDS 实例的大小。,nan,nan,"一家公司'的报告任务曾经在15分钟内运行完，现在需要一个小时才能运行完。  
A company's report task used to complete within 15 minutes, now it takes one hour to complete.  
一个应用程序生成这些报告。  
An application generates these reports.  
该应用程序在 Amazon EC2 实例上运行，并从 Amazon RDS for MySQL 数据库中提取数据。  
The application runs on Amazon EC2 instances and extracts data from Amazon RDS for MySQL database.  
一名 SysOps 管理员检查 Amazon CloudWatch 仪表板上的 RDS 实例，并注意到即使在报告未运行时，Read IOPS 指标也很高。  
A SysOps administrator checks the RDS instance on the Amazon CloudWatch dashboard and notices that even when the report is not running, the Read IOPS metric is high.  
SysOps 管理员需要改善 RDS 实例的性能和可用性。  
The SysOps administrator needs to improve the performance and availability of the RDS instance.  
哪种解决方案可以满足这些要求？  
Which solution can meet these requirements?"
198,A company's SysOps administrator regularly checks the AWS Personal Health Dashboard in each of the company's accounts. The accounts are part of an organization in AWS Organizations. The company recently added 10 more accounts to the organization. The SysOps administrator must consolidate the alerts from each account's Personal Health Dashboard.  Which solution will meet this requirement with the LEAST amount of effort?,A,Enable organizational view in AWS Health.,Configure the Personal Health Dashboard in each account to forward events to a central AWS CloudTrail log.,Create an AWS Lambda function to query the AWS Health API and to write all events to an Amazon DynamoDB table.,Use the AWS Health API to write events to an Amazon DynamoDB table.,,,一家公司'的 SysOps 管理员 定期检查 每个公司'的 AWS Personal Health Dashboard。 这些账户 是 AWS Organizations 中的 组织的一部分。 这家公司 最近 添加了 10 个 账户 到 组织中。 SysOps 管理员 必须 合并 每个账户'的 Personal Health Dashboard 的 警报。 哪个 解决方案 将 满足 这个 需求， 以 最少 的 努力？,在 AWS Health 中启用组织视图。,在每个账户中配置 Personal Health Dashboard 以转发事件到一个中心的 AWS CloudTrail 日志。,创建 一个 AWS Lambda 函数 用于 查询 AWS Health API 并 将 所有 事件 写入 一个 Amazon DynamoDB 表。,使用 AWS Health API 来写事件到一个 Amazon DynamoDB 表。,nan,nan,一家公司 SysOps 管理员 定期检查 每个公司 的 AWS Personal Health Dashboard。 这些账户 是 AWS Organizations 中的 组织的一部分。 这家公司 最近 添加了 10 个 账户 到 组织中。 SysOps 管理员 必须 合并 每个账户 的 Personal Health Dashboard 的 警报。 哪个 解决方案 将 满足 这个 需求， 以 最少 的 努力？
199,A company runs an application on Amazon EC2 instances. The EC2 instances are in an Auto Scaling group and run behind an Application Load Balancer (ALB). The application experiences errors when total requests exceed 100 requests per second. A SysOps administrator must collect information about total requests for a 2-week period to determine when requests exceeded this threshold.  What should the SysOps administrator do to collect this data?,A,Use the ALB's RequestCount metric. Configure a time range of 2 weeks and a period of 1 minute. Examine the chart to determine peak traffic times and volumes.,Use Amazon CloudWatch metric math to generate a sum of request counts for all the EC2 instances over a 2-week period. Sort by a 1-minute interval.,Create Amazon CloudWatch custom metrics on the EC2 launch configuration templates to create aggregated request metrics across all the EC2 instances.,Create an Amazon EventBridge (Amazon CloudWatch Events) rule. Configure an EC2 event matching pattern that creates a metric that is based on EC2 requests. Display the data in a graph.,,,一家公司在 Amazon EC2 实例上运行一个应用程序。该 EC2 实例位于一个 Auto Scaling 组中，并且在一个 Application Load Balancer (ALB) 后面运行。该应用程序在总请求超过每秒 100 请求时会出现错误。一个 SysOps 管理员必须收集关于总请求在两周期间的信息，以确定何时请求超过了这个阈值。 他们应该做什么来收集这个数据？,使用 ALB 的 RequestCount 指标。配置一个时间范围为 2 周和一个周期为 1 分钟。检查图表以确定高峰流量时间和容量。,使用 Amazon CloudWatch metric math 来生成所有 EC2 实例在 2 周期间的请求计数总和。 按照 1 分钟的间隔进行排序。,在 EC2 启动配置模板上创建 Amazon CloudWatch 自定义指标，以创建跨所有 EC2 实例的聚合请求指标。,创建一个 Amazon EventBridge (Amazon CloudWatch Events) 规则。配置一个 EC2 事件匹配模式，该模式创建一个基于 EC2 请求的指标。在图表中显示数据。,nan,nan,"一家公司在 Amazon EC2 实例上运行一个应用程序。  
该 EC2 实例位于一个 Auto Scaling 组中，并且在一个 Application Load Balancer (ALB) 后面运行。  
该应用程序在总请求超过每秒 100 请求时会出现错误。  
一个 SysOps 管理员必须收集关于总请求在两周期间的信息，  
以确定何时请求超过了这个阈值。  
他们应该做什么来收集这个数据？"
200,"A company recently migrated its application to a VPC on AWS. An AWS Site-to-Site VPN connection connects the company's on-premises network to the VPC. The application retrieves customer data from another system that resides on premises. The application uses an on-premises DNS server to resolve domain records. After the migration, the application is not able to connect to the customer data because of name resolution errors.  Which solution will give the application the ability to resolve the internal domain names?",B,"Launch EC2 instances in the VPC. On the EC2 instances, deploy a custom DNS forwarder that forwards all DNS requests to the on-premises DNS server. Create an Amazon Route 53 private hosted zone that uses the EC2 instances for name servers.",Create an Amazon Route 53 Resolver outbound endpoint. Configure the outbound endpoint to forward DNS queries against the on-premises domain to the on-premises DNS server.,Set up two AWS Direct Connect connections between the AWS environment and the on-premises network. Set up a link aggregation group (LAG) that includes the two connections. Change the VPC resolver address to point to the on-premises DNS server.,Create an Amazon Route 53 public hosted zone for the on-premises domain. Configure the network ACLs to forward DNS requests against the on-premises domain to the Route 53 public hosted zone.,,,一家公司最近将其应用程序迁移到AWS上的VPC。一个AWS Site-to-Site VPN连接将公司的本地网络连接到VPC。该应用程序从另一个驻留在本地的系统中检索客户数据。该应用程序使用本地DNS服务器来解析域名记录。迁移后，应用程序由于名称解析错误而无法连接到客户数据。哪种解决方案将使应用程序具有解析内部域名的能力？,在 VPC 中启动 EC2 实例。 在 EC2 实例上，部署一个自定义 DNS 转发器，该转发器将所有 DNS 请求转发到本地 DNS 服务器。 创建一个使用 EC2 实例作为名称服务器的 Amazon Route 53 私有托管区域。,创建一个 Amazon Route 53 Resolver 出站端点。配置出站端点以将 DNS 查询转发到本地域名系统对本地域名系统域的查询到本地域名系统服务器。,"在 AWS 环境和本地网络之间建立两个 AWS Direct Connect 连接。  
建立一个包含这两个连接的链路聚合组（LAG）。  
将 VPC 解析器地址更改为指向本地 DNS 服务器。","为本地域创建一个 Amazon Route 53 公共托管区域。  
配置网络 ACLs 以将针对本地域的 DNS 请求转发到 Route 53 公共托管区域。",nan,nan,一家公司最近将其应用程序迁移到 AWS 上的 VPC。一个 AWS Site-to-Site VPN 连接将公司的本地网络连接到 VPC。该应用程序从另一个驻留在本地的系统中检索客户数据。该应用程序使用本地 DNS 服务器来解析域名记录。迁移后，应用程序由于名称解析错误而无法连接到客户数据。哪种解决方案将使应用程序具有解析内部域名的能力？
201,A company's web application is available through an Amazon CloudFront distribution and directly through an internet-facing Application Load Balancer (ALB). A SysOps administrator must make the application accessible only through the CloudFront distribution and not directly through the ALB. The SysOps administrator must make this change without changing the application code.  Which solution will meet these requirements?,D,Modify the ALB type to internal. Set the distribution's origin to the internal ALB domain name.,Create a Lambda@Edge function. Configure the function to compare a custom header value in the request with a stored password and to forward the request to the origin in case of a match. Associate the function with the distribution.,"Replace the ALB with a new internal ALB. Set the distribution's origin to the internal ALB domain name. Add a custom HTTP header to the origin settings for the distribution. In the ALB listener, add a rule to forward requests that contain the matching custom header and the header's value. Add a default rule to return a fixed response code of 403.","Add a custom HTTP header to the origin settings for the distribution. In the ALB listener, add a rule to forward requests that contain the matching custom header and the header's value. Add a default rule to return a fixed response code of 403.",,,"一家公司'的网页应用程序通过 Amazon CloudFront 分发和直接通过一个面向互联网的 Application Load Balancer (ALB) 提供服务。  
一名 SysOps 管理员必须使该应用程序仅通过 CloudFront 分发访问，而不能直接通过 ALB 访问。  
一名 SysOps 管理员必须在不更改应用程序代码的情况下进行此更改。  
哪种解决方案可以满足这些要求？",将 ALB 类型修改为 internal。设置 distribution 的 origin 为 internal ALB 域名。,创建一个 Lambda@Edge 函数。配置该函数以比较请求中的自定义头部值与存储的密码，并在匹配的情况下将请求转发到源。将该函数与分发关联。,用新的内部 ALB 替换 ALB。将分发的源设置为内部 ALB 域名。在分发的源设置中添加自定义 HTTP 头。 在 ALB 监听器中，添加一条规则以转发包含匹配的自定义头和该头的值的请求。 添加一条默认规则以返回固定响应代码 403。,在分发的源设置中添加一个自定义 HTTP 头。 在 ALB 监听器中，添加一条规则以转发包含匹配的自定义头和该头的值的请求。 添加一条默认规则以返回固定响应代码 403。,nan,nan,"一家公司通过 Amazon CloudFront 分发和直接通过一个面向互联网的 Application Load Balancer (ALB) 提供服务。  
一名 SysOps 管理员必须使该应用程序仅通过 CloudFront 分发访问，而不能直接通过 ALB 访问。  
一名 SysOps 管理员必须在不更改应用程序代码的情况下进行此更改。  
哪种解决方案可以满足这些要求？"
202,A company runs several workloads on AWS. The company identifies five AWS Trusted Advisor service quota metrics to monitor in a specific AWS Region. The company wants to receive email notification each time resource usage exceeds 60% of one of the service quotas.  Which solution will meet these requirements?,A,"Create five Amazon CloudWatch alarms, one for each Trusted Advisor service quota metric. Configure an Amazon Simple Notification Service (Amazon SNS) topic for email notification each time that usage exceeds 60% of one of the service quotas.","Create five Amazon CloudWatch alarms, one for each Trusted Advisor service quota metric. Configure an Amazon Simple Queue Service (Amazon SQS) queue for email notification each time that usage exceeds 60% of one of the service quotas.",Use the AWS Service Health Dashboard to monitor each Trusted Advisor service quota metric. Configure an Amazon Simple Queue Service (Amazon SQS) queue for email notification each time that usage exceeds 60% of one of the service quotas.,Use the AWS Service Health Dashboard to monitor each Trusted Advisor service quota metric. Configure an Amazon Simple Notification Service (Amazon SNS) topic for email notification each time that usage exceeds 60% of one of the service quotas.,,,"一家公司在 AWS 上运行多个工作负载。  
The company 在 AWS 上运行多个工作负载。  

该公司识别了五个 AWS Trusted Advisor service quota 指标以在特定的 AWS Region 中监控。  
The company 识别了五个 AWS Trusted Advisor service quota 指标以在特定的 AWS Region 中监控。  

该公司希望在每次资源使用超过其中一个 service quotas 的 60% 时接收电子邮件通知。  
The company 希望在每次资源使用超过其中一个 service quotas 的 60% 时接收电子邮件通知。  

哪种解决方案将满足这些要求？  
Which solution 将满足这些要求？","创建五个 Amazon CloudWatch 警报，一个用于每个 Trusted Advisor 服务配额指标。  
配置一个 Amazon Simple Notification Service (Amazon SNS) 主题，用于每次当使用超过一个服务配额的 60% 时的电子邮件通知。","创建五个 Amazon CloudWatch 警报，一个用于每个 Trusted Advisor 服务配额指标。  
配置一个 Amazon Simple Queue Service (Amazon SQS) 队列，用于每次当使用超过一个服务配额的 60% 时的电子邮件通知。",使用 AWS Service Health Dashboard 来监控每个 Trusted Advisor 服务配额指标。配置一个 Amazon Simple Queue Service (Amazon SQS) 队列，用于每次当使用超过一个服务配额的 60% 时的电子邮件通知。,使用 AWS Service Health Dashboard 来监控每个 Trusted Advisor 服务配额指标。配置一个 Amazon Simple Notification Service (Amazon SNS) 主题，用于每次当使用量超过一个服务配额的 60% 时的电子邮件通知。,nan,nan,哪种解决方案 将满足这些要求？
203,A company needs to implement a managed file system to host Windows file shares for users on premises. Resources in the AWS Cloud also need access to the data on these file shares. A SysOps administrator needs to present the user file shares on premises and make the user file shares available on AWS with minimum latency.  What should the SysOps administrator do to meet these requirements?,D,Set up an Amazon S3 File Gateway.,Set up an AWS Direct Connect connection.,Use AWS DataSync to automate data transfers between the existing file servers and AWS.,Set up an Amazon FSx File Gateway.,,,一家公司需要实现一个托管的文件系统，以托管 Windows 文件共享给本地的用户。AWS Cloud 中的资源也需要访问这些文件共享上的数据。一个 SysOps 管理员需要在本地展示用户文件共享，并使用户文件共享在 AWS 上可用，且延迟最小。 SysOps 管理员应该做什么以满足这些要求？,设置一个 Amazon S3 文件网关。,建立一个 AWS Direct Connect 连接。,使用 AWS DataSync 来自动化 数据 传输 之间 的 现有 文件 服务器 和 AWS 。,设置 一个 Amazon FSx 文件 网关 。,nan,nan,"一家公司需要实现一个托管的文件系统，以托管 Windows 文件共享给本地的用户。  
AWS Cloud 中的资源也需要访问这些文件共享上的数据。  
一个 SysOps 管理员需要在本地展示用户文件共享，并使用户文件共享在 AWS 上可用，且延迟最小。  
SysOps 管理员应该做什么以满足这些要求？"
204,A company is hosting applications on Amazon EC2 instances. The company is hosting a database on an Amazon RDS for PostgreSQL DB instance. The company requires all connections to the DB instance to be encrypted.  What should a SysOps administrator do to meet this requirement?,C,Allow SSL connections to the database by using an inbound security group rule.,Encrypt the database by using an AWS Key Management Service (AWS KMS) encryption key.,Enforce SSL connections to the database by using a custom parameter group.,Patch the database with SSL/TLS by using a custom PostgreSQL extension.,,,"一家公司正在托管应用程序在 Amazon EC2 实例上。  
The company is hosting a database on an Amazon RDS for PostgreSQL DB instance.  
该公司需要所有连接到该 DB 实例都必须加密。  
The company requires all connections to the DB instance to be encrypted.  
SysOps 管理员应该做什么以满足这个要求？",允许 SSL 连接到数据库，通过使用一个入站安全组规则。,使用 AWS Key Management Service (AWS KMS) 加密密钥对数据库进行加密。,通过使用自定义参数组强制执行到数据库的 SSL 连接。,使用自定义的 PostgreSQL 扩展，通过 SSL/TLS 修补数据库。,nan,nan,"一家公司正在托管应用程序在 Amazon EC2 实例上。  
The company is hosting a database on an Amazon RDS for PostgreSQL DB instance.  
该公司需要所有连接到该 DB 实例都必须加密。  
The company requires all connections to the DB instance to be encrypted.  
SysOps 管理员应该做什么以满足这个要求？"
205,A company recently purchased Savings Plans. The company wants to receive email notification when the company's utilization drops below 90% for a given day.  Which solution will meet this requirement?,D,Create an Amazon CloudWatch alarm to monitor the Savings Plan check in AWS Trusted Advisor. Configure an Amazon Simple Queue Service (Amazon SQS) queue for email notification when the utilization drops below 90% for a given day.,Create an Amazon CloudWatch alarm to monitor the SavingsPlansUtilization metric under the AWS/SavingsPlans namespace in CloudWatch. Configure an Amazon Simple Queue Service (Amazon SQS) queue for email notification when the utilization drops below 90% for a given day.,Create a Savings Plans alert to monitor the daily utilization of the Savings Plans. Configure an Amazon Simple Notification Service (Amazon SNS) topic for email notification when the utilization drops below 90% for a given day.,Use AWS Budgets to create a Savings Plans budget to track the daily utilization of the Savings Plans. Configure an Amazon Simple Notification Service (Amazon SNS) topic for email notification when the utilization drops below 90% for a given day.,,,"一家公司最近购买了 Savings Plans。  
该公司希望在某一天的利用率低于 90% 时收到电子邮件通知。  
哪种解决方案可以满足此要求？","创建一个 Amazon CloudWatch 警报以监控 AWS Trusted Advisor 中的 Savings Plan 检查。  
配置一个 Amazon Simple Queue Service (Amazon SQS) 队列，用于在某一天的利用率低于 90% 时进行电子邮件通知。","在 CloudWatch 中创建一个 Amazon CloudWatch 警报，用于监控 AWS/SavingsPlans 命名空间下的 SavingsPlansUtilization 指标。  
为 Amazon Simple Queue Service (Amazon SQS) 配置一个队列，用于在某一天的利用率低于 90% 时进行电子邮件通知。",创建一个 Savings Plans 警报以监控 Savings Plans 的每日利用率。配置一个 Amazon Simple Notification Service (Amazon SNS) 主题，用于在某一天的利用率低于 90% 时通过电子邮件通知。,使用 AWS Budgets 来创建 Savings Plans 预算以跟踪 Savings Plans 的每日利用率。配置一个 Amazon Simple Notification Service (Amazon SNS) 主题以在某一天的利用率低于 90% 时进行电子邮件通知。,nan,nan,"一家公司最近购买了 Savings Plans。  
该公司希望在某一天的利用率低于 90% 时收到电子邮件通知。  
哪种解决方案可以满足此要求？"
206,A company uses an Amazon Simple Queue Service (Amazon SQS) standard queue with its application. The application sends messages to the queue with unique message bodies. The company decides to switch to an SQS FIFO queue.  What must the company do to migrate to an SQS FIFO queue?,A,Create a new SQS FIFO queue. Turn on content-based deduplication on the new FIFO queue. Update the application to include a message group ID in the messages.,Create a new SQS FIFO queue. Update the application to include the DelaySeconds parameter in the messages.,Modify the queue type from SQS standard to SQS FIFO. Turn off content-based deduplication on the queue. Update the application to include a message group ID in the messages.,Modify the queue type from SQS standard to SQS FIFO. Update the application to send messages with identical message bodies and to include the DelaySeconds parameter in the messages.,,,"一家公司在其应用程序中使用 Amazon Simple Queue Service (Amazon SQS) 标准队列。  
该应用程序向队列发送具有唯一消息体的消息。  
该公司决定切换到 SQS FIFO 队列。  
公司必须做什么才能迁移到 SQS FIFO 队列？",创建 一个 新的 SQS FIFO 队列。开启 内容 基于 去重 在 新的 FIFO 队列 上。更新 应用程序 以 包含 一个 消息 组 ID 在 消息 中。,创建 一个 新 的 SQS FIFO 队列 。 更新 应用程序 以 包含 DelaySeconds 参数 在 消息 中 。,将队列类型从 SQS standard 改为 SQS FIFO。关闭队列上的基于内容的去重。更新应用程序以在消息中包含消息组 ID。,将队列类型从 SQS standard 修改为 SQS FIFO。 更新应用程序以发送具有相同消息正文的消息，并在消息中包含 DelaySeconds 参数。,nan,nan,"一家公司在其应用程序中使用 Amazon Simple Queue Service (Amazon SQS) 标准队列。  
该应用程序向队列发送具有唯一消息体的消息。  
该公司决定切换到 SQS FIFO 队列。  
公司必须做什么才能迁移到 SQS FIFO 队列？"
207,"A company's SysOps administrator must ensure that all Amazon EC2 Windows instances that are launched in an AWS account have a third-party agent installed. The third-party agent has an .msi package. The company uses AWS Systems Manager for patching, and the Windows instances are tagged appropriately. The third-party agent requires periodic updates as new versions are released. The SysOps administrator must deploy these updates automatically.  Which combination of steps will meet these requirements with the LEAST operational effort? (Choose two.)",AD,Create a Systems Manager Distributor package for the third-party agent.,"Make sure that Systems Manager Inventory is configured. If Systems Manager Inventory is not configured, set up a new inventory for instances that is based on the appropriate tag value for Windows.",Create a Systems Manager State Manager association to run the AWS-RunRemoteScript document. Populate the details of the third-party agent package. Specify instance tags based on the appropriate tag value for Windows with a schedule of 1 day.,Create a Systems Manager State Manager association to run the AWS-ConfigureAWSPackage document. Populate the details of the third-party agent package. Specify instance tags based on the appropriate tag value for Windows with a schedule of 1 day.,Create a Systems Manager OpsItem with the tag value for Windows. Attach the Systems Manager Distributor package to the OpsItem. Create a maintenance window that is specific to the package deployment. Configure the maintenance window to cover 24 hours a day.,,"一家公司'的 SysOps 管理员必须确保在 AWS 账户中启动的所有 Amazon EC2 Windows 实例都安装了第三方代理。  
The third-party agent 有一个 .msi 包。  
该公司使用 AWS Systems Manager 进行补丁管理，且 Windows 实例被适当标记。  
第三方代理需要定期更新，因为新版本发布。  
SysOps 管理员必须自动部署这些更新。  
哪些步骤组合将以最少的操作努力满足这些要求？（选择两个。）",为第三方代理创建一个 Systems Manager Distributor 包。,"确保 Systems Manager Inventory 已配置。  
如果 Systems Manager Inventory 未配置，  
为基于 Windows 适当标签值的实例设置一个新的 inventory。","创建一个 Systems Manager State Manager 关联以运行 AWS-RunRemoteScript 文档。  
填写第三方代理包的详细信息。  
根据适当的标签值为 Windows 指定实例标签，计划为 1 天。","创建一个 Systems Manager State Manager 关联以运行 AWS-ConfigureAWSPackage 文档。  
填写第三方代理包的详细信息。  
根据适当的标签值为 Windows 指定实例标签，计划为 1 天。",创建一个 Systems Manager OpsItem，标签值为 Windows。将 Systems Manager Distributor 包附加到 OpsItem。创建一个特定于包部署的维护窗口。将维护窗口配置为覆盖全天24小时。,nan,"一家公司'的 SysOps 管理员必须确保在 AWS 账户中启动的所有 Amazon EC2 Windows 实例都安装了第三方代理。  
The third-party agent 有一个 .msi 包。  
该公司使用 AWS Systems Manager 进行补丁管理，且 Windows 实例被适当标记。  
第三方代理需要定期更新，因为新版本发布。  
SysOps 管理员必须自动部署这些更新。  
哪些步骤组合将以最少的操作努力满足这些要求？（选择两个。）"
208,"A company runs hundreds of Amazon EC2 instances in a single AWS Region. Each EC2 instance has two attached 1 GiB General Purpose SSD (gp2) Amazon Elastic Block Store (Amazon EBS) volumes. A critical workload is using all the available IOPS capacity on the EBS volumes.  According to company policy, the company cannot change instance types or EBS volume types without completing lengthy acceptance tests to validate that the company's applications will function properly. A SysOps administrator needs to increase the I/O performance of the EBS volumes as quickly as possible.  Which action should the SysOps administrator take to meet these requirements?",A,Increase the size of the 1 GiB EBS volumes.,Add two additional elastic network interfaces on each EC2 instance.,Turn on Transfer Acceleration on the EBS volumes in the Region.,Add all the EC2 instances to a cluster placement group.,,,"一家公司在单一的 AWS Region 运行数百个 Amazon EC2 实例。  
每个 EC2 实例都附加有两个 1 GiB General Purpose SSD (gp2) Amazon Elastic Block Store (Amazon EBS) 卷。  
一个关键工作负载正在使用所有可用的 IOPS 容量在 EBS 卷上。  
根据公司政策，公司不能在没有完成冗长的验收测试以验证公司应用程序将正常运行的情况下更改实例类型或 EBS 卷类型。  
一名 SysOps 管理员需要尽快增加 EBS 卷的 I/O 性能。  
应采取哪项措施以满足这些要求？",增加 1 GiB EBS 卷的大小。,在每个 EC2 实例上添加两个额外的 elastic network interfaces。,在该区域内，开启 Transfer Acceleration 在 EBS 卷上。,将所有的 EC2 实例添加到一个集群放置组。,nan,nan,"一家公司在单一的 AWS Region 运行数百个 Amazon EC2 实例。  
每个 EC2 实例都附加有两个 1 GiB General Purpose SSD (gp2) Amazon Elastic Block Store (Amazon EBS) 卷。  
一个关键工作负载正在使用所有可用的 IOPS 容量在 EBS 卷上。  
根据公司政策，公司不能在没有完成冗长的验收测试以验证公司应用程序将正常运行的情况下更改实例类型或 EBS 卷类型。  
一名 SysOps 管理员需要尽快增加 EBS 卷的 I/O 性能。  
应采取哪项措施以满足这些要求？"
209,A company needs to deploy a new workload on AWS. The company must encrypt all data at rest and must rotate the encryption keys once each year. The workload uses an Amazon RDS for MySQL Multi-AZ database for data storage.  Which configuration approach will meet these requirements?,C,Enable Transparent Data Encryption (TDE) in the MySQL configuration file. Manually rotate the key every 12 months.,Enable RDS encryption on the database at creation time by using the AWS managed key for Amazon RDS.,Create a new AWS Key Management Service (AWS KMS) customer managed key. Enable automatic key rotation. Enable RDS encryption on the database at creation time by using the KMS key.,Create a new AWS Key Management Service (AWS KMS) customer managed key. Enable automatic key rotation. Enable encryption on the Amazon Elastic Block Store (Amazon EBS) volumes that are attached to the RDS DB instance.,,,"一家公司需要在 AWS 上部署一个新的工作负载。  
The company must encrypt all data at rest and must rotate the encryption keys once each year.  
该公司必须加密所有静态数据，并且必须每年轮换一次加密密钥。  
该工作负载使用 Amazon RDS for MySQL Multi-AZ 数据库进行数据存储。  
The workload uses an Amazon RDS for MySQL Multi-AZ database for data storage.  
哪种配置方法将满足这些要求？  
Which configuration approach will meet these requirements?","在 MySQL 配置文件中启用 Transparent Data Encryption (TDE)。  
每 12 个月手动轮换密钥。",在创建时间，通过使用 AWS 管理的密钥为 Amazon RDS 启用 RDS 加密。,"创建 一个 新的 AWS Key Management Service (AWS KMS) 客户 管理 密钥。  
启用 自动 密钥 轮换。  
启用 RDS 加密 在 数据库 在 创建 时 通过 使用 KMS 密钥。","创建 一个 新的 AWS Key Management Service (AWS KMS) 客户 管理 密钥。  
启用 自动 密钥 轮换。  
启用 加密 在 附加 到 RDS DB 实例 的 Amazon Elastic Block Store (Amazon EBS) 卷 上。",nan,nan,"一家公司必须在 AWS 上部署一个新的工作负载。  
The company must encrypt all data at rest and must rotate the encryption keys once each year.  
该公司必须加密所有静态数据，并且必须每年轮换一次加密密钥。  
该工作负载使用 Amazon RDS for MySQL Multi-AZ 数据库进行数据存储。  
The workload uses an Amazon RDS for MySQL Multi-AZ database for data storage.  
哪种配置方法将满足这些要求？  
Which configuration approach will meet these requirements?"
210,A company has an application that is deployed to two AWS Regions in an active-passive configuration. The application runs on Amazon EC2 instances behind an Application Load Balancer (ALB) in each Region. The instances are in an Amazon EC2 Auto Scaling group in each Region. The application uses an Amazon Route 53 hosted zone for DNS. A SysOps administrator needs to configure automatic failover to the secondary Region.  What should the SysOps administrator do to meet these requirements?,A,Configure Route 53 alias records that point to each ALB. Choose a failover routing policy. Set Evaluate Target Health to Yes.,Configure CNAME records that point to each ALChoose a failover routing policy. Set Evaluate Target Health to Yes.,Configure Elastic Load Balancing (ELB) health checks for the Auto Scaling group. Add a target group to the ALB in the primary Region. Include the EC2 instances in the secondary Region as targets.,Configure EC2 health checks for the Auto Scaling group. Add a target group to the ALB in the primary Region. Include the EC2 instances in the secondary Region as targets.,,,"一家公司拥有一个应用程序，该应用程序以主动-被动配置部署到两个 AWS Regions 中。  
该应用程序在每个 Region 后面的 Amazon EC2 实例上运行，使用一个 Application Load Balancer (ALB)。  
这些实例在每个 Region 中都在一个 Amazon EC2 Auto Scaling group 中。  
该应用程序使用一个 Amazon Route 53 托管区域进行 DNS。  
一名 SysOps 管理员需要配置自动故障转移到次要的 Region。  
SysOps 管理员应该做什么以满足这些要求？",配置 Route 53 别名记录，这些记录指向每个 ALB。选择故障转移路由策略。设置 Evaluate Target Health 为 Yes。,配置 CNAME 记录，指向每个 AL，选择故障转移路由策略。设置 Evaluate Target Health 为 Yes。,"为 Auto Scaling 组配置 Elastic Load Balancing (ELB) 健康检查。  
在主要区域的 ALB 中添加目标组。  
将次要区域的 EC2 实例作为目标包含进去。",为 Auto Scaling 组配置 EC2 健康检查。 在主要区域的 ALB 中添加目标组。 将次要区域的 EC2 实例作为目标包含在内。,nan,nan,"一家公司拥有一个应用程序，该应用程序以主动-被动配置部署到两个 AWS Regions 中。  
The company has an application, and the application is deployed in active-passive configuration to two AWS Regions.  
该应用程序在每个 Region 后面的 Amazon EC2 实例上运行，使用一个 Application Load Balancer (ALB)。  
The application runs on Amazon EC2 instances behind each Region, using an Application Load Balancer (ALB).  
这些实例在每个 Region 中都在一个 Amazon EC2 Auto Scaling group 中。  
These instances are in an Amazon EC2 Auto Scaling group in each Region.  
该应用程序使用一个 Amazon Route 53 托管区域进行 DNS。  
The application uses an Amazon Route 53 hosted zone for DNS.  
一名 SysOps 管理员需要配置自动故障转移到次要的 Region。  
A SysOps administrator needs to configure automatic failover to the secondary Region.  
SysOps 管理员应该做什么以满足这些要求？  
What should the SysOps administrator do to meet these requirements?"
211,"A company is implementing a monitoring solution that is based on machine learning. The monitoring solution consumes Amazon EventBridge (Amazon CloudWatch Events) events that are generated by Amazon EC2 Auto Scaling. The monitoring solution provides detection of anomalous behavior such as unanticipated scaling events and is configured as an EventBridge (CloudWatch Events) API destination.  During initial testing, the company discovers that the monitoring solution is not receiving events. However, Amazon CloudWatch is showing that the EventBridge (CloudWatch Events) rule is being invoked. A SysOps administrator must implement a solution to retrieve client error details to help resolve this issue.  Which solution will meet these requirements with the LEAST operational effort?",B,Create an EventBridge (CloudWatch Events) archive for the event pattern to replay the events. Increase the logging on the monitoring solution. Use replay to invoke the monitoring solution. Examine the error details.,Add an Amazon Simple Queue Service (Amazon SQS) standard queue as a dead-letter queue for the target. Process the messages in the dead-letter queue to retrieve error details.,Create a second EventBridge (CloudWatch Events) rule for the same event pattern to target an AWS Lambda function. Configure the Lambda function to invoke the monitoring solution and to record the results to Amazon CloudWatch Logs. Examine the errors in the logs.,Configure the EventBridge (CloudWatch Events) rule to send error messages to an Amazon Simple Notification Service (Amazon SNS) topic.,,,"一家公司正在实施一个基于 machine learning 的监控解决方案。  
该监控解决方案消耗由 Amazon EC2 Auto Scaling 生成的 Amazon EventBridge (Amazon CloudWatch Events) 事件。  
该监控解决方案提供检测异常行为，例如未预期的扩展事件，并被配置为 EventBridge (CloudWatch Events) API 目的地。  
在初步测试期间，该公司发现监控解决方案没有接收事件。  
然而，Amazon CloudWatch 显示 EventBridge (CloudWatch Events) 规则正在被调用。  
一名 SysOps 管理员必须实施一个解决方案，以检索客户端错误详细信息，以帮助解决此问题。  
哪种解决方案将以最少的操作努力满足这些要求？","为事件模式创建一个 EventBridge (CloudWatch Events) 存档，以便重放事件。  
增加监控解决方案上的日志记录。  
使用 replay 来调用监控解决方案。  
检查错误详细信息。","为目标添加一个 Amazon Simple Queue Service (Amazon SQS) 标准队列作为死信队列。  
处理死信队列中的消息以检索错误详细信息。","为相同事件模式创建第二个 EventBridge (CloudWatch Events) 规则，以目标指向一个 AWS Lambda 函数。  
配置该 Lambda 函数以调用监控解决方案，并将结果记录到 Amazon CloudWatch Logs。  
检查日志中的错误。",配置 EventBridge (CloudWatch Events) 规则 以 发送 错误 信息 到 一个 Amazon Simple Notification Service (Amazon SNS) 主题。,nan,nan,"一家公司正在实施一个基于 machine learning 的监控解决方案。  
该监控解决方案消耗由 Amazon EC2 Auto Scaling 生成的 Amazon EventBridge (Amazon CloudWatch Events) 事件。  
该监控解决方案提供检测异常行为，例如未预期的扩展事件，并被配置为 EventBridge (CloudWatch Events) API 目的地。  
在初步测试期间，该公司发现监控解决方案没有接收事件。  
然而，Amazon CloudWatch 显示 EventBridge (CloudWatch Events) 规则正在被调用。  
一名 SysOps 管理员必须实施一个解决方案，以检索客户端错误详细信息，以帮助解决此问题。  
哪种解决方案将以最少的操作努力满足这些要求？"
212,A company is storing backups in an Amazon S3 bucket. The backups must not be deleted for at least 3 months after the backups are created.  What should a SysOps administrator do to meet this requirement?,B,"Configure an IAM policy that denies the s3:DeleteObject action for all users. Three months after an object is written, remove the policy.",Enable S3 Object Lock on a new S3 bucket in compliance mode. Place all backups in the new S3 bucket with a retention period of 3 months.,Enable S3 Versioning on the existing S3 bucket. Configure S3 Lifecycle rules to protect the backups.,Enable S3 Object Lock on a new S3 bucket in governance mode. Place all backups in the new S3 bucket with a retention period of 3 months.,,,"一家公司正在在 Amazon S3 bucket 中存储备份。  
这些备份必须在备份创建后至少 3 个月内不被删除。  
SysOps 管理员应该做什么以满足这个要求？","配置一个 IAM 策略，拒绝所有用户的 s3:DeleteObject 操作。  
三个月后，在对象被写入后，删除该策略。",在合规模式下在新的 S3 bucket 上启用 S3 Object Lock。将所有备份放在新的 S3 bucket 中，保留期为 3 个月。,在现有的 S3 bucket 上启用 S3 Versioning。配置 S3 Lifecycle 规则以保护备份。,"在新的 S3 bucket 上启用 S3 Object Lock，模式为 governance 模式。  
将所有备份放入新的 S3 bucket，保留期为 3 个月。",nan,nan,"一家公司正在在 Amazon S3 bucket 中存储备份。  
These backups must be at least 3 months old after the backup is created and not be deleted.  
SysOps 管理员应该做什么以满足这个要求？"
213,A SysOps administrator needs to track the costs of data transfer between AWS Regions. The SysOps administrator must implement a solution to send alerts to an email distribution list when transfer costs reach 75% of a specific threshold.  What should the SysOps administrator do to meet these requirements?,C,Create an AWS Cost and Usage Report. Analyze the results in Amazon Athena. Configure an alarm to publish a message to an Amazon Simple Notification Service (Amazon SNS) topic when costs reach 75% of the threshold. Subscribe the email distribution list to the topic.,Create an Amazon CloudWatch billing alarm to detect when costs reach 75% of the threshold. Configure the alarm to publish a message to an Amazon Simple Notification Service (Amazon SNS) topic. Subscribe the email distribution list to the topic.,Use AWS Budgets to create a cost budget for data transfer costs. Set an alert at 75% of the budgeted amount. Configure the budget to send a notification to the email distribution list when costs reach 75% of the threshold.,Set up a VPC flow log. Set up a subscription filter to an AWS Lambda function to analyze data transfer. Configure the Lambda function to send a notification to the email distribution list when costs reach 75% of the threshold.,,,"一名 SysOps 管理员需要跟踪 AWS Regions 之间数据传输的成本。  
The SysOps administrator 必须实施一个解决方案，以便在传输成本达到特定阈值的 75% 时，向电子邮件分发列表发送警报。  
What 应该 SysOps 管理员做以满足这些要求？",创建一个 AWS Cost and Usage Report。分析在 Amazon Athena 中的结果。配置一个警报，当成本达到阈值的75%时，发布一条消息到 Amazon Simple Notification Service (Amazon SNS) 主题。订阅电子邮件分发列表到该主题。,创建一个 Amazon CloudWatch 账单警报，以检测当成本达到阈值的75%时。配置该警报以向 Amazon Simple Notification Service (Amazon SNS) 主题发布消息。订阅电子邮件分发列表到该主题。,使用 AWS Budgets 来创建一个数据传输成本的成本预算。 设置一个在预算金额的75%时的警报。 配置预算在成本达到阈值的75%时，向电子邮件分发列表发送通知。,设置一个 VPC flow log。设置一个订阅过滤器到 AWS Lambda function 以分析数据传输。配置该 Lambda function 以在成本达到阈值的 75% 时向电子邮件分发列表发送通知。,nan,nan,"一名 SysOps 管理员需要跟踪 AWS Regions 之间数据传输的成本。  
The SysOps administrator 必须实施一个解决方案，以便在传输成本达到特定阈值的 75% 时，向电子邮件分发列表发送警报。  
What 应该 SysOps 管理员做以满足这些要求？"
214,A company needs to archive all audit logs for 10 years. The company must protect the logs from any future edits.  Which solution will meet these requirements?,B,Store the data in an Amazon Elastic Block Store (Amazon EBS) volume. Configure AWS Key Management Service (AWS KMS) encryption.,"Store the data in an Amazon S3 Glacier vault. Configure a vault lock policy for write-once, read-many (WORM) access.",Store the data in Amazon S3 Standard-Infrequent Access (S3 Standard-IA). Configure server-side encryption.,Store the data in Amazon S3 Standard-Infrequent Access (S3 Standard-IA). Configure multi-factor authentication (MFA).,,,"一家公司需要归档所有审计日志为期10年。  
The company must protect the logs from any future edits.  
哪种解决方案将满足这些要求？",将数据存储在 Amazon Elastic Block Store (Amazon EBS) 卷中。配置 AWS Key Management Service (AWS KMS) 加密。,将数据存储在 Amazon S3 Glacier 保管库中。配置一个保管库锁定策略，用于写入一次，读取多次（WORM）访问。,将数据存储在 Amazon S3 Standard-Infrequent Access (S3 Standard-IA) 中。配置服务器端加密。,将数据存储在 Amazon S3 Standard-Infrequent Access (S3 Standard-IA)。 配置多因素认证 (MFA)。,nan,nan,"一家公司必须保护这些日志免受任何未来的编辑。  
Which solution will meet these requirements?"
215,A company's AWS Lambda function is experiencing performance issues. The Lambda function performs many CPU-intensive operations. The Lambda function is not running fast enough and is creating bottlenecks in the system.  What should a SysOps administrator do to resolve this issue?,C,"In the CPU launch options for the Lambda function, activate hyperthreading.",Turn off the AWS managed encryption.,Increase the amount of memory for the Lambda function.,Load the required code into a custom layer.,,,"一家公司'的 AWS Lambda 函数正在经历性能问题。  
The Lambda function 执行许多 CPU-intensive 操作。  
The Lambda function 不运行得足够快，并且在系统中造成瓶颈。  
SysOps 管理员应该做什么来解决这个问题？",在 Lambda 函数的 CPU 启动选项中，激活 hyperthreading。,关闭 AWS 管理的加密。,增加 Lambda 函数的内存量。,将所需的代码加载到自定义层中。,nan,nan,"一家公司'的 AWS Lambda 函数正在经历性能问题。  
The Lambda function 执行许多 CPU-intensive 操作。  
The Lambda function 不运行得足够快，并且在系统中造成瓶颈。  
SysOps 管理员应该做什么来解决这个问题？"
216,A company hosts a web application on an Amazon EC2 instance. The web server logs are published to Amazon CloudWatch Logs. The log events have the same structure and include the HTTP response codes that are associated with the user requests. The company needs to monitor the number of times that the web server returns an HTTP 404 response.  What is the MOST operationally efficient solution that meets these requirements?,A,Create a CloudWatch Logs metric filter that counts the number of times that the web server returns an HTTP 404 response.,Create a CloudWatch Logs subscription filter that counts the number of times that the web server returns an HTTP 404 response.,Create an AWS Lambda function that runs a CloudWatch Logs Insights query that counts the number of 404 codes in the log events during the past hour.,Create a script that runs a CloudWatch Logs Insights query that counts the number of 404 codes in the log events during the past hour.,,,一家公司在 Amazon EC2 实例上托管一个 web 应用程序。该 web 服务器日志被发布到 Amazon CloudWatch Logs。日志事件具有相同的结构，并包括与用户请求相关联的 HTTP response codes。该公司需要监控 web 服务器返回 HTTP 404 response 的次数。什么是满足这些要求的最具操作效率的解决方案？,创建 一个 CloudWatch Logs 指标过滤器 ， 该 过滤器 统计 出现 次数 ， 即 web 服务器 返回 一个 HTTP 404 响应 。,创建 一个 CloudWatch Logs 订阅过滤器 ， 该 过滤器 统计 出现 的 次数 ， 也 就是 网络 服务器 返回 一个 HTTP 404 响应 的 次数 。,创建一个 AWS Lambda 函数，该函数运行一个 CloudWatch Logs Insights 查询，该查询统计在过去一小时内日志事件中 404 代码的数量。,创建 一个 脚本 ， 那个 运行 一个 CloudWatch Logs Insights 查询 ， 那个 统计 数量 的 404 代码 在 日志 事件 中 在 过去 一 小时 内 。,nan,nan,"一家公司在 Amazon EC2 实例上托管一个 web 应用程序。  
该 web 服务器日志被发布到 Amazon CloudWatch Logs。  
日志事件具有相同的结构，并包括与用户请求相关联的 HTTP response codes。  
该公司需要监控 web 服务器返回 HTTP 404 response 的次数。  
什么是满足这些要求的最具操作效率的解决方案？"
217,A company is attempting to manage its costs in the AWS Cloud. A SysOps administrator needs specific company-defined tags that are assigned to resources to appear on the billing report.  What should the SysOps administrator do to meet this requirement?,B,Activate the tags as AWS generated cost allocation tags.,Activate the tags as user-defined cost allocation tags.,Create a new cost category. Select the account billing dimension.,Create a new AWS Cost and Usage Report. Include the resource IDs.,,,一家公司正在尝试管理其在 AWS Cloud 中的成本。 一名 SysOps 管理员需要特定的公司定义标签，这些标签被分配到资源上以显示在账单报告中。 该 SysOps 管理员应该做什么以满足这个要求？,激活 这些 作为  AWS 生成 的  成本  分配  标签  的  标签。,将标签激活为用户定义的成本分配标签。,创建 一个 新 的 成本 类别 。 选择 账户 计费 维度 。,创建 一个 新的 AWS Cost and Usage Report 。 包含 资源 ID 。,nan,nan,"一家公司正在尝试管理其在 AWS Cloud 中的成本。  
A company is trying to manage its costs in AWS Cloud.  

一名 SysOps 管理员需要特定的公司定义标签，这些标签被分配到资源上以显示在账单报告中。  
A SysOps administrator needs specific company-defined tags, these tags are assigned to resources to appear in the billing report.  

该 SysOps 管理员应该做什么以满足这个要求？  
What should this SysOps administrator do to meet this requirement?"
218,"A company is expanding globally and needs to back up data on Amazon Elastic Block Store (Amazon EBS) volumes to a different AWS Region. Most of the EBS volumes that store the data are encrypted, but some of the EBS volumes are unencrypted. The company needs the backup data from all the EBS volumes to be encrypted.  Which solution will meet these requirements with the LEAST management overhead?",A,Configure a lifecycle policy in Amazon Data Lifecycle Manager (Amazon DLM) to create the EBS volume snapshots with cross-Region backups enabled. Encrypt the snapshot copies by using AWS Key Management Service (AWS KMS).,"Create a point-in-time snapshot of the EBS volumes. When the snapshot status is COMPLETED, copy the snapshots to another Region and set the Encrypted parameter to False.",Create a point-in-time snapshot of the EBS volumes. Copy the snapshots to an Amazon S3 bucket that uses server-side encryption. Turn on S3 Cross-Region Replication on the S3 bucket.,"Schedule an AWS Lambda function with the Python runtime. Configure the Lambda function to create the EBS volume snapshots, encrypt the unencrypted snapshots, and copy the snapshots to another Region.",,,一家公司正在全球扩展，并且需要将 Amazon Elastic Block Store (Amazon EBS) 卷上的数据备份到不同的 AWS Region。大部分存储数据的 EBS 卷是加密的，但一些 EBS 卷是未加密的。该公司需要所有 EBS 卷的备份数据都被加密。哪种解决方案可以以最少的管理开销满足这些要求？,"在 Amazon Data Lifecycle Manager (Amazon DLM) 中配置生命周期策略，以创建启用跨区域备份的 EBS 卷快照。  
通过使用 AWS Key Management Service (AWS KMS) 对快照副本进行加密。",创建一个点-in-时间快照的 EBS 卷。 当快照状态是 COMPLETED，复制快照到另一个 Region 并设置 Encrypted 参数为 False。,创建一个点-in-时间快照的 EBS 卷。将快照复制到一个使用 server-side encryption 的 Amazon S3 桶。开启 S3 Cross-Region Replication 在 S3 桶上。,安排一个具有 Python 运行时的 AWS Lambda function。配置该 Lambda function 以创建 EBS volume 的快照，给未加密的快照进行加密，并将快照复制到另一个 Region。,nan,nan,"一家公司正在全球扩展，并且需要将 Amazon Elastic Block Store (Amazon EBS) 卷上的数据备份到不同的 AWS Region。  
大部分存储数据的 EBS 卷是加密的，但一些 EBS 卷是未加密的。  
该公司需要所有 EBS 卷的备份数据都被加密。  
哪种解决方案可以以最少的管理开销满足这些要求？"
219,A SysOps administrator creates an Amazon Elastic Kubernetes Service (Amazon EKS) cluster that uses AWS Fargate. The cluster is deployed successfully. The SysOps administrator needs to manage the cluster by using the kubectl command line tool.  Which of the following must be configured on the SysOps administrator's machine so that kubectl can communicate with the cluster API server?,A,The kubeconfig file,The kube-proxy Amazon EKS add-on,The Fargate profile,The eks-connector.yaml file,,,"一名 SysOps 管理员创建了一个 Amazon Elastic Kubernetes Service (Amazon EKS) 集群，该集群使用 AWS Fargate。  
该集群成功部署。  
该 SysOps 管理员需要通过使用 kubectl 命令行工具来管理该集群。  
以下哪项必须在 SysOps 管理员的机器上配置，以便 kubectl 能够与集群 API 服务器通信？",The kubeconfig 文件,The kube-proxy Amazon EKS add-on,The Fargate profile,The eks-connector.yaml 文件,nan,nan,"一名 SysOps 管理员创建了一个 Amazon Elastic Kubernetes Service (Amazon EKS) 集群，该集群使用 AWS Fargate。  
该集群成功部署。  
该 SysOps 管理员需要通过使用 kubectl 命令行工具来管理该集群。  
以下哪项必须在 SysOps 管理员的机器上配置，以便 kubectl 能够与集群 API 服务器通信？"
220,"A company wants to collect data from an application to use for analytics. For the first 90 days, the data will be infrequently accessed but must remain highly available. During this time, the company's analytics team requires access to the data in milliseconds. However, after 90 days, the company must retain the data for the long term at a lower cost. The retrieval time after 90 days must be less than 5 hours.  Which solution will meet these requirements MOST cost-effectively?",A,Store the data in S3 Standard-Infrequent Access (S3 Standard-IA) for the first 90 days. Set up an S3 Lifecycle rule to move the data to S3 Glacier Flexible Retrieval after 90 days.,Store the data in S3 One Zone-Infrequent Access (S3 One Zone-IA) for the first 90 days. Set up an S3 Lifecycle rule to move the data to S3 Glacier Deep Archive after 90 days.,Store the data in S3 Standard for the first 90 days. Set up an S3 Lifecycle rule to move the data to S3 Glacier Flexible Retrieval after 90 days.,Store the data in S3 Standard for the first 90 days. Set up an S3 Lifecycle rule to move the data to S3 Glacier Deep Archive after 90 days.,,,"一家公司想要收集来自应用程序的数据以用于分析。  
For the first 90 days, the data will be infrequently accessed but must remain highly available.  
在最初的90天内，数据将被不频繁访问但必须保持高度可用。  
During this time, the company's analytics team requires access to the data in milliseconds.  
在此期间，公司分析团队需要以毫秒为单位访问数据。  
However, after 90 days, the company must retain the data for the long term at a lower cost.  
然而，90天后，公司必须以较低的成本长期保留数据。  
The retrieval time after 90 days must be less than 5 hours.  
90天后，检索时间必须少于5小时。  
Which solution will meet these requirements MOST cost-effectively?  
哪种解决方案将以最具成本效益的方式满足这些要求？",在前 90 天，将数据存储在 S3 Standard-Infrequent Access (S3 Standard-IA) 中。 设置一个 S3 Lifecycle 规则，在 90 天后将数据移动到 S3 Glacier Flexible Retrieval。,在 S3 One Zone-Infrequent Access (S3 One Zone-IA) 中存储数据，持续前 90 天。 设置一个 S3 Lifecycle 规则，将数据在 90 天后移动到 S3 Glacier Deep Archive。,在前 90 天内，将数据存储在 S3 Standard 中。设置一个 S3 Lifecycle 规则，在 90 天后将数据移动到 S3 Glacier Flexible Retrieval。,在前 90 天，将数据存储在 S3 Standard 中。设置一个 S3 Lifecycle 规则，在 90 天后将数据移动到 S3 Glacier Deep Archive。,nan,nan,"一家公司想要收集来自应用程序的数据以用于分析。  
For the first 90 days, the data will be infrequently accessed but must remain highly available.  
在最初的90天内，数据将被不频繁访问但必须保持高度可用。  
During this time, the company's analytics team requires access to the data in milliseconds.  
在此期间，公司分析团队需要以毫秒为单位访问数据。  
However, after 90 days, the company must retain the data for the long term at a lower cost.  
然而，90天后，公司必须以较低的成本长期保留数据。  
The retrieval time after 90 days must be less than 5 hours.  
90天后，检索时间必须少于5小时。  
Which solution will meet these requirements MOST cost-effectively?  
哪种解决方案将以最具成本效益的方式满足这些要求？"
221,A company's application currently uses an IAM role that allows all access to all AWS services. A SysOps administrator must ensure that the company's IAM policies allow only the permissions that the application requires.  How can the SysOps administrator create a policy to meet this requirement?,D,Turn on AWS CloudTrail. Generate a policy by using AWS Security Hub.,Turn on Amazon EventBridge (Amazon CloudWatch Events). Generate a policy by using AWS Identity and Access Management Access Analyzer.,Use the AWS CLI to run the get-generated-policy command in AWS Identity and Access Management Access Analyzer.,Turn on AWS CloudTrail. Generate a policy by using AWS Identity and Access Management Access Analyzer.,,,"一家公司'的应用程序目前使用一个 IAM 角色，允许对所有 AWS 服务的所有访问。  
一名 SysOps 管理员必须确保该公司的 IAM 政策只允许应用程序所需的权限。  
如何让 SysOps 管理员创建一个策略以满足这个要求？",开启 AWS CloudTrail。使用 AWS Security Hub 生成策略。,开启 Amazon EventBridge (Amazon CloudWatch Events)。使用 AWS Identity and Access Management Access Analyzer 生成策略。,使用 AWS CLI 来运行 get-generated-policy 命令 在 AWS Identity and Access Management Access Analyzer 中。,开启 AWS CloudTrail。使用 AWS Identity and Access Management Access Analyzer 生成策略。,nan,nan,"一家公司'的应用程序目前使用一个 IAM 角色，允许对所有 AWS 服务的所有访问。  
A company's application currently uses an IAM role, allowing access to all AWS services.  
一名 SysOps 管理员必须确保该公司的 IAM 政策只允许应用程序所需的权限。  
A SysOps administrator must ensure that the company's IAM policies only grant the permissions required by the application.  
如何让 SysOps 管理员创建一个策略以满足这个要求？  
How can the SysOps administrator create a policy to meet this requirement?"
222,A company is deploying a third-party unit testing solution that is delivered as an Amazon EC2 Amazon Machine Image (AMI). All system configuration data is stored in Amazon DynamoDB. The testing results are stored in Amazon S3.  A minimum of three EC2 instances are required to operate the product. The company's testing team wants to use an additional three EC2 instances when the Spot Instance prices are at a certain threshold. A SysOps administrator must implement a highly available solution that provides this functionality.  Which solution will meet these requirements with the LEAST operational overhead?,B,Define an Amazon EC2 Auto Scaling group by using a launch configuration. Use the provided AMI in the launch configuration. Configure three On-Demand Instances and three Spot Instances. Configure a maximum Spot Instance price in the launch configuration.,Define an Amazon EC2 Auto Scaling group by using a launch template. Use the provided AMI in the launch template. Configure three On-Demand Instances and three Spot instances. Configure a maximum Spot Instance price in the launch template.,Define two Amazon EC2 Auto Scaling groups by using launch configurations. Use the provided AMI in the launch configurations. Configure three On-Demand Instances for one Auto Scaling group. Configure three Spot Instances for the other Auto Scaling group. Configure a maximum Spot Instance price in the launch configuration for the Auto Scaling group that has Spot Instances.,Define two Amazon EC2 Auto Scaling groups by using launch templates. Use the provides AMI in the launch templates. Configure three On-Demand Instances for one Auto Scaling group. Configure three Spot Instances for the other Auto Scaling group. Configure a maximum Spot Instance price in the launch template for the Auto Scaling group that has Spot Instances.,,,一家公司正在部署一个第三方单元测试解决方案，该解决方案作为 Amazon EC2 Amazon Machine Image (AMI) 提供。所有系统配置数据都存储在 Amazon DynamoDB 中。测试结果存储在 Amazon S3 中。 至少需要三个 EC2 实例来操作该产品。 公司的测试团队希望在 Spot Instance 价格达到某个阈值时使用另外三个 EC2 实例。 一个 SysOps 管理员必须实现一个提供此功能的高可用性解决方案。 哪个解决方案将以最少的操作开销满足这些要求？,通过使用启动配置定义一个 Amazon EC2 Auto Scaling 组。使用启动配置中提供的 AMI。配置三个 On-Demand 实例和三个 Spot 实例。在启动配置中配置最大 Spot 实例价格。,通过使用启动模板定义一个 Amazon EC2 Auto Scaling 组。使用启动模板中提供的 AMI。配置三个 On-Demand 实例和三个 Spot 实例。在启动模板中配置最大 Spot 实例价格。,通过使用启动配置定义两个 Amazon EC2 Auto Scaling 组。使用提供的 AMI 在启动配置中。为一个 Auto Scaling 组配置三个 On-Demand Instances。为另一个 Auto Scaling 组配置三个 Spot Instances。在具有 Spot Instances 的 Auto Scaling 组的启动配置中配置最大 Spot Instance 价格。,通过使用 launch templates 定义两个 Amazon EC2 Auto Scaling groups。使用 launch templates 中提供的 AMI。为一个 Auto Scaling group 配置三个 On-Demand Instances。为另一个 Auto Scaling group 配置三个 Spot Instances。在具有 Spot Instances 的 Auto Scaling group 的 launch template 中配置最大 Spot Instance 价格。,nan,nan,"一家公司正在部署一个第三方单元测试解决方案，  
该解决方案作为 Amazon EC2 Amazon Machine Image (AMI) 提供。  
所有系统配置数据都存储在 Amazon DynamoDB 中。  
测试结果存储在 Amazon S3 中。  
至少需要三个 EC2 实例来操作该产品。  
公司的测试团队希望在 Spot Instance 价格达到某个阈值时使用另外三个 EC2 实例。  
一个 SysOps 管理员必须实现一个提供此功能的高可用性解决方案。  
哪个解决方案将以最少的操作开销满足这些要求？"
223,A SysOps administrator creates an AWS CloudFormation template to define an application stack that can be deployed in multiple AWS Regions. The SysOps administrator also creates an Amazon CloudWatch dashboard by using the AWS Management Console. Each deployment of the application requires its own CloudWatch dashboard.  How can the SysOps administrator automate the creation of the CloudWatch dashboard each time the application is deployed?,B,Create a script by using the AWS CLI to run the aws cloudformation put-dashboard command with the name of the dashboard. Run the command each time a new CloudFormation stack is created.,Export the existing CloudWatch dashboard as JSON. Update the CloudFormation template to define an AWS::CloudWatch::Dashboard resource. Include the exported JSON in the resource's DashboardBody property.,Update the CloudFormation template to define an AWS::CloudWatch::Dashboard resource. Use the Intrinsic Ref function to reference the ID of the existing CloudWatch dashboard.,Update the CloudFormation template to define an AWS::CloudWatch::Dashboard resource. Specify the name of the existing dashboard in the DashboardName property.,,,"一名 SysOps 管理员创建一个 AWS CloudFormation 模板以定义一个可以在多个 AWS Regions 部署的应用程序堆栈。  
The SysOps administrator also creates an Amazon CloudWatch dashboard by using the AWS Management Console.  
每次应用程序的部署都需要其自己的 CloudWatch dashboard。  
How can the SysOps administrator automate the creation of the CloudWatch dashboard each time the application is deployed?",使用 AWS CLI 创建脚本，以运行 aws cloudformation put-dashboard 命令，带有仪表板的名称。每次创建新的 CloudFormation 堆栈时都运行该命令。,将现有的 CloudWatch dashboard 作为 JSON 导出。 更新 CloudFormation 模板以定义一个 AWS::CloudWatch::Dashboard 资源。 包含导出的 JSON 在资源的 DashboardBody 属性中。,更新 CloudFormation 模板以定义一个 AWS::CloudWatch::Dashboard 资源。使用内置的 Ref 函数引用现有 CloudWatch 仪表盘的 ID。,更新 CloudFormation 模板以定义一个 AWS::CloudWatch::Dashboard 资源。指定现有仪表板的名称在 DashboardName 属性中。,nan,nan,"一名 SysOps 管理员创建一个 AWS CloudFormation 模板以定义一个可以在多个 AWS Regions 部署的应用程序堆栈。  
The SysOps administrator also creates an Amazon CloudWatch dashboard by using the AWS Management Console.  
每次应用程序的部署都需要其自己的 CloudWatch dashboard。  
How can the SysOps administrator automate the creation of the CloudWatch dashboard each time the application is deployed?"
224,A company updates its security policy to clarify cloud hosting arrangements for regulated workloads. Workloads that are identified as sensitive must run on hardware that is not shared with other customers or with other AWS accounts within the company.  Which solution will ensure compliance with this policy?,A,Deploy workloads only to Dedicated Hosts.,Deploy workloads only to Dedicated Instances.,Deploy workloads only to Reserved Instances.,Place all instances in a dedicated placement group.,,,"一家公司更新其安全策略以澄清云托管安排用于受监管的工作负载。  
Workloads that are identified as sensitive 必须在硬件上运行，该硬件不是与其他客户或与公司内的其他 AWS 账户共享的。  
哪种解决方案将确保符合此政策？",仅部署工作负载到 Dedicated Hosts。,仅部署工作负载到 Dedicated Instances。,只部署工作负载到 Reserved Instances。,将所有实例放置在一个专用的 placement group 中。,nan,nan,"一家公司更新其安全策略以澄清云托管安排用于受监管的工作负载。  
Workloads that are identified as sensitive 必须在硬件上运行，该硬件不是与其他客户或与公司内的其他 AWS 账户共享的。  
哪种解决方案将确保符合此政策？"
225,"A company runs a website from Sydney, Australia. Users in the United States (US) and Europe are reporting that images and videos are taking a long time to load. However, local testing in Australia indicates no performance issues. The website has a large amount of static content in the form of images and videos that are stored in Amazon S3.  Which solution will result in the MOST improvement in the user experience for users in the US and Europe?",C,Configure AWS PrivateLink for Amazon S3.,Configure S3 Transfer Acceleration.,Create an Amazon CloudFront distribution. Distribute the static content to the CloudFront edge locations.,Create an Amazon API Gateway API in each AWS Region. Cache the content locally.,,,一家公司从澳大利亚悉尼运行一个网站。 在美国（US）和欧洲的用户报告说，图片和视频加载时间很长。 然而，在澳大利亚的本地测试显示没有性能问题。 该网站有大量以图片和视频形式的静态内容，存储在 Amazon S3 中。 哪个解决方案将为美国和欧洲的用户带来最大的用户体验改善？,配置 AWS PrivateLink 用于 Amazon S3。,配置 S3 Transfer Acceleration。,创建一个 Amazon CloudFront 分发。分发静态内容到 CloudFront 边缘位置。,在每个 AWS Region 创建一个 Amazon API Gateway API。将内容本地缓存。,nan,nan,"一家公司从澳大利亚 Sydney 运行一个网站。  
在美国（US）和欧洲的用户报告说，图片和视频加载时间很长。  
然而，在澳大利亚的本地测试显示没有性能问题。  
该网站有大量以图片和视频形式的静态内容，存储在 Amazon S3 中。  
哪个解决方案将为美国和欧洲的用户带来最大的用户体验改善？"
226,"A SysOps administrator wants to monitor the free disk space that is available on a set of Amazon EC2 instances that have Amazon Elastic Block Store (Amazon EBS) volumes attached. The SysOps administrator wants to receive a notification when the used disk space of the EBS volumes exceeds a threshold value, but only when the DiskReadOps metric also exceeds a threshold value. The SysOps administrator has set up an Amazon Simple Notification Service (Amazon SNS) topic.  How can the SysOps administrator receive notification only when both metrics exceed their threshold values?",A,Install the Amazon CloudWatch agent on the EC2 instances. Create a metric alarm for the disk space and a metric alarm for the DiskReadOps metric. Create a composite alarm that includes the two metric alarms to publish a notification to the SNS topic.,Install the Amazon CloudWatch agent on the EC2 instances. Create a metric alarm for the disk space and a metric alarm for the DiskReadOps metric. Configure each alarm to publish a notification to the SNS topic.,Create a metric alarm for the EBSByteBalance% metric and a metric alarm for the DiskReadOps metric. Create a composite alarm that includes the two metric alarms to publish a notification to the SNS topic.,Configure detailed monitoring for the EC2 instances. Create a metric alarm for the disk space and a metric alarm for the DiskReadOps metric. Create a composite alarm that includes the two metric alarms to publish a notification to the SNS topic.,,,"一名 SysOps 管理员想要监控一组 Amazon EC2 实例上可用的免费磁盘空间，这些实例具有附加的 Amazon Elastic Block Store (Amazon EBS) 卷。  
The SysOps administrator wants to receive a notification when the used disk space of the EBS volumes exceeds a threshold value, but only when the DiskReadOps metric also exceeds a threshold value.  
SysOps 管理员已经设置了一个 Amazon Simple Notification Service (Amazon SNS) 主题。  
How can the SysOps administrator receive notification only when both metrics exceed their threshold values?",在 EC2 实例上安装 Amazon CloudWatch agent。为磁盘空间创建一个指标警报，并为 DiskReadOps 指标创建一个指标警报。创建一个包含这两个指标警报的复合警报，以向 SNS 主题发布通知。,在 EC2 实例上安装 Amazon CloudWatch agent。为磁盘空间创建一个指标警报，并为 DiskReadOps 指标创建一个指标警报。配置每个警报以向 SNS 主题发布通知。,"为 EBSByteBalance% 指标创建一个指标警报，和为 DiskReadOps 指标创建一个指标警报。  
创建一个复合警报，包含这两个指标警报，以向 SNS 主题发布通知。",为 EC2 实例配置详细监控。为磁盘空间创建一个指标警报，并为 DiskReadOps 指标创建一个指标警报。创建一个包含这两个指标警报的复合警报，以向 SNS 主题发布通知。,nan,nan,"一名 SysOps 管理员想要监控一组 Amazon EC2 实例上可用的免费磁盘空间，这些实例具有附加的 Amazon Elastic Block Store (Amazon EBS) 卷。  
The SysOps administrator wants to receive a notification when the used disk space of the EBS volumes exceeds a threshold value, but only when the DiskReadOps metric also exceeds a threshold value.  
SysOps 管理员已经设置了一个 Amazon Simple Notification Service (Amazon SNS) 主题。  
How can the SysOps administrator receive notification only when both metrics exceed their threshold values?"
227,A company updates its security policy to prohibit the public exposure of any data in Amazon S3 buckets in the company's account.  What should a SysOps administrator do to meet this requirement?,A,Turn on S3 Block Public Access from the account level.,Create an Amazon Event Bridge (Amazon CloudWatch Events) rule to enforce that all S3 objects are private.,Use Amazon Inspector to search for S3 buckets and to automatically reset S3 ACLs if any public S3 buckets are found.,Use S3 Object Lambda to examine S3 ACLs and to change any public S3 ACLs to private.,,,"一家公司更新其安全策略以禁止在公司账户中的任何 Amazon S3 buckets 中公开暴露任何数据。  
SysOps 管理员应该做什么以满足这个要求？",从账户级别开启 S3 阻止公共访问。,创建一个 Amazon Event Bridge (Amazon CloudWatch Events) 规则，以强制所有 S3 对象都是私有的。,使用 Amazon Inspector 来搜索 S3 桶，并且如果发现任何公共的 S3 桶，则自动重置 S3 ACLs。,使用 S3 Object Lambda 来检查 S3 ACLs 并且将任何公共的 S3 ACLs 改为私有的。,nan,nan,"一家公司更新其安全策略以禁止在公司账户中的任何 Amazon S3 buckets 中公开暴露任何数据。  
SysOps 管理员应该做什么以满足这个要求？"
228,"A company's SysOps administrator needs to change the AWS Support plan for one of the company's AWS accounts. The account has multi-factor authentication (MFA) activated, and the MFA device is lost.  What should the SysOps administrator do to sign in?",A,Sign in as a root user by using email and phone verification. Set up a new MFA device. Change the root user password.,Sign in as an IAM user with administrator permissions. Resynchronize the MFA token by using the IAM console.,Sign in as an IAM user with administrator permissions. Reset the MFA device for the root user by adding a new device.,Use the forgot-password process to verify the email address. Set up a new password and MFA device.,,,"一家公司 的 SysOps 管理员 需要 改变 这家 公司的 AWS Support 计划 为 其中 一个 公司的 AWS 账户。  
该 账户 有 多因素 认证 (MFA) 激活，且 MFA 设备 丢失。  
管理员 应该 做什么 才能 登录？",以电子邮件和电话验证登录为 root 用户。 设置一个新的 MFA 设备。 更改 root 用户密码。,以具有管理员权限的 IAM 用户身份登录。通过使用 IAM 控制台重新同步 MFA 令牌。,以具有管理员权限的 IAM 用户身份登录。通过添加新设备，重置 root 用户的 MFA 设备。,使用 forgot-password 过程 来 验证 邮件地址 。 设置 一个 新 密码 和 MFA 设备 。,nan,nan,"一家公司 的 SysOps 管理员 需要 改变 这家 公司的 AWS Support 计划 为 其中 一个 公司的 AWS 账户。  
该 账户 有 多因素 认证 (MFA) 激活，且 MFA 设备 丢失。  
管理员 应该 做什么 才能 登录？"
229,A company is creating a new multi-account architecture. A SysOps administrator must implement a login solution to centrally manage user access and permissions across all AWS accounts. The solution must be integrated with AWS Organizations and must be connected to a third-party Security Assertion Markup Language (SAML) 2.0 identity provider (IdP).  What should the SysOps administrator do to meet these requirements?,B,Configure an Amazon Cognito user pool. Integrate the user pool with the third-party IdP.,Enable and configure AWS Single Sign-On with the third-party IdP.,Federate the third-party IdP with AWS Identity and Access Management (IAM) for each AWS account in the organization.,Integrate the third-party IdP directly with AWS Organizations.,,,一家公司正在创建一个新的多账户架构。一个 SysOps 管理员必须实现一个登录解决方案，以集中管理所有 AWS 账户中的用户访问和权限。这个解决方案必须与 AWS Organizations 集成，并且必须连接到第三方 Security Assertion Markup Language (SAML) 2.0 身份提供者 (IdP)。 什么是 SysOps 管理员应采取的措施以满足这些要求？,配置一个 Amazon Cognito 用户池。集成用户池与第三方 IdP。,启用并配置 AWS Single Sign-On 与 第三方 IdP。,将第三方 IdP 与 AWS 身份与访问管理（IAM）进行联合，为组织中的每个 AWS 账户。,将第三方 IdP 直接与 AWS Organizations 集成。,nan,nan,"一家公司正在创建一个新的多账户架构。  
一个 SysOps 管理员必须实现一个登录解决方案，以集中管理所有 AWS 账户中的用户访问和权限。  
这个解决方案必须与 AWS Organizations 集成，并且必须连接到第三方 Security Assertion Markup Language (SAML) 2.0 身份提供者 (IdP)。  
什么是 SysOps 管理员应采取的措施以满足这些要求？"
230,A company is managing many accounts by using a single organization in AWS Organizations. The organization has all features enabled. The company wants to turn on AWS Config in all the accounts of the organization and in all AWS Regions.  What should a SysOps administrator do to meet these requirements in the MOST operationally efficient way?,A,Use AWS CloudFormation Stack Sets to deploy stack instances that turn on AWS Config in all accounts and in all Regions.,Use AWS CloudFormation Stack Sets to deploy stack policies that turn on AWS Config in all accounts and in all Regions.,Use service control policies (SCPs) to configure AWS Config in all accounts and in all Regions.,Create a script that uses the AWS CLI to turn on AWS Config in all accounts in the organization. Run the script from the organization's management account.,,,一家公司正在通过在 AWS Organizations 中使用单一组织来管理许多账户。 该组织已启用所有功能。 这家公司希望在组织的所有账户和所有 AWS 区域中开启 AWS Config。 SysOps 管理员应采取什么措施以以最具操作效率的方式满足这些要求？,使用 AWS CloudFormation Stack Sets 来部署堆栈实例，这些实例会在所有账户和所有区域中开启 AWS Config。,使用 AWS CloudFormation Stack Sets 来部署堆栈策略，这些策略可以在所有账户和所有区域中开启 AWS Config。,使用 service control policies (SCPs) 来配置 AWS Config 在所有账户和所有区域。,创建 一个 脚本 ， 那个 使用 AWS CLI 来 打开 AWS Config 在 所有 账户 在 组织 中 。 运行 脚本 从 组织 的 管理账户 。,nan,nan,"一家公司正在通过在 AWS Organizations 中使用单一组织来管理许多账户。  
The company is managing many accounts through using a single organization in AWS Organizations.  

该组织已启用所有功能。  
The organization has enabled all features.  

这家公司希望在组织的所有账户和所有 AWS 区域中开启 AWS Config。  
The company wants to enable AWS Config in all accounts of the organization and in all AWS regions.  

SysOps 管理员应采取什么措施以以最具操作效率的方式满足这些要求？  
What measures should the SysOps administrator take to meet these requirements in the most operationally efficient way?"
231,A SysOps administrator needs to delete an AWS CloudFormation stack that is no longer in use. The CloudFormation stack is in the DELETE_FAILED state. The SysOps administrator has validated the permissions that are required to delete the CloudFormation stack.  Which of the following are possible causes of the DELETE_FAILED state? (Choose two.),DE,The configured timeout to delete the stack was too low for the delete operation to complete.,The stack contains nested stacks that must be manually deleted first.,The stack was deployed with the --disable-rollback option.,There are additional resources associated with a security group in the stack.,There are Amazon S3 buckets that still contain objects in the stack.,,一名 SysOps 管理员需要删除一个不再使用的 AWS CloudFormation stack。 这 个 CloudFormation stack 处于 DELETE_FAILED 状态。 这 名 SysOps 管理员已经验证了删除 CloudFormation stack 所需的权限。 哪些可能是 DELETE_FAILED 状态的原因？（选择两个。）,配置的超时设置删除堆栈的时间太短，导致删除操作无法完成。,这个堆栈包含必须首先手动删除的嵌套堆栈。,这个堆栈被部署使用了 --disable-rollback 选项。,堆栈中与 security group 相关联的额外资源。,有 Amazon S3 桶仍然包含在堆栈中的对象。,nan,"一名 SysOps 管理员 需要 删除 一个 不再 使用 的 AWS CloudFormation stack。  
这 个 CloudFormation stack  处于 DELETE_FAILED 状态。  
这 名 SysOps 管理员 已经 验证 了 删除 CloudFormation stack 所 需 的 权限。  
哪些 可能 是 DELETE_FAILED 状态 的 原因？（选择 两个。）"
232,A SysOps administrator needs to configure a solution that will deliver digital content to a set of authorized users through Amazon CloudFront. Unauthorized users must be restricted from access.  Which solution will meet these requirements?,B,Store the digital content in an Amazon S3 bucket that does not have public access blocked. Use signed URLs to access the S3 bucket through CloudFront.,Store the digital content in an Amazon S3 bucket that has public access blocked. Use an origin access identity (OAI) to deliver the content through CloudFront. Restrict S3 bucket access with signed URLs in CloudFront.,Store the digital content in an Amazon S3 bucket that has public access blocked. Use an origin access identity (OAI) to deliver the content through CloudFront. Enable field-level encryption.,Store the digital content in an Amazon S3 bucket that does not have public access blocked. Use signed cookies for restricted delivery of the content through CloudFront.,,,一名 SysOps 管理员 需要  配置  一个  解决方案  ，  该  解决方案  将  通过  Amazon CloudFront  向  一组  授权  用户  传递  数字内容  。  未经授权  的  用户  必须  被  限制  访问  。  哪个  解决方案  将  满足  这些  要求 ？,将数字内容存储在一个没有阻止公共访问的 Amazon S3 bucket 中。使用签名的 URL 通过 CloudFront 访问 S3 bucket。,"将数字内容存储在具有公共访问被阻止的 Amazon S3 存储桶中。  
使用 origin access identity (OAI) 通过 CloudFront 传递内容。  
在 CloudFront 中使用签名 URL 限制对 S3 存储桶的访问。",将数字内容存储在一个 Amazon S3 bucket 中，该 bucket 阻止公共访问。使用一个 origin access identity (OAI) 通过 CloudFront 传递内容。启用字段级加密。,将数字内容存储在一个没有阻止公共访问的 Amazon S3 bucket 中。使用签名的 cookies 通过 CloudFront 进行受限制的内容传递。,nan,nan,一名 SysOps 管理员 需要  配置  一个  解决方案  ，  该  解决方案  将  通过  Amazon CloudFront  向  一组  授权  用户  传递  数字内容  。  未经授权  的  用户  必须  被  限制  访问  。  哪个  解决方案  将  满足  这些  要求 ？
233,"A SysOps administrator must ensure that a company's Amazon EC2 instances auto scale as expected. The SysOps administrator configures an Amazon EC2 Auto Scaling lifecycle hook to send an event to Amazon EventBridge (Amazon CloudWatch Events), which then invokes an AWS Lambda function to configure the EC2 instances. When the configuration is complete, the Lambda function calls the complete-lifecycle-action event to put the EC2 instances into service. In testing, the SysOps administrator discovers that the Lambda function is not invoked when the EC2 instances auto scale.  What should the SysOps administrator do to resolve this issue?",A,Add a permission to the Lambda function so that it can be invoked by the EventBridge (CloudWatch Events) rule.,Change the lifecycle hook action to CONTINUE if the lifecycle hook experiences a failure or timeout.,Configure a retry policy in the EventBridge (CloudWatch Events) rule to retry the Lambda function invocation upon failure.,Update the Lambda function execution role so that it has permission to call the complete-lifecycle-action event.,,,"一名 SysOps 管理员必须确保一家公司 的 Amazon EC2 实例 自动扩展 如预期那样。  
The SysOps administrator 配置 一个 Amazon EC2 Auto Scaling 生命周期钩子 以 发送 一个 事件 到 Amazon EventBridge (Amazon CloudWatch Events)， 这 然后 调用 一个 AWS Lambda 函数 来 配置 EC2 实例。  
When 配置 完成， Lambda 函数 调用 complete-lifecycle-action 事件 以 将 EC2 实例 置入 服务。  
在 测试 中， SysOps 管理员 发现 Lambda 函数 在 EC2 实例 自动扩展 时 没有 被 调用。  
What 应该 让 SysOps 管理员 做 以 解决 这个 问题？",添加一个权限到 Lambda 函数，以便它可以被 EventBridge (CloudWatch Events) 规则调用。,如果生命周期钩子经历失败或超时，将生命周期钩子动作更改为 CONTINUE。,在 EventBridge (CloudWatch Events) 规则中配置重试策略，以在失败时重试 Lambda 函数调用。,更新 Lambda 函数执行角色，以便它具有调用 complete-lifecycle-action 事件的权限。,nan,nan,"一名 SysOps 管理员必须确保一家公司 的 Amazon EC2 实例 自动扩展 如预期那样。  
The SysOps administrator 配置 一个 Amazon EC2 Auto Scaling 生命周期钩子 以 发送 一个 事件 到 Amazon EventBridge (Amazon CloudWatch Events)， 这 然后 调用 一个 AWS Lambda 函数 来 配置 EC2 实例。  
When 配置 完成， Lambda 函数 调用 complete-lifecycle-action 事件 以 将 EC2 实例 置入 服务。  
在 测试 中， SysOps 管理员 发现 Lambda 函数 在 EC2 实例 自动扩展 时 没有 被 调用。  
What 应该 让 SysOps 管理员 做 以 解决 这个 问题？"
234,"A company has mandated the use of multi-factor authentication (MFA) for all IAM users, and requires users to make all API calls using the CLI. However, users are not prompted to enter MFA tokens, and are able to run CLI commands without MFA. In an attempt to enforce MFA, the company attached an IAM policy to all users that denies API calls that have not been authenticated with MFA.  What additional step must be taken to ensure that API calls are authenticated using MFA?",D,"Enable MFA on IAM roles, and require IAM users to use role credentials to sign API calls.",Ask the IAM users to log into the AWS Management Console with MFA before making API calls using the CLI.,"Restrict the IAM users to use of the console, as MFA is not supported for CLI use.",Require users to use temporary credentials from the get-session token command to sign API calls.,,,一家公司已规定所有 IAM 用户必须使用 multi-factor authentication (MFA)，并且要求用户使用 CLI 进行所有 API 调用，然而，用户不会被提示输入 MFA 令牌，并且能够在没有 MFA 的情况下运行 CLI 命令，试图强制执行 MFA 时，公司将一项 IAM 政策附加到所有用户，拒绝未经过 MFA 认证的 API 调用，什么额外的步骤必须采取以确保 API 调用使用 MFA 进行认证？,在 IAM 角色上启用 MFA，且要求 IAM 用户使用角色凭证来签署 API 调用。,让 IAM 用户在使用 CLI 进行 API 调用之前，登录到 AWS Management Console 并启用 MFA。,限制 IAM 用户使用控制台，因 MFA 不支持 CLI 使用。,要求 用户 使用 临时 凭证 从 get-session token 命令 来 签署 API 调用。,nan,nan,一家公司已规定所有 IAM 用户必须使用 multi-factor authentication (MFA)，并且要求用户使用 CLI 进行所有 API 调用，然而，用户不会被提示输入 MFA 令牌，并且能够在没有 MFA 的情况下运行 CLI 命令，试图强制执行 MFA 时，公司将一项 IAM 政策附加到所有用户，拒绝未经过 MFA 认证的 API 调用，什么额外的步骤必须采取以确保 API 调用使用 MFA 进行认证？
235,A SysOps administrator has blocked public access to all company Amazon S3 buckets. The SysOps administrator wants to be notified when an S3 bucket becomes publicly readable in the future.  What is the MOST operationally efficient way to meet this requirement?,D,Create an AWS Lambda function that periodically checks the public access settings for each S3 bucket. Set up Amazon Simple Notification Service (Amazon SNS) to send notifications.,Create a cron script that uses the S3 API to check the public access settings for each S3 bucket. Set up Amazon Simple Notification Service (Amazon SNS) to send notifications.,Enable S3 Event Notifications for each S3 bucket. Subscribe S3 Event Notifications to an Amazon Simple Notification Service (Amazon SNS) topic.,Enable the s3-bucket-public-read-prohibited managed rule in AWS Config. Subscribe the AWS Config rule to an Amazon Simple Notification Service (Amazon SNS) topic.,,,"一名 SysOps 管理员已阻止所有公司 Amazon S3 桶的公共访问。  
The SysOps administrator wants to be notified when an S3 bucket becomes publicly readable in the future.  
SysOps 管理员希望在未来某个 S3 桶变得可公开读取时收到通知。  
什么是满足此要求的**最**操作上高效的方法？","创建一个 AWS Lambda 函数，该函数定期检查每个 S3 桶的公共访问设置。  
设置 Amazon Simple Notification Service (Amazon SNS) 以发送通知。",创建一个 cron 脚本，使用 S3 API 来检查每个 S3 bucket 的公共访问设置。设置 Amazon Simple Notification Service (Amazon SNS) 以发送通知。,为每个 S3 bucket 启用 S3 Event Notifications。订阅 S3 Event Notifications 到一个 Amazon Simple Notification Service (Amazon SNS) 主题。,在 AWS Config 中启用 s3-bucket-public-read-prohibited 管理规则。订阅 AWS Config 规则到一个 Amazon Simple Notification Service (Amazon SNS) 主题。,nan,nan,"一名 SysOps 管理员已阻止所有公司 Amazon S3 桶的公共访问。  
The SysOps administrator wants to be notified when an S3 bucket becomes publicly readable in the future.  
SysOps 管理员希望在未来某个 S3 桶变得可公开读取时收到通知。  
什么是满足此要求的**最**操作上高效的方法？"
236,A company plans to launch a static website on its domain example.com and subdomain www.example.com using Amazon S3.  How should the SysOps administrator meet this requirement?,C,Create one S3 bucket named example.com for both the domain and subdomain.,Create one S3 bucket with a wildcard named *.example.com for both the domain and subdomain.,Create two S3 buckets named example.com and www.example.com. Configure the subdomain bucket to redirect requests to the domain bucket.,Create two S3 buckets named http://example.com and http://*.example.com. Configure the wildcard (*) bucket to redirect requests to the domain bucket.,,,一家公司计划在其域名 example.com 和子域名 www.example.com 上使用 Amazon S3 启动一个静态网站。  SysOps 管理员应如何满足这个要求？,创建 一个 S3 存储桶 命名 为 example.com 用于 既 有 域名 也 有 子域名。,创建一个 S3 桶，使用通配符名 *.example.com，用于域名和子域名。,创建两个 S3 桶，命名为 example.com 和 www.example.com。配置子域名桶，将请求重定向到域名桶。,创建两个 S3 桶，命名为 http://example.com 和 http://*.example.com。配置通配符（*）桶，将请求重定向到域名桶。,nan,nan,一家公司计划在其域名 example.com 和子域名 www.example.com 上使用 Amazon S3 启动一个静态网站。  SysOps 管理员应如何满足这个要求？
237,"A SysOps administrator is configuring AWS Client VPN to connect users on a corporate network to AWS resources that are running in a VPC. According to compliance requirements, only traffic that is destined for the VPC can travel across the VPN tunnel.  How should the SysOps administrator configure Client VPN to meet these requirements?",B,Associate the Client VPN endpoint with a private subnet that has an internet route through a NAT gateway.,"On the Client VPN endpoint, turn on the split-tunnel option.","On the Client VPN endpoint, specify DNS server IP addresses.",Select a private certificate to use as the identity certificate for the VPN client.,,,"一名 SysOps 管理员正在配置 AWS Client VPN 以连接企业网络上的用户到在 VPC 中运行的 AWS 资源。  
根据合规性要求，只有目的地为 VPC 的流量才能通过 VPN 隧道传输。  
SysOps 管理员应如何配置 Client VPN 以满足这些要求？",将 Client VPN endpoint 与具有通过 NAT gateway 的互联网路由的私有子网关联。,在 客户端 VPN 端点， 打开 分割隧道 选项。,在 客户端 VPN 端点， 指定 DNS 服务器 IP 地址。,选择一个私有证书用作VPN客户端的身份证书。,nan,nan,"一名 SysOps 管理员正在配置 AWS Client VPN 以连接企业网络上的用户到在 VPC 中运行的 AWS 资源。  
根据合规性要求，只有目的地为 VPC 的流量才能通过 VPN 隧道传输。  
SysOps 管理员应如何配置 Client VPN 以满足这些要求？"
238,A SysOps administrator is testing an application that is hosted on five Amazon EC2 instances. The instances run in an Auto Scaling group behind an Application Load Balancer (ALB). High CPU utilization during load testing is causing the Auto Scaling group to scale out. The SysOps administrator must troubleshoot to find the root cause of the high CPU utilization before the Auto Scaling group scales out.  Which action should the SysOps administrator take to meet these requirements?,D,Enable instance scale-in protection.,Place the instance into the Standby state.,Remove the listener from the ALB.,Suspend the Launch and Terminate process types.,,,"一名 SysOps 管理员正在测试一个托管在五个 Amazon EC2 实例上的应用程序。  
The instances run in an Auto Scaling group behind an Application Load Balancer (ALB).  
这些实例在一个 Auto Scaling 组中运行，位于一个 Application Load Balancer (ALB) 后面。  
在负载测试期间，高 CPU 利用率导致 Auto Scaling 组进行扩展。  
High CPU utilization during load testing is causing the Auto Scaling group to scale out.  
在负载测试期间，高 CPU 利用率导致 Auto Scaling 组扩展。  
SysOps 管理员必须进行故障排除，以在 Auto Scaling 组扩展之前找到高 CPU 利用率的根本原因。  
The SysOps administrator must troubleshoot to find the root cause of the high CPU utilization before the Auto Scaling group scales out.  
SysOps 管理员必须进行故障排除，以在 Auto Scaling 组扩展之前找到高 CPU 利用率的根本原因。  
哪个操作应由 SysOps 管理员采取，以满足这些要求？  
Which action should the SysOps administrator take to meet these requirements?",启用实例缩减保护。,将实例放入到 Standby 状态。,从 ALB 中移除监听器。,暂停 启动 和 终止 过程 类型。,nan,nan,"一名 SysOps 管理员正在测试一个托管在五个 Amazon EC2 实例上的应用程序。  
The instances run in an Auto Scaling group behind an Application Load Balancer (ALB).  
这些实例在一个 Auto Scaling 组中运行，位于一个 Application Load Balancer (ALB) 后面。  
在负载测试期间，高 CPU 利用率导致 Auto Scaling 组进行扩展。  
High CPU utilization during load testing is causing the Auto Scaling group to scale out.  
在负载测试期间，高 CPU 利用率导致 Auto Scaling 组扩展。  
SysOps 管理员必须进行故障排除，以在 Auto Scaling 组扩展之前找到高 CPU 利用率的根本原因。  
The SysOps administrator must troubleshoot to find the root cause of the high CPU utilization before the Auto Scaling group scales out.  
SysOps 管理员必须进行故障排除，以在 Auto Scaling 组扩展之前找到高 CPU 利用率的根本原因。  
哪个操作应由 SysOps 管理员采取，以满足这些要求？  
Which action should the SysOps administrator take to meet these requirements?"
239,A web application runs on Amazon EC2 instances behind an Application Load Balancer (ALB). The instances run in an Auto Scaling group across multiple Availability Zones. A SysOps administrator notices that some of these EC2 instances show up as healthy in the Auto Scaling group but show up as unhealthy in the ALB target group.  What is a possible reason for this issue?,D,Security groups are not allowing traffic between the ALB and the failing EC2 instances.,The Auto Scaling group health check is configured for EC2 status checks.,The EC2 instances are failing to launch and failing EC2 status checks.,The target group health check is configured with an incorrect port or path.,,,"一个 web 应用程序在 Amazon EC2 实例上运行，位于一个 Application Load Balancer (ALB) 后面。  
这些实例在一个 Auto Scaling group 中跨多个 Availability Zones 运行。  
一个 SysOps 管理员注意到这些 EC2 实例中的一些在 Auto Scaling group 中显示为健康，但在 ALB target group 中显示为不健康。  
这个问题的可能原因是什么？",安全组 不允许 流量 之间 的 ALB 和 失败 的 EC2 实例。,Auto Scaling 组健康检查 被 配置 为 用于 EC2 状态检查。,EC2 实例 正在 失败 启动 并且 失败 EC2 状态 检查。,目标组健康检查被配置为使用不正确的端口或路径。,nan,nan,"一个 web 应用程序在 Amazon EC2 实例上运行，位于一个 Application Load Balancer (ALB) 后面。  
这些实例在一个 Auto Scaling group 中跨多个 Availability Zones 运行。  
一个 SysOps 管理员注意到这些 EC2 实例中的一些在 Auto Scaling group 中显示为健康，但在 ALB target group 中显示为不健康。  
这个问题的可能原因是什么？"
240,A SysOps administrator notices a scale up event for an Amazon EC2 Auto Scaling group. Amazon CloudWatch shows a spike in the RequestCount metric for the associated Application Load Balancer. The administrator would like to know the IP addresses for the source of the requests.  Where can the administrator find this information?,D,Auto Scaling logs,AWS CloudTrail logs,EC2 instance logs,Elastic Load Balancer access logs,,,一名 SysOps 管理员注意到一个 Amazon EC2 Auto Scaling 组的扩展事件。Amazon CloudWatch 显示与之关联的 Application Load Balancer 的 RequestCount 指标出现了激增。管理员想知道请求源的 IP 地址。 这个信息可以在哪里找到？,Auto Scaling 日志,AWS CloudTrail 日志,EC2 实例 日志,Elastic Load Balancer 访问日志,nan,nan,"一名 SysOps 管理员注意到一个 Amazon EC2 Auto Scaling 组的扩展事件。  
Amazon CloudWatch 显示与之关联的 Application Load Balancer 的 RequestCount 指标出现了激增。  
管理员想知道请求源的 IP 地址。  
这个信息可以在哪里找到？"
241,A company plans to migrate several of its high performance computing (HPC) virtual machines (VMs) to Amazon EC2 instances on AWS. A SysOps administrator must identify a placement group for this deployment. The strategy must minimize network latency and must maximize network throughput between the HPC VMs.  Which strategy should the SysOps administrator choose to meet these requirements?,A,Deploy the instances in a cluster placement group in one Availability Zone.,Deploy the instances in a partition placement group in two Availability Zones.,Deploy the instances in a partition placement group in one Availability Zone.,Deploy the instances in a spread placement group in two Availability Zones.,,,一家公司计划将其多个高性能计算（HPC）虚拟机（VMs）迁移到 AWS 上的 Amazon EC2 实例。 一个 SysOps 管理员必须为此部署识别一个 placement group。 这个策略必须最小化网络延迟并且必须最大化 HPC VMs 之间的网络吞吐量。  SysOps 管理员应选择哪种策略以满足这些要求？,在一个可用区中，将实例部署在集群放置组中。,在两个可用区中，将实例部署在分区放置组中。,在一个可用区中，将实例部署在分区放置组内。,在两个可用区中，将实例部署在spread placement group中。,nan,nan,"一家公司计划将其多个高性能计算（HPC）虚拟机（VMs）迁移到 AWS 上的 Amazon EC2 实例。  
一个 SysOps 管理员必须为此部署识别一个 placement group。  
这个策略必须最小化网络延迟并且必须最大化 HPC VMs 之间的网络吞吐量。  
SysOps 管理员应选择哪种策略以满足这些要求？"
242,An errant process is known to use an entire processor and run at 100%. A SysOps administrator wants to automate restarting an Amazon EC2 instance when the problem occurs for more than 2 minutes.  How can this be accomplished?,B,Create an Amazon CloudWatch alarm for the EC2 instance with basic monitoring. Add an action to restart the instance.,Create an Amazon CloudWatch alarm for the EC2 instance with detailed monitoring. Add an action to restart the instance.,"Create an AWS Lambda function to restart the EC2 instance, invoked on a scheduled basis every 2 minutes.","Create an AWS Lambda function to restart the EC2 instance, invoked by EC2 health checks.",,,"一个异常的进程被知道使用整个处理器并且运行在100%。  
一个 SysOps 管理员想要自动重启当问题发生超过2分钟时的 Amazon EC2 实例。  
这如何可以实现？",为 EC2 实例创建一个 Amazon CloudWatch 警报，具有基本监控。 添加一个操作以重启实例。,为 EC2 实例创建一个 Amazon CloudWatch 警报，具有详细监控。 添加一个动作以重启实例。,创建 一个 AWS Lambda 函数 以 重启 EC2 实例 ， 被 调用 在 一个 定期 的 基础 上 每 2 分钟 。,创建 一个 AWS Lambda 函数 以 重启 EC2 实例 ，由 EC2 健康检查 调用。,nan,nan,"一个异常的进程被知道使用整个处理器并且运行在100%。  
An abnormal process is known to use the entire processor and run at 100%.  
一个 SysOps 管理员想要自动重启当问题发生超过2分钟时的 Amazon EC2 实例。  
A SysOps administrator wants to automatically restart Amazon EC2 instances when the problem persists for more than 2 minutes.  
这如何可以实现？  
How can this be achieved?"
243,A company maintains a large set of sensitive data in an Amazon S3 bucket. The company's security team asks a SysOps administrator to help verify that all current objects in the S3 bucket are encrypted.  What is the MOST operationally efficient solution that meets these requirements?,B,Create a script that runs against the S3 bucket and outputs the status of each object.,Create an S3 Inventory configuration on the S3 bucket. Include the appropriate status fields.,Provide the security team with an IAM user that has read access to the S3 bucket.,Use the AWS CLI to output a list of all objects in the S3 bucket.,,,"一家公司在 Amazon S3 bucket 中维护一大批敏感数据。  
该公司的安全团队要求一名 SysOps 管理员帮助验证 S3 bucket 中所有当前对象是否都已加密。  
什么是满足这些要求的最具操作效率的解决方案？",创建 一个 脚本 ， 那个 运行 对于 S3 bucket ， 并 输出 每个 对象 的 状态 。,在 S3 桶上创建一个 S3 Inventory 配置。包括适当的状态字段。,为安全团队提供具有对 S3 bucket 读取访问权限的 IAM 用户。,使用 AWS CLI 输出 所有 对象 在 S3 bucket 的 列表。,nan,nan,"一家公司在 Amazon S3 bucket 中维护一大批敏感数据。  
该公司的安全团队要求一名 SysOps 管理员帮助验证 S3 bucket 中所有当前对象是否都已加密。  
什么是满足这些要求的最具操作效率的解决方案？"
244,Users are periodically experiencing slow response times from a relational database. The database runs on a burstable Amazon EC2 instance with a 350 GB General Purpose SSD (gp2) Amazon Elastic Block Store (Amazon EBS) volume. A SysOps administrator monitors the EC2 instance in Amazon CloudWatch and observes that the VolumeReadOps metric drops to less than 10% of its peak value during the periods of slow response.  What should the SysOps administrator do to ensure consistently high performance?,A,Convert the gp2 volume to a General Purpose SSD (gp3) EBS volume.,Convert the gp2 volume to a Cold HDD (sc1) EBS volume.,Convert the EC2 instance to a memory optimized instance type.,Activate unlimited mode on the EC2 instance.,,,"用户们周期性地经历关系数据库的响应时间变慢。  
该数据库运行在一个可突发的 Amazon EC2 实例上，配备一个 350 GB 通用型 SSD (gp2) Amazon Elastic Block Store (Amazon EBS) 卷。  
一名 SysOps 管理员在 Amazon CloudWatch 中监控 EC2 实例，并观察到在响应变慢期间，VolumeReadOps 指标下降到其峰值的不到 10%。  
SysOps 管理员应该做什么以确保持续的高性能？",将 gp2 卷 转换 为 一般 目的 SSD (gp3) EBS 卷 。,将 gp2 卷转换为 Cold HDD (sc1) EBS 卷。,将 EC2 实例 转换 为 一个 内存 优化 实例 类型 。,在 EC2 实例上激活 unlimited 模式。,nan,nan,"用户们周期性地经历关系数据库的响应时间变慢。  
The users periodically experience the response time of the relational database slow down.  
该数据库运行在一个可突发的 Amazon EC2 实例上，配备一个 350 GB 通用型 SSD (gp2) Amazon Elastic Block Store (Amazon EBS) 卷。  
The database runs on a burstable Amazon EC2 instance, equipped with a 350 GB general purpose SSD (gp2) Amazon Elastic Block Store (Amazon EBS) volume.  
一名 SysOps 管理员在 Amazon CloudWatch 中监控 EC2 实例，并观察到在响应变慢期间，VolumeReadOps 指标下降到其峰值的不到 10%。  
A SysOps administrator monitors the EC2 instance in Amazon CloudWatch, and observes that during the response slowdown, the VolumeReadOps metric drops to less than 10% of its peak.  
SysOps 管理员应该做什么以确保持续的高性能？  
What should the SysOps administrator do to ensure sustained high performance?"
245,"A SysOps administrator is optimizing the cost of a workload. The workload is running in multiple AWS Regions and is using AWS Lambda with Amazon EC2 On-Demand Instances for the computer. The overall usage is predictable. The amount of computer that is consumed in each Region varies, depending on the users' locations.  Which approach should the SysOps administrator use to optimize this workload?",A,Purchase Computer Savings Plans based on the usage during the past 30 days.,Purchase Convertible Reserved Instances by calculating the usage baseline.,Purchase EC2 Instance Savings Plans based on the usage during the past 30 days.,Purchase Standard Reserved Instances by calculating the usage baseline.,,,"一名 SysOps 管理员正在优化一个工作负载的成本。  
The workload 正在多个 AWS Regions 运行，并且正在使用 AWS Lambda 与 Amazon EC2 On-Demand Instances 进行计算。  
整体使用是可预测的。  
每个 Region 中消耗的计算量不同，取决于用户的位置。  
SysOps 管理员应使用哪种方法来优化这个工作负载？",根据过去 30 天的使用情况购买 Computer Savings Plans。,通过计算 usage baseline 购买 Convertible Reserved Instances 。,根据过去 30 天的使用情况购买 EC2 Instance Savings Plans。,通过计算 usage baseline 购买 Standard Reserved Instances。,nan,nan,"一名 SysOps 管理员正在优化一个工作负载的成本。  
The workload 正在多个 AWS Regions 运行，并且正在使用 AWS Lambda 与 Amazon EC2 On-Demand Instances 进行计算。  
整体使用是可预测的。  
每个 Region 中消耗的计算量不同，取决于用户的位置。  
SysOps 管理员应使用哪种方法来优化这个工作负载？"
246,A software company runs a workload on Amazon EC2 instances behind an Application Load Balancer (ALB). A SysOps administrator needs to define a custom health check for the EC2 instances.  What is the MOST operationally efficient solution?,B,Set up each EC2 instance so that it writes its healthy/unhealthy status into a shared Amazon S3 bucket for the ALB to read.,Configure the health check on the ALB and ensure that the Health Check Path setting is correct.,Set up Amazon ElastiCache to track the EC2 instances as they scale in and out.,Configure an Amazon API Gateway health check to ensure custom checks on all of the EC2 instances.,,,一家软件公司在 Amazon EC2 实例上运行工作负载，位于 Application Load Balancer (ALB) 后面。 一名 SysOps 管理员需要为 EC2 实例定义一个自定义健康检查。 什么是最具操作效率的解决方案？,设置 每个 EC2 实例 以便 它 写入 它 的 健康/不健康 状态 到 一个 共享 的 Amazon S3 存储桶 以供 ALB 读取。,在 ALB 上配置健康检查，并确保 Health Check Path 设置是正确的。,设置 Amazon ElastiCache 以跟踪 EC2 实例，当它们缩放进入和退出。,配置一个 Amazon API Gateway 健康检查，以确保对所有的 EC2 实例进行自定义检查。,nan,nan,"一家软件公司在 Amazon EC2 实例上运行工作负载，位于 Application Load Balancer (ALB) 后面。  
一名 SysOps 管理员需要为 EC2 实例定义一个自定义健康检查。  
什么是最具操作效率的解决方案？"
247,A SysOps administrator is required to monitor free space on Amazon EBS volumes attached to Microsoft Windows-based Amazon EC2 instances within a company's account. The administrator must be alerted to potential issues.  What should the administrator do to receive email alerts before low storage space affects EC2 instance performance?,C,"Use built-in Amazon CloudWatch metrics, and configure CloudWatch alarms and an Amazon SNS topic for email notifications.",Use AWS CloudTrail logs and configure the trail to send notifications to an Amazon SNS topic.,"Use the Amazon CloudWatch agent to send disk space metrics, then set up CloudWatch alarms using an Amazon SNS topic.",Use AWS Trusted Advisor and enable email notification alerts for EC2 disk space.,,,"一名 SysOps 管理员需要监控连接到公司账户内 Microsoft Windows 基于的 Amazon EC2 实例的 Amazon EBS 卷的空闲空间。  
管理员必须被提醒潜在的问题。  
管理员应该做什么以在低存储空间影响 EC2 实例性能之前接收电子邮件警报？",使用 内置 的 Amazon CloudWatch 指标， 和 配置 CloudWatch 警报 和 一个 Amazon SNS 主题 用于 电子邮件 通知。,使用 AWS CloudTrail 日志，并配置该 trail 以发送通知到一个 Amazon SNS 主题。,使用 Amazon CloudWatch agent 发送 磁盘空间 指标， 然后 设置 CloudWatch 警报 使用 一个 Amazon SNS 主题。,使用 AWS Trusted Advisor 并启用电子邮件通知警报用于 EC2 磁盘空间。,nan,nan,"一名 SysOps 管理员需要监控连接到公司账户内 Microsoft Windows 基于的 Amazon EC2 实例的 Amazon EBS 卷的空闲空间。  
管理员必须被提醒潜在的问题。  
管理员应该做什么以在低存储空间影响 EC2 实例性能之前接收电子邮件警报？"
248,"A company applies user-defined tags to resources that are associated with the company's AWS workloads. Twenty days after applying the tags, the company notices that it cannot use the tags to filter views in the AWS Cost Explorer console.  What is the reason for this issue?",B,It takes at least 30 days to be able to use tags to filter views in Cost Explorer.,The company has not activated the user-defined tags for cost allocation.,The company has not created an AWS Cost and Usage Report.,The company has not created a usage budget in AWS Budgets.,,,"一家公司对与公司 AWS 工作负载相关联的资源应用用户定义的标签。  
二十天后，应用标签后，公司注意到它不能使用标签在 AWS Cost Explorer 控制台中过滤视图。  
这个问题的原因是什么？",在 Cost Explorer 中，使用标签过滤视图至少需要 30 天。,公司尚未激活用户定义的标签用于成本分配。,该公司尚未创建一个 AWS Cost and Usage Report。,该公司尚未在 AWS Budgets 中创建使用预算。,nan,nan,"一家公司对与公司 AWS 工作负载相关联的资源应用用户定义的标签。  
二十天后，应用标签后，公司注意到它不能使用标签在 AWS Cost Explorer 控制台中过滤视图。  
这个问题的原因是什么？"
249,"A company has a critical serverless application that uses multiple AWS Lambda functions. Each Lambda function generates 1 GB of log data daily in its own Amazon CloudWatch Logs log group. The company's security team asks for a count of application errors, grouped by type, across all of the log groups.  What should a SysOps administrator do to meet this requirement?",A,Perform a CloudWatch Logs Insights query that uses the stats command and count function.,Perform a CloudWatch Logs search that uses the groupby keyword and count function.,Perform an Amazon Athena query that uses the SELECT and GROUP BY keywords.,Perform an Amazon RDS query that uses the SELECT and GROUP BY keywords.,,,"一家公司有一个关键的无服务器应用程序，使用多个 AWS Lambda functions。  
每个 Lambda function 生成 1 GB 的日志数据每天在它自己的 Amazon CloudWatch Logs 日志组中。  
该公司的安全团队要求按类型分组的应用程序错误数量，跨所有的日志组。  
SysOps 管理员应该做什么以满足这个要求？",执行一个 CloudWatch Logs Insights 查询，该查询使用 stats 命令和 count 函数。,执行 一个 CloudWatch Logs 搜索 ， 它 使用 groupby 关键词 和 count 函数 。,执行 一个 Amazon Athena 查询 ， 它 使用 了 SELECT 和 GROUP BY 关键字 。,执行 一个 Amazon RDS 查询 ， 它 使用 了 SELECT 和 GROUP BY 关键字 。,nan,nan,"一家公司有一个关键的无服务器应用程序，使用多个 AWS Lambda functions。  
每个 Lambda function 生成 1 GB 的日志数据每天在它自己的 Amazon CloudWatch Logs 日志组中。  
该公司的安全团队要求按类型分组的应用程序错误数量，跨所有的日志组。  
SysOps 管理员应该做什么以满足这个要求？"
250,A company with multiple AWS accounts needs to obtain recommendations for AWS Lambda functions and identify optimal resource configurations for each Lambda function.  How should a SysOps administrator provide these recommendations?,B,Create an AWS Serverless Application Repository and export the Lambda function recommendations.,Enable AWS Compute Optimizer and export the Lambda function recommendations.,Enable all features of AWS Organizations and export the recommendations from AWS CloudTrail Insights.,Run AWS Trusted Advisor and export the Lambda function recommendations.,,,一家公司拥有多个 AWS 账户 需要 取得 建议 关于 AWS Lambda functions 和 识别 最佳 资源 配置 对于 每个 Lambda function 。  如何 应该 一个 SysOps administrator 提供 这些 建议？,创建 一个 AWS Serverless Application Repository 和 导出 Lambda function 推荐。,启用 AWS Compute Optimizer 和 导出 Lambda function 建议。,启用所有功能的 AWS Organizations 和 导出来自 AWS CloudTrail Insights 的建议。,运行 AWS Trusted Advisor 并导出 Lambda 函数建议。,nan,nan,一家公司 拥有 多个 AWS 账户 需要 取得 建议 关于 AWS Lambda functions 和 识别 最佳 资源 配置 对于 每个 Lambda function 。  如何 应该 一个 SysOps administrator 提供 这些 建议？
251,A company uses AWS CloudFormation templates to deploy cloud infrastructure. An analysis of all the company's templates shows that the company has declared the same components in multiple templates. A SysOps administrator needs to create dedicated templates that have their own parameters and conditions for these common components.  Which solution will meet this requirement?,C,Develop a CloudFormation change set.,Develop CloudFormation macros.,Develop CloudFormation nested stacks.,Develop CloudFormation stack sets.,,,"一家公司使用 AWS CloudFormation templates 来部署云基础设施。  
一份分析所有公司的 templates 显示，  
该公司已经在多个 templates 中声明了相同的 components。  
一名 SysOps administrator 需要创建专用的 templates，  
这些 templates 拥有它们自己的 parameters 和 conditions，用于这些 common components。  
哪种解决方案将满足这个需求？",开发 一个 CloudFormation 变更集。,开发 CloudFormation 宏。,开发 CloudFormation 嵌套堆栈。,开发 CloudFormation stack sets。,nan,nan,"一家公司使用 AWS CloudFormation templates 来部署云基础设施。  
一份分析所有公司的 templates 显示，  
该公司已经在多个 templates 中声明了相同的 components。  
一名 SysOps administrator 需要创建专用的 templates，  
这些 templates 拥有它们自己的 parameters 和 conditions，用于这些 common components。  
哪种解决方案将满足这个需求？"
252,A SysOps administrator is building a process for sharing Amazon RDS database snapshots between different accounts associated with different business units within the same company. All data must be encrypted at rest.  How should the administrator implement this process?,B,"Write a script to download the encrypted snapshot, decrypt it using the AWS KMS encryption key used to encrypt the snapshot, then create a new volume in each account.","Update the key policy to grant permission to the AWS KMS encryption key used to encrypt the snapshot with all relevant accounts, then share the snapshot with those accounts.","Create an Amazon EC2 instance based on the snapshot, then save the instance's Amazon EBS volume as a snapshot and share it with the other accounts. Require each account owner to create a new volume from that snapshot and encrypt it.","Create a new unencrypted RDS instance from the encrypted snapshot, connect to the instance using SSH/RDP, export the database contents into a file, then share this file with the other accounts.",,,一名 SysOps 管理员正在建立一个用于在同一公司内不同业务单元关联的不同账户之间共享 Amazon RDS 数据库快照的流程。所有数据必须在静态时加密。 管理员应该如何实现这个流程？,编写一个脚本，用于下载加密的快照，使用用于加密快照的 AWS KMS 加密密钥对其进行解密，然后在每个账户中创建一个新卷。,更新 密钥策略 以授予 权限 给 AWS KMS 加密密钥 用于 加密 快照 与 所有 相关账户，然后 分享 快照 给 那些 账户。,基于快照创建一个 Amazon EC2 实例， 然后将该实例的 Amazon EBS 卷作为快照保存，并与其他账户共享， 要求每个账户所有者从该快照创建一个新卷并对其进行加密。,从加密的快照创建一个新的未加密的 RDS 实例，连接到该实例使用 SSH/RDP，将数据库内容导出到一个文件，然后与其他账户共享这个文件。,nan,nan,"一名 SysOps 管理员正在建立一个用于在同一公司内不同业务单元关联的不同账户之间共享 Amazon RDS 数据库快照的流程。  
所有数据必须在静态时加密。  
管理员应该如何实现这个流程？"
253,A SysOps administrator configures an Amazon S3 gateway endpoint in a VPC. The private subnets inside the VPC do not have outbound internet access. User logs in to an Amazon EC2 instance in one of the private subnets and cannot upload a file to an Amazon S3 bucket in the same AWS Region.  Which solution will solve this problem?,C,Update the EC2 instance role policy to include s3:PutObject access to the target S3 bucket.,Update the EC2 security group to allow outbound traffic to 0.0.0.0/0 for port 80.,Update the EC2 subnet route table to include the S3 prefix list destination routes to the S3 gateway endpoint.,Update the S3 bucket policy to allow s3:PutObject access from the private subnet CIDR block.,,,"一名 SysOps 管理员在 VPC 中配置了一个 Amazon S3 gateway endpoint。  
VPC 内部的私有子网没有出站互联网访问权限。  
用户登录到私有子网中的一个 Amazon EC2 实例，并且无法将文件上传到同一 AWS Region 中的 Amazon S3 bucket。  
哪种解决方案可以解决这个问题？",更新 EC2 实例角色策略 以 包含 s3:PutObject 访问 权限 到 目标 S3 桶。,更新 EC2 security group 以允许 outbound traffic 到 0.0.0.0/0 用于 port 80。,更新 EC2 子网路由表 以 包含 S3 前缀列表 目的地 路由 到 S3 网关端点。,更新  the  S3  bucket  policy  以允许  s3:PutObject  访问  从  the  private  subnet  CIDR  block  。,nan,nan,"一名 SysOps 管理员在 VPC 中配置了一个 Amazon S3 gateway endpoint。  
VPC 内部的私有子网没有出站互联网访问权限。  
用户登录到私有子网中的一个 Amazon EC2 实例，并且无法将文件上传到同一 AWS Region 中的 Amazon S3 bucket。  
哪种解决方案可以解决这个问题？"
254,A company uses Amazon S3 to aggregate raw video footage from various media teams across the US. The company recently expanded into new geographies in Europe and Australia. The technical teams located in Europe and Australia reported delays when uploading large video files into the destination S3 bucket in the United States.  What are the MOST cost effective ways to increase upload speeds into the S3 bucket? (Choose two.),CE,Create multiple AWS Direct Connect connections between AWS and branch offices in Europe and Australia for file uploads into the destination S3 bucket.,Create multiple AWS Site-to-Site VPN connections between AWS and branch offices in Europe and Australia for file uploads into the destination S3 bucket.,Use Amazon S3 Transfer Acceleration for file uploads into the destination S3 bucket.,Use AWS Global Accelerator for file uploads into the destination S3 bucket from the branch offices in Europe and Australia.,Use multipart uploads for file uploads into the destination S3 bucket from the branch offices in Europe and Australia.,,"一家公司使用 Amazon S3 来汇总来自美国各个媒体团队的原始视频素材。  
The company 最近扩展到欧洲和澳大利亚的新地理区域。  
The technical teams 位于欧洲和澳大利亚，报告在将大型视频文件上传到位于美国的目标 S3 bucket 时出现延迟。  
What are the MOST cost effective ways to increase upload speeds into the S3 bucket?（Choose two.）",在 AWS 和欧洲以及澳大利亚的分支机构之间创建多个 AWS Direct Connect 连接，用于将文件上传到目标 S3 bucket。,在 AWS 和欧洲以及澳大利亚的分支机构之间创建多个 AWS Site-to-Site VPN 连接，用于将文件上传到目标 S3 bucket。,使用 Amazon S3 Transfer Acceleration 用于 文件 上传 到 目的地 S3 bucket。,使用 AWS Global Accelerator 用于 文件上传 到 目的地 S3 存储桶 从 分支办公室 在 欧洲 和 澳大利亚。,使用 multipart 上传用于文件上传到  destination S3 bucket 从 欧洲 和 澳大利亚 的 分支机构。,nan,"一家公司使用 Amazon S3 来汇总来自美国各个媒体团队的原始视频素材。  
The company 最近扩展到欧洲和澳大利亚的新地理区域。  
The technical teams 位于欧洲和澳大利亚，报告在将大型视频文件上传到位于美国的目标 S3 bucket 时出现延迟。  
What are the MOST cost effective ways to increase upload speeds into the S3 bucket?（Choose two.）"
255,"A SysOps administrator is helping a development team deploy an application to AWS. The AWS CloudFormation template includes an Amazon Linux EC2 instance, an Amazon Aurora DB cluster, and a hardcoded database password that must be rotated every 90 days.  What is the MOST secure way to manage the database password?",A,Use the AWS::SecretsManager::Secret resource with the GenerateSecretString property to automatically generate a password. Use the AWS::SecretsManager::RotationSchedule resource to define a rotation schedule for the password. Configure the application to retrieve the secret from AWS Secrets Manager to access the database.,"Use the AWS::SecretsManager::Secret resource with the SecretString property Accept a password as a CloudFormation parameter Use the AllowedPattern property of the CloudFormation parameter to require a minimum length, uppercase and lowercase letters, and special characters. Configure the application to retrieve the secret from AWS Secrets Manager to access the database.",Use the AWS::SSM::Parameter resource. Accept input as a CloudFormation parameter to store the parameter as a secure string. Configure the application to retrieve the parameter from AWS Systems Manager Parameter Store to access the database.,Use the AWS::SSM::Parameter resource. Accept input as a CloudFormation parameter to store the parameter as a string. Configure the application to retrieve the parameter from AWS Systems Manager Parameter Store to access the database.,,,"一名 SysOps 管理员正在帮助开发团队将应用程序部署到 AWS。  
The AWS CloudFormation 模板包括一个 Amazon Linux EC2 实例， 一个 Amazon Aurora 数据库集群， 和一个必须每 90 天轮换一次的硬编码数据库密码。  
什么是管理数据库密码的最安全的方法？",使用 AWS::SecretsManager::Secret 资源与 GenerateSecretString 属性自动生成密码。使用 AWS::SecretsManager::RotationSchedule 资源定义密码的轮换计划。配置应用程序以从 AWS Secrets Manager 检索秘密以访问数据库。,使用 AWS::SecretsManager::Secret 资源与 SecretString 属性 接受密码作为 CloudFormation 参数 使用 CloudFormation 参数的 AllowedPattern 属性 来要求最小长度、大写和小写字母，以及特殊字符。 配置应用程序以从 AWS Secrets Manager 检索秘密以访问数据库。,使用 AWS::SSM::Parameter 资源。接受输入作为 CloudFormation 参数以将参数存储为安全字符串。配置应用程序以从 AWS Systems Manager Parameter Store 检索参数以访问数据库。,使用 AWS::SSM::Parameter 资源。接受输入作为 CloudFormation 参数以将参数存储为字符串。配置应用程序以从 AWS Systems Manager Parameter Store 检索参数以访问数据库。,nan,nan,"一名 SysOps 管理员正在帮助开发团队将应用程序部署到 AWS。  
The AWS CloudFormation 模板包括一个 Amazon Linux EC2 实例， 一个 Amazon Aurora 数据库集群， 和一个必须每 90 天轮换一次的硬编码数据库密码。  
什么是管理数据库密码的最安全的方法？"
257,"A company's SysOps administrator maintains a highly available environment. The environment includes Amazon EC2 instances and an Amazon RDS Multi-AZ database. The EC2 instances are in an Auto Scaling group behind an Application Load Balancer.  Recently, the company conducted a failover test. The SysOps administrator needs to decrease the failover time of the RDS database by at least 10%.  Which solution will meet this requirement?",D,Increase the RDS instance size.,Modify the RDS cluster to run in a single Availability Zone.,Create a read replica in another AWS Region. Promote the read replica in case of failure.,Create an RDS proxy. Point the application to the proxy endpoint.,,,"一家公司 的 SysOps 管理员 维护 一个 高可用性 环境。  
The environment 包含 Amazon EC2 实例 和 一个 Amazon RDS Multi-AZ 数据库。  
The EC2 实例 在 一个 Auto Scaling 组 后面 通过 一个 Application Load Balancer。  
Recently， 公司 进行了 一个 故障转移 测试。  
The SysOps 管理员 需要 减少 RDS 数据库 的 故障转移 时间 至少 10%。  
Which 解决方案 将 满足 这个 要求？",增加 RDS 实例大小。,修改 RDS 集群 以 在 一个 可用区 运行。,在另一个 AWS Region 创建一个只读副本。 在发生故障的情况下，提升只读副本。,创建一个 RDS proxy。将应用程序指向 proxy 端点。,nan,nan,"一家公司 的 SysOps 管理员 维护 一个 高可用性 环境。  
The environment 包含 Amazon EC2 实例 和 一个 Amazon RDS Multi-AZ 数据库。  
The EC2 实例 在 一个 Auto Scaling 组 后面 通过 一个 Application Load Balancer。  
Recently， 公司 进行了 一个 故障转移 测试。  
The SysOps 管理员 需要 减少 RDS 数据库 的 故障转移 时间 至少 10%。  
Which 解决方案 将 满足 这个 要求？"
258,A company's VPC has connectivity to an on-premises data center through an AWS Site-to-Site VPN. The company needs Amazon EC2 instances in the VPC to send DNS queries for example.com to the DNS servers in the data center.  Which solution will meet these requirements?,D,Create an Amazon Route 53 Resolver inbound endpoint. Create a conditional forwarding rule on the on-premises DNS servers to forward DNS requests for example.com to the inbound endpoints.,Create an Amazon Route 53 Resolver inbound endpoint. Create a forwarding rule on the resolver that sends all queries for example.com to the on-premises DNS servers. Associate this rule with the VPC.,Create an Amazon Route 53 Resolver outbound endpoint. Create a conditional forwarding rule on the on-premises DNS servers to forward DNS requests for example.com to the outbound endpoints.,Create an Amazon Route 53 Resolver outbound endpoint. Create a forwarding rule on the resolver that sends all queries for example.com to the on-premises DNS servers. Associate this rule with the VPC.,,,"一家公司 的 VPC 有连接 到 一个 on-premises 数据中心 通过 一个 AWS Site-to-Site VPN 。  
这家公司 需要 Amazon EC2 实例 在 这个 VPC 中 发送 DNS 查询 给 例如.com 的 DNS 服务器 在 这个 数据中心 。  
哪种 解决方案 将 满足 这些 要求 ？","创建一个 Amazon Route 53 Resolver inbound endpoint。  
在本地 DNS 服务器上创建一个条件转发规则，以将 example.com 的 DNS 请求转发到 inbound endpoints。","创建一个 Amazon Route 53 Resolver inbound endpoint。  
Create 一个 Amazon Route 53 Resolver inbound endpoint。  
Create 一个 Amazon Route 53 Resolver inbound endpoint。  

在 resolver 上创建一个 forwarding 规则，该规则将所有针对 example.com 的查询发送到本地 DNS 服务器。  
Create 一个 forwarding 规则 on the resolver that 发送 all queries for example.com 到 the on-premises DNS servers。  
Create 一个 forwarding 规则 on the resolver that 发送 all queries for example.com 到 the on-premises DNS servers。  

将此规则与 VPC 关联。  
Associate this rule with the VPC。","创建一个 Amazon Route 53 Resolver 出站端点。  
在本地 DNS 服务器上创建一个条件转发规则，将 example.com 的 DNS 请求转发到出站端点。","创建一个 Amazon Route 53 Resolver 出站端点。  
在 resolver 上创建一个转发规则，将所有针对 example.com 的查询发送到本地 DNS 服务器。  
将此规则与 VPC 关联。",nan,nan,"一家公司 的 VPC 有连接 到 一个 on-premises 数据中心 通过 一个 AWS Site-to-Site VPN 。  
这家公司 需要 Amazon EC2 实例 在 这个 VPC 中 发送 DNS 查询 给 例如.com 的 DNS 服务器 在 这个 数据中心 。  
哪种 解决方案 将 满足 这些 要求 ？"
259,"A SysOps administrator is tasked with analyzing database performance. The database runs on a single Amazon RDS DB instance. The SysOps administrator finds that, during times of peak traffic, resources on the database are overutilized due to the amount of read traffic.  Which actions should the SysOps administrator take to improve RDS performance? (Choose two.)",AB,Add a read replica,Modify the application to use Amazon ElastiCache for Memcached.,Migrate the database from RDS to Amazon DynamoDB.,Migrate the database to Amazon EC2 with enhanced networking enabled.,Upgrade the database to a Multi-AZ deployment.,,"一名 SysOps 管理员的任务是分析数据库性能。  
The database 运行在一个单一的 Amazon RDS DB instance。  
The SysOps 管理员发现，在高峰流量期间，数据库上的资源由于读取流量的数量而过度利用。  
Which actions should the SysOps administrator take to improve RDS performance? (Choose two.)",添加一个 read replica,修改 该 应用程序 以 使用 Amazon ElastiCache 用于 Memcached 。,将数据库从 RDS 迁移到 Amazon DynamoDB。,将数据库迁移到启用增强网络的 Amazon EC2。,将数据库升级到 Multi-AZ 部署。,nan,"一名 SysOps 管理员的任务是分析数据库性能。  
The database 运行在一个单一的 Amazon RDS DB instance。  
The SysOps 管理员发现，在高峰流量期间，数据库上的资源由于读取流量的数量而过度利用。  
Which actions should the SysOps administrator take to improve RDS performance? (Choose two.)"
260,A company's SysOps administrator has created an Amazon EC2 instance with custom software that will be used as a template for all new EC2 instances across multiple AWS accounts. The Amazon Elastic Block Store (Amazon EBS) volumes that are attached to the EC2 instance are encrypted with AWS managed keys.  The SysOps administrator creates an Amazon Machine Image (AMI) of the custom EC2 instance and plans to share the AMI with the company's other AWS accounts. The company requires that all AMIs are encrypted with AWS Key Management Service (AWS KMS) keys and that only authorized AWS accounts can access the shared AMIs.  Which solution will securely share the AMI with the other AWS accounts?,B,"In the account where the AMI was created, create a customer managed KMS key. Modify the key policy to provide kms:DescribeKey, kms:ReEncrypt*, kms:CreateGrant, and kms:Decrypt permissions to the AWS accounts that the AMI will be shared with. Modify the AMI permissions to specify the AWS account numbers that the AMI will be shared with.","In the account where the AMI was created, create a customer managed KMS key. Modify the key policy to provide kms:DescribeKey, kms:ReEncrypt*, kms:CreateGrant, and kms:Decrypt permissions to the AWS accounts that the AMI will be shared with. Create a copy of the AMI, and specify the KMS key. Modify the permissions on the copied AMI to specify the AWS account numbers that the AMI will be shared with.","In the account where the AMI was created, create a customer managed KMS key. Modify the key policy to provide kms:DescribeKey, kms:ReEncrypt*, kms:CreateGrant, and kms:Decrypt permissions to the AWS accounts that the AMI will be shared with. Create a copy of the AMI, and specify the KMS key Modify the permissions on the copied AMI to make it public.","In the account where the AMI was created, modify the key policy of the AWS managed key to provide kms:DescribeKey, kms:ReEncrypt*, kms:CreateGrant, and kms:Decrypt permissions to the AWS accounts that the AMI will be shared with. Modify the AMI permissions to specify the AWS account numbers that the AMI will be shared with.",,,"一家公司 的 SysOps 管理员 创建 了 一个 Amazon EC2 实例 ， 使用 自定义 软件 ， 将 作为 模板 ， 用于 所有 新 的 EC2 实例 ， 跨 多个 AWS 账户 。  
该 Amazon Elastic Block Store (Amazon EBS) 卷 被 附加 到 EC2 实例 ， 并且 被 使用 AWS 管理的 密钥 加密 。  
SysOps 管理员 创建 了 一个 Amazon Machine Image (AMI) ， 以 该 自定义 EC2 实例 ， 并 计划 与 公司的 其他 AWS 账户 共享 该 AMI 。  
公司 要求 所有 AMI 都 必须 使用 AWS Key Management Service (AWS KMS) 密钥 加密 ， 并且 只有 授权 的 AWS 账户 才 能 访问 共享 的 AMI 。  
哪种 解决方案 能 以 安全 的 方式 与 其他 AWS 账户 共享 该 AMI ？","在创建 AMI 的账户中，创建一个客户管理的 KMS 密钥。  
修改密钥策略以向将共享 AMI 的 AWS 账户提供 kms:DescribeKey、kms:ReEncrypt*、kms:CreateGrant 和 kms:Decrypt 权限。  
修改 AMI 权限以指定将共享 AMI 的 AWS 账户号码。","在创建 AMI 的账户中，创建一个客户管理的 KMS 密钥。  
修改密钥策略以向将共享 AMI 的 AWS 账户提供 kms:DescribeKey、kms:ReEncrypt*、kms:CreateGrant 和 kms:Decrypt 权限。  
创建 AMI 的副本，并指定 KMS 密钥。  
修改副本 AMI 的权限，以指定将共享该 AMI 的 AWS 账户编号。","在创建 AMI 的账户中，创建一个客户管理的 KMS 密钥。  
修改密钥策略以向将共享 AMI 的 AWS 账户提供 kms:DescribeKey、kms:ReEncrypt*、kms:CreateGrant 和 kms:Decrypt 权限。  
创建 AMI 的副本，并指定 KMS 密钥。  
修改副本 AMI 的权限以使其公开。","在创建 AMI 的账户中，修改 AWS 管理的密钥的密钥策略，以提供 kms:DescribeKey、kms:ReEncrypt*、kms:CreateGrant 和 kms:Decrypt 权限给将要共享该 AMI 的 AWS 账户。  
修改 AMI 权限，以指定将要共享该 AMI 的 AWS 账户编号。",nan,nan,"一家公司 的 SysOps 管理员 创建 了 一个 Amazon EC2 实例 ， 使用 自定义 软件 ， 将 作为 模板 ， 用于 所有 新 的 EC2 实例 ， 跨 多个 AWS 账户 。  
该 Amazon Elastic Block Store (Amazon EBS) 卷 被 附加 到 EC2 实例 ， 并且 被 使用 AWS 管理的 密钥 加密 。  
SysOps 管理员 创建 了 一个 Amazon Machine Image (AMI) ， 以 该 自定义 EC2 实例 ， 并 计划 与 公司的 其他 AWS 账户 共享 该 AMI 。  
公司 要求 所有 AMI 都 必须 使用 AWS Key Management Service (AWS KMS) 密钥 加密 ， 并且 只有 授权 的 AWS 账户 才 能 访问 共享 的 AMI 。  
哪种 解决方案 能 以 安全 的 方式 与 其他 AWS 账户 共享 该 AMI ？"
261,A company is migrating its production file server to AWS. All data that is stored on the file server must remain accessible if an Availability Zone becomes unavailable or when system maintenance is performed. Users must be able to interact with the file server through the SMB protocol. Users also must have the ability to manage file permissions by using Windows ACLs.  Which solution will meet these requirements?,B,Create a single AWS Storage Gateway file gateway.,Create an Amazon FSx for Windows File Server Multi-AZ file system.,Deploy two AWS Storage Gateway file gateways across two Availability Zones. Configure an Application Load Balancer in front of the file gateways.,Deploy two Amazon FSx for Windows File Server Single-AZ 2 file systems. Configure Microsoft Distributed File System Replication (DFSR).,,,一家公司正在将其生产文件服务器迁移到 AWS。所有存储在文件服务器上的数据必须保持可访问，如果一个 Availability Zone 变得不可用或当进行系统维护时。用户必须能够通过 SMB 协议与文件服务器交互。用户还必须具有使用 Windows ACLs 管理文件权限的能力。 哪个解决方案将满足这些要求？,创建 一个 一个 AWS Storage Gateway 文件 网关。,创建一个 Amazon FSx for Windows File Server 多可用区（Multi-AZ）文件系统。,在两个 Availability Zones 部署两个 AWS Storage Gateway 文件网关。 在文件网关前配置一个 Application Load Balancer。,部署两个 Amazon FSx for Windows File Server 单可用区 2 文件系统。配置 Microsoft 分布式文件系统复制 (DFSR)。,nan,nan,"一家公司正在将其生产文件服务器迁移到 AWS。  
All data stored on the file server must remain accessible,  
如果一个 Availability Zone 变得不可用或当进行系统维护时。  
用户必须能够通过 SMB 协议与文件服务器交互。  
用户还必须具有使用 Windows ACLs 管理文件权限的能力。  
哪个解决方案将满足这些要求？"
262,"A SysOps administrator needs to create alerts that are based on the read and write metrics of Amazon Elastic Block Store (Amazon EBS) volumes that are attached to an Amazon EC2 instance. The SysOps administrator creates and enables Amazon CloudWatch alarms for the DiskReadBytes metric and the DiskWriteBytes metric.  A custom monitoring tool that is installed on the EC2 instance with the same alarm configuration indicates that the volume metrics have exceeded the threshold. However, the CloudWatch alarms were not in ALARM state.  Which action will ensure that the CloudWatch alarms function correctly?",C,Install and configure the CloudWatch agent on the EC2 instance to capture the desired metrics.,Install and configure AWS Systems Manager Agent on the EC2 instance to capture the desired metrics.,Reconfigure the CloudWatch alarms to use the VolumeReadBytes metric and the VolumeWriteBytes metric for the EBS volumes.,Reconfigure the CloudWatch alarms to use the VolumeReadBytes metric and the VolumeWriteBytes metric for the EC2 instance.,,,"一名 SysOps 管理员需要创建基于 Amazon Elastic Block Store (Amazon EBS) 卷的读写指标的警报，这些卷连接到一台 Amazon EC2 实例。  
该 SysOps 管理员为 DiskReadBytes 指标和 DiskWriteBytes 指标创建并启用 Amazon CloudWatch 警报。  
一款安装在 EC2 实例上的自定义监控工具，具有相同的警报配置，显示卷指标已超过阈值。  
然而，CloudWatch 警报未处于 ALARM 状态。  
哪项操作将确保 CloudWatch 警报正常工作？",在 EC2 实例上安装并配置 CloudWatch agent 以捕获所需的指标。,在 EC2 实例上安装并配置 AWS Systems Manager Agent 以捕获所需的指标。,重新配置 CloudWatch 警报以使用 VolumeReadBytes 指标和 VolumeWriteBytes 指标用于 EBS 卷。,重新配置 CloudWatch 警报以使用 VolumeReadBytes 指标和 VolumeWriteBytes 指标用于 EC2 实例。,nan,nan,"一名 SysOps 管理员需要创建基于 Amazon Elastic Block Store (Amazon EBS) 卷的读写指标的警报，这些卷连接到一台 Amazon EC2 实例。  
该 SysOps 管理员为 DiskReadBytes 指标和 DiskWriteBytes 指标创建并启用 Amazon CloudWatch 警报。  
一款安装在 EC2 实例上的自定义监控工具，具有相同的警报配置，显示卷指标已超过阈值。  
然而，CloudWatch 警报未处于 ALARM 状态。  
哪项操作将确保 CloudWatch 警报正常工作？"
263,A company recently moved its server infrastructure to Amazon EC2 instances. The company wants to use Amazon CloudWatch metrics to track instance memory utilization and available disk space.  What should a SysOps administrator do to meet these requirements?,B,Configure CloudWatch from the AWS Management Console for all the instances that require monitoring by CloudWatch. AWS automatically installs and configures the agents for the specified instances.,Install and configure the CloudWatch agent on all the instances. Attach an IAM role to allow the instances to write logs to CloudWatch.,Install and configure the CloudWatch agent on all the instances. Attach an IAM user to allow the instances to write logs to CloudWatch.,Install and configure the CloudWatch agent on all the instances. Attach the necessary security groups to allow the instances to write logs to CloudWatch.,,,"一家公司最近将其服务器基础设施迁移到 Amazon EC2 实例。  
该公司想要使用 Amazon CloudWatch 指标来跟踪实例内存利用率和可用磁盘空间。  
SysOps 管理员应该做什么以满足这些要求？","从 AWS 管理控制台为所有需要由 CloudWatch 监控的实例配置 CloudWatch。  
AWS 自动安装并配置指定实例的 agents。",在所有实例上安装并配置 CloudWatch agent。附加一个 IAM role 以允许实例写入日志到 CloudWatch。,在所有实例上安装并配置 CloudWatch agent。附加一个 IAM 用户以允许实例写入日志到 CloudWatch。,在所有实例上安装并配置 CloudWatch agent。附加必要的安全组以允许实例向 CloudWatch 写入日志。,nan,nan,"一家公司最近将其服务器基础设施迁移到 Amazon EC2 实例。  
该公司想要使用 Amazon CloudWatch 指标来跟踪实例内存利用率和可用磁盘空间。  
SysOps 管理员应该做什么以满足这些要求？"
264,"A company recently deployed MySQL on an Amazon EC2 instance with a default boot volume. The company intends to restore a 1.75 TB database. A SysOps administrator needs to provision the correct Amazon Elastic Block Store (Amazon EBS) volume. The database will require read performance of up to 10,000 IOPS and is not expected to grow in size.  Which solution will provide the required performance at the LOWEST cost?",C,Deploy a 2 TB Cold HDD (sc1) volume.,Deploy a 2 TB Throughput Optimized HDD (st1) volume.,"Deploy a 2 TB General Purpose SSD (gp3) volume. Set the IOPS to 10,000.","Deploy a 2 TB Provisioned IOPS SSD (io2) volume. Set the IOPS to 10,000.",,,"一家公司最近在具有默认启动卷的 Amazon EC2 实例上部署了 MySQL。  
该公司打算恢复一个 1.75 TB 的数据库。  
一名 SysOps 管理员需要配置正确的 Amazon Elastic Block Store (Amazon EBS) 卷。  
该数据库将需要高达 10,000 IOPS 的读取性能，并且预计不会增长规模。  
哪种解决方案将在最低成本下提供所需的性能？",部署 一个 2 TB Cold HDD (sc1) 卷。,部署 一个 2 TB 通过率 优化 的 HDD (st1) 卷。,"部署 一个 2 TB 通用 目的 SSD (gp3) 卷。 设置 IOPS 为 10,000。","部署 一个 2 TB 预配置 IOPS SSD (io2) 卷。 设置 IOPS 为 10,000。",nan,nan,"一家公司最近在具有默认启动卷的 Amazon EC2 实例上部署了 MySQL。  
该公司打算恢复一个 1.75 TB 的数据库。  
一名 SysOps 管理员需要配置正确的 Amazon Elastic Block Store (Amazon EBS) 卷。  
该数据库将需要高达 10,000 IOPS 的读取性能，并且预计不会增长规模。  
哪种解决方案将在最低成本下提供所需的性能？"
265,"A SysOps administrator is setting up a fleet of Amazon EC2 instances in an Auto Scaling group for an application. The fleet should have 50% CPU available at all times to accommodate bursts of traffic. The load will increase significantly between the hours of 09:00 and 17:00, 7 days a week.  How should the SysOps administrator configure the scaling of the EC2 instances to meet these requirements?",B,Create a target tracking scaling policy that runs when the CPU utilization is higher than 90%.,Create a target tracking scaling policy that runs when the CPU utilization is higher than 50%. Create a scheduled scaling policy that ensures that the fleet is available at 09:00. Create a second scheduled scaling policy that scales in the fleet at 17:00.,"Set the Auto Scaling group to start with 2 instances by setting the desired instances, maximum instances, and minimum instances to 2. Create a scheduled scaling policy that ensures that the fleet is available at 09:00.",Create a scheduled scaling policy that ensures that the fleet is available at 09:00. Create a second scheduled scaling policy that scales in the fleet at 17:00.,,,"一名 SysOps 管理员正在为一个应用程序在 Auto Scaling 组中设置一支 Amazon EC2 实例队列。  
这支队列应该始终具有 50% CPU 可用，以适应流量的突发。  
在每天的 09:00 到 17:00 之间，负载将显著增加，7 天一周。  
SysOps 管理员应该如何配置 EC2 实例的扩展以满足这些要求？",创建一个目标追踪缩放策略，当 CPU 利用率高于 90% 时运行。,创建一个目标追踪缩放策略，当 CPU 利用率高于 50% 时运行。创建一个计划缩放策略，确保在 09:00 时舰队可用。创建第二个计划缩放策略，在 17:00 时缩减舰队。,将 Auto Scaling 组设置为以 2 个实例开始，通过将 desired instances、maximum instances 和 minimum instances 设置为 2。创建一个计划的扩展策略，确保 fleet 在 09:00 时可用。,创建一个计划的扩展策略，确保 fleet 在 09:00 时可用。创建第二个计划的扩展策略，在 17:00 时缩减 fleet。,nan,nan,"一名 SysOps 管理员正在为一个应用程序在 Auto Scaling 组中设置一支 Amazon EC2 实例队列。  
This queue 应该始终具有 50% CPU 可用，以适应流量的突发。  
在每天的 09:00 到 17:00 之间，负载将显著增加，7 天一周。  
SysOps 管理员应该如何配置 EC2 实例的扩展以满足这些要求？"
266,A company has turned on server access logging for all of its existing Amazon S3 buckets. The company wants to implement a solution to monitor the logging settings for new and existing S3 buckets. The solution must remediate any S3 buckets that do not have logging turned on.  What should a SysOps administrator do to meet these requirements in the MOST operationally efficient way?,B,Track the logging information by using AWS CloudTrail. Launch an AWS Lambda function for remediation.,Configure automatic remediation in AWS Config by using the s3-bucket-logging-enabled rule.,Configure AWS Trusted Advisor to monitor the logging configuration and to turn on access logging if necessary.,Track the logging information by using Amazon CloudWatch metrics. Launch an AWS Lambda function for remediation.,,,"一家公司已经为其所有现有的 Amazon S3 桶开启了服务器访问日志记录。  
The company wants to implement a solution to monitor the logging settings for new and existing S3 buckets.  
该公司希望实施一个解决方案，以监控新建和现有的 S3 桶的日志记录设置。  
该解决方案必须修复任何没有开启日志记录的 S3 桶。  
The solution must remediate any S3 buckets that do not have logging turned on.  
SysOps 管理员应该采取什么措施，以最具操作效率的方式满足这些要求？  
What should a SysOps administrator do to meet these requirements in the MOST operationally efficient way?",通过使用 AWS CloudTrail 跟踪 日志信息。 启动 一个 AWS Lambda 函数 用于 修复。,使用 s3-bucket-logging-enabled 规则在 AWS Config 中配置自动修复。,配置 AWS Trusted Advisor 以监控 日志配置 并且 开启 访问日志 如果 必要。,通过使用 Amazon CloudWatch 指标跟踪日志信息。 启动一个 AWS Lambda 函数进行修复。,nan,nan,"一家公司已经为其所有现有的 Amazon S3 桶开启了服务器访问日志记录。  
The company wants to implement a solution to monitor the logging settings for new and existing S3 buckets.  
该公司希望实施一个解决方案，以监控新建和现有的 S3 桶的日志记录设置。  
该解决方案必须修复任何没有开启日志记录的 S3 桶。  
The solution must remediate any S3 buckets that do not have logging turned on.  
SysOps 管理员应该采取什么措施，以最具操作效率的方式满足这些要求？  
What should a SysOps administrator do to meet these requirements in the MOST operationally efficient way?"
267,A company is running Amazon EC2 On-Demand Instances in an Auto Scaling group. The instances process messages from an Amazon Simple Queue Service (Amazon SQS) queue. The Auto Scaling group is set to scale based on the number of messages in the queue. Messages can take up to 12 hours to process completely. A SysOps administrator must ensure that instances are not interrupted during message processing.  What should the SysOps administrator do to meet these requirements?,A,Enable instance scale-in protection for the specific instance in the Auto Scaling group at the start of message processing by calling the Amazon EC2 Auto Scaling API from the processing script. Disable instance scale-in protection after message processing is complete by calling the Amazon EC2 Auto Scaling API from the processing script.,Set the Auto Scaling group's termination policy to OldestInstance.,Set the Auto Scaling group's termination policy to OldestLaunchConfiguration.,Suspend the Launch and Terminate scaling processes for the specific instance in the Auto Scaling group at the start of message processing by calling the Amazon EC2 Auto Scaling API from the processing script. Resume the scaling processes after message processing is complete by calling the Amazon EC2 Auto Scaling API from the processing script.,,,"一家公司正在运行 Amazon EC2 On-Demand Instances 在一个 Auto Scaling 组中。  
The instances 处理 messages 从 一个 Amazon Simple Queue Service (Amazon SQS) 队列。  
The Auto Scaling 组 被设置为 根据 队列中的 messages 数量进行扩缩。  
Messages 可以 花费最多 12 小时 完全处理。  
一个 SysOps 管理员 必须 确保 实例 在 message 处理期间 不被中断。  
What 应该 SysOps 管理员 做 来 满足 这些 要求？","在消息处理开始时，通过从处理脚本调用 Amazon EC2 Auto Scaling API，为 Auto Scaling 组中的特定实例启用实例缩减保护。  
在消息处理完成后，通过从处理脚本调用 Amazon EC2 Auto Scaling API，禁用实例缩减保护。",将 Auto Scaling 组的终止策略设置为 OldestInstance。,将 Auto Scaling 组的终止策略设置为 OldestLaunchConfiguration。,"在消息处理开始时，通过从处理脚本调用 Amazon EC2 Auto Scaling API，暂停 Auto Scaling 组中特定实例的 Launch 和 Terminate 扩展过程。  
在消息处理完成后，通过从处理脚本调用 Amazon EC2 Auto Scaling API，恢复扩展过程。",nan,nan,"一家公司 正在 运行 Amazon EC2 On-Demand Instances 在 一个 Auto Scaling 组中。  
The instances 处理 messages 从 一个 Amazon Simple Queue Service (Amazon SQS) 队列。  
The Auto Scaling 组 被设置为 根据 队列中的 messages 数量进行扩缩。  
Messages 可以 花费最多 12 小时 完全处理。  
一个 SysOps 管理员 必须 确保 实例 在 message 处理期间 不被中断。  
What 应该 SysOps 管理员 做 来 满足 这些 要求？"
268,A company manages a set of accounts on AWS by using AWS Organizations. The company's security team wants to use a native AWS service to regularly scan all AWS accounts against the Center for Internet Security (CIS) AWS Foundations Benchmark.  What is the MOST operationally efficient way to meet these requirements?,D,Designate a central security account as the AWS Security Hub administrator account. Create a script that sends an invitation from the Security Hub administrator account and accepts the invitation from the member account. Run the script every time a new account is created. Configure Security Hub to run the CIS AWS Foundations Benchmark scans.,Run the CIS AWS Foundations Benchmark across all accounts by using Amazon Inspector.,Designate a central security account as the Amazon GuardDuty administrator account. Create a script that sends an invitation from the GuardDuty administrator account and accepts the invitation from the member account. Run the script every time a new account is created. Configure GuardDuty to run the CIS AWS Foundations Benchmark scans.,Designate an AWS Security Hub administrator account. Configure new accounts in the organization to automatically become member accounts. Enable CIS AWS Foundations Benchmark scans.,,,"一家公司通过使用 AWS Organizations 管理一组账户，  
The company's security team 想要使用 一个 原生 AWS 服务 来 定期 扫描 所有 AWS 账户 对比 Center for Internet Security (CIS) AWS Foundations Benchmark，  
什么 是 最 具 操作效率 的 方法 来 满足 这些 要求？",将一个中央安全账户指定为 AWS Security Hub 管理员账户。创建一个脚本，该脚本从 Security Hub 管理员账户发送邀请，并从成员账户接受邀请。每次创建新账户时运行该脚本。配置 Security Hub 以运行 CIS AWS Foundations Benchmark 扫描。,通过使用 Amazon Inspector 在所有账户中运行 CIS AWS Foundations Benchmark。,将一个中央安全账户指定为 Amazon GuardDuty 管理员账户。创建一个脚本，该脚本从 GuardDuty 管理员账户发送邀请，并从成员账户接受邀请。每次创建新账户时运行该脚本。配置 GuardDuty 以运行 CIS AWS Foundations Benchmark 扫描。,指定一个 AWS Security Hub 管理员账户。配置组织中的新账户以自动成为成员账户。启用 CIS AWS Foundations Benchmark 扫描。,nan,nan,"一家公司通过使用 AWS Organizations 管理一组账户，  
The 公司的 security 团队 想要 使用 一个 原生 AWS 服务 来 定期 扫描 所有 AWS 账户 对比 Center for Internet Security (CIS) AWS Foundations Benchmark，  
什么 是 最 具 操作效率 的 方法 来 满足 这些 要求？"
269,"A company currently runs its infrastructure within a VPC in a single Availability Zone. The VPC is connected to the company's on-premises data center through an AWS Site-to-Site VPN connection attached to a virtual private gateway. The on-premises route tables route all VPC networks to the VPN connection. Communication between the two environments is working correctly. A SysOps administrator created new VPC subnets within a new Availability Zone, and deployed new resources within the subnets. However, communication cannot be established between the new resources and the on-premises environment.  Which steps should the SysOps administrator take to resolve the issue?",A,Add a route to the route tables of the new subnets that send on-premises traffic to the virtual private gateway.,Create a ticket with AWS Support to request adding Availability Zones to the Site-to-Site VPN route configuration.,Establish a new Site-to-Site VPN connection between a virtual private gateway attached to the new Availability Zone and the on-premises data center.,Replace the Site-to-Site VPN connection with an AWS Direct Connect connection.,,,"一家公司目前在单个可用区内的 VPC 中运行其基础设施。  
The company currently runs its infrastructure within a VPC in a single Availability Zone.  

该 VPC 通过连接到虚拟私有网关的 AWS Site-to-Site VPN 连接，连接到公司的本地数据中心。  
The VPC is connected to the company’s on-premises data center through an AWS Site-to-Site VPN connection attached to a virtual private gateway.  

本地路由表将所有 VPC 网络路由到 VPN 连接。  
The on-premises route tables route all VPC networks to the VPN connection.  

两个环境之间的通信正常工作。  
Communication between the two environments is working correctly.  

一名 SysOps 管理员在新的可用区内创建了新的 VPC 子网，并在子网内部署了新的资源。  
A SysOps administrator created new VPC subnets within a new Availability Zone, and deployed new resources within the subnets.  

然而，无法在新资源和本地环境之间建立通信。  
However, communication cannot be established between the new resources and the on-premises environment.  

SysOps 管理员应采取哪些步骤以解决该问题？  
Which steps should the SysOps administrator take to resolve the issue?",在新子网的路由表中添加一条路由，该路由将本地（on-premises）流量发送到 virtual private gateway。,创建一个工单与 AWS Support 以请求添加 Availability Zones 到 Site-to-Site VPN 路由配置。,在一个虚拟私有网关连接到新可用区，并且在本地数据中心之间建立一个新的 Site-to-Site VPN 连接。,用 AWS Direct Connect 连接 替换 该 站点到站点 VPN 连接。,nan,nan,"该公司目前在单个 Availability Zone 内的 VPC 中运行其基础设施。  
The company currently runs its infrastructure within a VPC in a single Availability Zone.  

该 VPC 通过连接到虚拟私有网关的 AWS Site-to-Site VPN 连接，连接到公司的本地数据中心。  
The VPC is connected to the company’s on-premises data center through an AWS Site-to-Site VPN connection attached to a virtual private gateway.  

本地路由表将所有 VPC 网络路由到 VPN 连接。  
The on-premises route tables route all VPC networks to the VPN connection.  

两个环境之间的通信正常工作。  
Communication between the two environments is working correctly.  

一名 SysOps 管理员在新的可用区内创建了新的 VPC 子网，并在子网内部署了新的资源。  
A SysOps administrator created new VPC subnets within a new Availability Zone, and deployed new resources within the subnets.  

然而，无法在新资源和本地环境之间建立通信。  
However, communication cannot be established between the new resources and the on-premises environment.  

SysOps 管理员应采取哪些步骤以解决该问题？  
Which steps should the SysOps administrator take to resolve the issue?"
270,A SysOps administrator needs to collect the content of log files from a custom application that is deployed across hundreds of Amazon EC2 instances running Ubuntu. The log files need to be stored in Amazon CloudWatch Logs.  How should the SysOps administrator collect the application log files with the LOWEST operational overhead?,D,Configure the syslogd service on each EC2 instance to collect and send the application log files to CloudWatch Logs.,Install the CloudWatch agent by using the Amazon Linux package manager on each EC2 instance. Configure each agent to collect the application log files.,Install the CloudWatch agent on each EC2 instance by using AWS Systems Manager. Create an agent configuration on each instance by using the CloudWatch configuration wizard. Configure each agent to collect the application log files.,Store a CloudWatch agent configuration in the AWS Systems Manager Parameter Store. Install the CloudWatch agent on each EC2 instance by using Systems Manager. Configure each agent to collect the application log files.,,,"一名 SysOps 管理员需要收集来自在数百个运行 Ubuntu 的 Amazon EC2 实例上部署的自定义应用程序的日志文件内容。  
这些日志文件需要存储在 Amazon CloudWatch Logs 中。  
SysOps 管理员应如何以最低的操作开销收集应用程序日志文件？",在每个 EC2 实例上配置 syslogd 服务，以收集并将应用程序日志文件发送到 CloudWatch Logs。,使用 Amazon Linux 软件包管理器在每个 EC2 实例上安装 CloudWatch agent。配置每个 agent 以收集 application log 文件。,"使用 AWS Systems Manager 在每个 EC2 实例上安装 CloudWatch agent。  
使用 CloudWatch 配置向导在每个实例上创建 agent 配置。  
配置每个 agent 以收集 application log files。","在 AWS Systems Manager Parameter Store 中存储 CloudWatch agent 配置。  
使用 Systems Manager 在每个 EC2 实例上安装 CloudWatch agent。  
配置每个 agent 以收集 application log files。",nan,nan,"一名 SysOps 管理员需要收集来自在数百个运行 Ubuntu 的 Amazon EC2 实例上部署的自定义应用程序的日志文件内容。  
这些日志文件需要存储在 Amazon CloudWatch Logs 中。  
SysOps 管理员应如何以最低的操作开销收集应用程序日志文件？"
271,A SysOps administrator needs to design a disaster recovery (DR) plan for an application on AWS. The application runs on Amazon EC2 instances behind an Application Load Balancer (ALB). The instances are in an Auto Scaling group. The application uses an Amazon Aurora PostgreSQL database. The recovery time objective (RTO) and recovery point objective (RPO) are 15 minutes each.  Which combination of steps should the SysOps administrator take to meet these requirements MOST cost-effectively? (Choose two.),BD,Configure Aurora backups to be exported to the DR Region.,Configure the Aurora cluster to replicate data to the DR Region by using the Aurora global database option.,Configure the DR Region with an ALB and an Auto Scaling group. Use the same configuration as in the primary Region.,"Configure the DR Region with an ALB and an Auto Scaling group. Set the Auto Scaling group's minimum capacity, maximum capacity, and desired capacity to 1.",Manually launch a new ALB and a new Auto Scaling group by using AWS CloudFormation during a failover activity.,,"一名 SysOps 管理员需要为 AWS 上的一个应用程序设计灾难恢复（DR）计划。  
The application 运行在 Amazon EC2 实例 behind 一个 Application Load Balancer (ALB)。  
The instances 在一个 Auto Scaling group 中。  
The application 使用一个 Amazon Aurora PostgreSQL 数据库。  
The recovery time objective (RTO) 和 recovery point objective (RPO) 分别是 15 分钟。  
哪种步骤组合 SysOps 管理员应该采取以最具成本效益地满足这些要求？（选择两个。）",配置 Aurora 备份导出到 DR 区域。,配置 Aurora 集群 以 使用 Aurora global database 选项 将 数据 复制 到 灾难恢复 区域。,用 ALB 和 Auto Scaling 组配置 DR 区域。使用与主区域相同的配置。,使用 ALB 和 Auto Scaling 组配置 DR 区域。设置 Auto Scaling 组的最小容量、最大容量和期望容量为 1。,在故障转移活动期间，手动启动一个新的 ALB 和一个新的 Auto Scaling group 通过使用 AWS CloudFormation。,nan,"一名 SysOps 管理员需要为 AWS 上的一个应用程序设计灾难恢复（DR）计划。  
The application 运行在 Amazon EC2 实例 behind 一个 Application Load Balancer (ALB)。  
The instances 在一个 Auto Scaling group 中。  
The application 使用一个 Amazon Aurora PostgreSQL 数据库。  
The recovery time objective (RTO) 和 recovery point objective (RPO) 分别是 15 分钟。  
哪种步骤组合 SysOps 管理员应该采取以最具成本效益地满足这些要求？（选择两个。）"
272,"A SysOps administrator is creating a simple, public-facing website running on Amazon EC2. The SysOps administrator created the EC2 instance in an existing public subnet and assigned an Elastic IP address to the instance. Next, the SysOps administrator created and applied a new security group to the instance to allow incoming HTTP traffic from 0.0.0.0/0. Finally, the SysOps administrator created a new network ACL and applied it to the subnet to allow incoming HTTP traffic from 0.0.0.0/0. However, the website cannot be reached from the internet.  What is the cause of this issue?",A,The SysOps administrator did not create an outbound rule that allows ephemeral port return traffic in the new network ACL.,The SysOps administrator did not create an outbound rule in the security group that allows HTTP traffic from port 80.,The Elastic IP address assigned to the EC2 instance has changed.,There is an additional network ACL associated with the subnet that includes a rule that denies inbound HTTP traffic from port 80.,,,"一名 SysOps 管理员正在创建一个简单的、面向公众的网站，运行在 Amazon EC2 上。  
The SysOps administrator 正在创建一个简单的、面向公众的网站，运行在 Amazon EC2 上。  

该 SysOps 管理员在现有的公共子网中创建了 EC2 实例，并为实例分配了一个 Elastic IP 地址。  
The SysOps administrator 在现有的公共子网中创建了 EC2 实例，并为实例分配了一个 Elastic IP 地址。  

接下来，SysOps 管理员创建并应用了一个新的安全组到实例，以允许来自 0.0.0.0/0 的传入 HTTP 流量。  
Next, the SysOps administrator 创建并应用了一个新的 security group 到实例，以允许来自 0.0.0.0/0 的传入 HTTP 流量。  

最后，SysOps 管理员创建了一个新的 network ACL 并将其应用到子网，以允许来自 0.0.0.0/0 的传入 HTTP 流量。  
Finally, the SysOps administrator 创建了一个新的 network ACL 并将其应用到子网，以允许来自 0.0.0.0/0 的传入 HTTP 流量。  

然而，网站无法从互联网访问。  
However, the website cannot be reached from the internet.  

这个问题的原因是什么？  
What is the cause of this issue?",SysOps 管理员没有创建允许临时端口返回流量的出站规则在新的网络 ACL 中。,SysOps 管理员 没有 创建 一个 出站 规则 在 安全组 那里 允许 HTTP 流量 从 端口 80。,分配给 EC2 实例的 Elastic IP 地址 已更改。,有一个附加的网络ACL与子网相关联，该ACL包括一条规则，拒绝来自端口80的入站HTTP流量。,nan,nan,"一名 SysOps 管理员正在创建一个简单的、面向公众的网站，运行在 Amazon EC2 上。  
The SysOps administrator is creating a simple, public-facing website, running on Amazon EC2.  

该 SysOps 管理员在现有的公共子网中创建了 EC2 实例，并为实例分配了一个 Elastic IP 地址。  
The SysOps administrator created an EC2 instance in an existing public subnet, and assigned an Elastic IP address to the instance.  

接下来，SysOps 管理员创建并应用了一个新的安全组到实例，以允许来自 0.0.0.0/0 的传入 HTTP 流量。  
Next, the SysOps administrator created and applied a new security group to the instance, to allow inbound HTTP traffic from 0.0.0.0/0.  

最后，SysOps 管理员创建了一个新的 network ACL 并将其应用到子网，以允许来自 0.0.0.0/0 的传入 HTTP 流量。  
Finally, the SysOps administrator created a new network ACL and applied it to the subnet, to allow inbound HTTP traffic from 0.0.0.0/0.  

然而，网站无法从互联网访问。  
However, the website cannot be accessed from the internet.  

这个问题的原因是什么？  
What is the cause of this issue?"
273,A company has an application that uses an Amazon Elastic File System (Amazon EFS) file system. A recent incident that involved an application logic error corrupted several files. The company wants to improve its ability to back up and recover the EFS file system. The company must be able to recover individual files rapidly.  Which solution meets these requirements MOST cost-effectively?,D,Configure Amazon Data Lifecycle Manager (Amazon DLM) to archive a copy of the data to an Amazon S3 Glacier vault. Use S3 Glacier retrieval requests to retrieve individual files.,Create a second EFS file system in another AWS Region. Configure AWS DataSync to copy the data to the backup file system. Recover files by copying them from the backup EFS file system.,Enable AWS Backup in Amazon EFS to back up the file system to an Amazon S3 Glacier vault. Use S3 Glacier retrieval requests to retrieve individual files.,Enable AWS Backup in Amazon EFS to back up the file system to a backup vault. Use a partial restore job to retrieve individual files.,,,"一家公司拥有一个使用 Amazon Elastic File System (Amazon EFS) 文件系统的应用程序。  
一场最近的事件涉及应用程序逻辑错误，导致多个文件被损坏。  
这家公司希望提高其备份和恢复 EFS 文件系统的能力。  
这家公司必须能够快速恢复单个文件。  
哪种解决方案以最具成本效益的方式满足这些要求？",配置 Amazon Data Lifecycle Manager (Amazon DLM) 以将数据的副本存档到 Amazon S3 Glacier vault。 使用 S3 Glacier retrieval requests 来检索单个文件。,在另一个 AWS Region 中创建第二个 EFS 文件系统。配置 AWS DataSync 将数据复制到备份文件系统。通过从备份 EFS 文件系统复制文件来恢复文件。,"在 Amazon EFS 中启用 AWS Backup 以将文件系统备份到 Amazon S3 Glacier 保管库。  
使用 S3 Glacier 检索请求以检索单个文件。","在 Amazon EFS 中启用 AWS Backup 以将文件系统备份到备份保管库。  
使用部分还原作业以检索单个文件。",nan,nan,"一家公司拥有一个使用 Amazon Elastic File System (Amazon EFS) 文件系统的应用程序。  
一场最近的事件涉及应用程序逻辑错误，导致多个文件被损坏。  
这家公司希望提高其备份和恢复 EFS 文件系统的能力。  
这家公司必须能够快速恢复单个文件。  
哪种解决方案以最具成本效益的方式满足这些要求？"
274,"A company migrates a write-once, ready-many (WORM) drive to an Amazon S3 bucket that has S3 Object Lock configured in governance mode. During the migration, the company copies unneeded data to the S3 bucket.  A SysOps administrator attempts to delete the unneeded data from the S3 bucket by using the AWS CLI. However, the SysOps administrator receives an error.  Which combination of steps should the SysOps administrator take to successfully delete the unneeded data? (Choose two.)",CD,Increase the Retain Until Date.,Assume a role that has the s3:BypassLegalRetention permission.,Assume a role that has the s3:BypassGovernanceRetention permission.,Include the x-amz-bypass-governance-retention:true header in the request when issuing the delete command.,Include the x-amz-bypass-legal-retention:true header in the request when issuing the delete command.,,"一家公司将一次写入、准备多（WORM）驱动器迁移到配置了 S3 Object Lock 的 Amazon S3 bucket，且处于 governance 模式。  
在迁移过程中，该公司将不需要的数据复制到 S3 bucket。  
一名 SysOps 管理员试图使用 AWS CLI 删除 S3 bucket 中的不需要的数据。  
然而，SysOps 管理员收到一个错误。  
SysOps 管理员应采取哪些步骤组合以成功删除不需要的数据？（选择两个。）",增加 保留 直到 日期。,假设 一个 拥有 s3:BypassLegalRetention 权限 的 角色。,假设 一个 拥有 s3:BypassGovernanceRetention 权限 的 角色。,在发出 delete 命令 时，包含 x-amz-bypass-governance-retention:true 头部 在 请求 中。,在发出 delete 命令时，包含 x-amz-bypass-legal-retention:true 头部在请求中。,nan,"一家公司将一次写入、准备多（WORM）驱动器迁移到配置了 S3 Object Lock 的 Amazon S3 bucket，且处于 governance 模式。  
在迁移过程中，该公司将不需要的数据复制到 S3 bucket。  
一名 SysOps 管理员试图使用 AWS CLI 删除 S3 bucket 中的不需要的数据。  
然而，SysOps 管理员收到一个错误。  
SysOps 管理员应采取哪些步骤组合以成功删除不需要的数据？（选择两个。）"
275,A company needs to view a list of security groups that are open to the internet on port 3389.  What should a SysOps administrator do to meet this requirement?,D,Configure Amazon GuardDuty to scan security groups and report unrestricted access on port 3389.,Configure a service control policy (SCP) to identify security groups that allow unrestricted access on port 3389.,Use AWS Identity and Access Management Access Analyzer to find any instances that have unrestricted access on port 3389.,Use AWS Trusted Advisor to find security groups that allow unrestricted access on port 3389.,,,一家公司 需要  查看  一个  安全组  的  列表  ，  这些  安全组  是  开放  给  internet  在  port  3389  上  。  什么  应该  一个  SysOps  管理员  做  ，  以  满足  这个  需求  ？,配置 Amazon GuardDuty 以扫描 安全组 并 报告 未限制访问 在 端口 3389。,配置 一个 服务 控制 政策 (SCP) 以 识别 安全 组 允许 不受限制 访问 在 端口 3389 。,使用 AWS Identity and Access Management Access Analyzer 来查找任何在端口 3389 上具有无限制访问权限的实例。,使用 AWS Trusted Advisor 查找 允许在端口 3389 上无限制访问 的 安全组。,nan,nan,一家公司 需要  查看  一个  安全组  的  列表  ，  这些  安全组  是  开放  给  internet  在  port  3389  上  。  什么  应该  一个  SysOps  管理员  做  ，  以  满足  这个  需求  ？
276,"A company website contains a web tier and a database tier on AWS. The web tier consists of Amazon EC2 instances that run in an Auto Scaling group across two Availability Zones. The database tier runs on an Amazon RDS for MySQL Multi-AZ DB instance. The database subnet network ACLs are restricted to only the web subnets that need access to the database. The web subnets use the default network ACL with the default rules.  The company's operations team has added a third subnet to the Auto Scaling group configuration. After an Auto Scaling event occurs, some users report that they intermittently receive an error message. The error message states that the server cannot connect to the database. The operations team has confirmed that the route tables are correct and that the required ports are open on all security groups.  Which combination of actions should a SysOps administrator take so that the web servers can communicate with the DB instance? (Choose two.)",CD,"On the default ACL, create inbound Allow rules of type TCP with the ephemeral port range and the source as the database subnets.","On the default ACL, create outbound Allow rules of type MySQL/Aurora (3306). Specify the destinations as the database subnets.","On the network ACLs for the database subnets, create an inbound Allow rule of type MySQL/Aurora (3306). Specify the source as the third web subnet.","On the network ACLs for the database subnets, create an outbound Allow rule of type TCP with the ephemeral port range and the destination as the third web subnet.","On the network ACLs for the database subnets, create an outbound Allow rule of type MySQL/Aurora (3306). Specify the destination as the third web subnet.",,"一家公司网站包含一个 web 层和一个 database 层在 AWS。  
The company website contains a web tier and a database tier on AWS.  

web 层由 Amazon EC2 实例组成，这些实例在一个 Auto Scaling group 中跨越两个 Availability Zones 运行。  
The web tier consists of Amazon EC2 instances that run in an Auto Scaling group across two Availability Zones.  

database 层在一个 Amazon RDS for MySQL Multi-AZ DB 实例上运行。  
The database tier runs on an Amazon RDS for MySQL Multi-AZ DB instance.  

database 子网网络 ACLs 被限制仅对需要访问数据库的 web 子网开放。  
The database subnet network ACLs are restricted to only the web subnets that need access to the database.  

web 子网使用默认网络 ACL 和默认规则。  
The web subnets use the default network ACL with the default rules.  

公司的运营团队已在 Auto Scaling group 配置中添加了第三个子网。  
The company's operations team has added a third subnet to the Auto Scaling group configuration.  

在发生 Auto Scaling 事件后，部分用户报告他们间歇性收到错误信息。  
After an Auto Scaling event occurs, some users report that they intermittently receive an error message.  

错误信息指出服务器无法连接到数据库。  
The error message states that the server cannot connect to the database.  

运营团队已确认路由表是正确的，并且所有安全组上的所需端口已打开。  
The operations team has confirmed that the route tables are correct and that the required ports are open on all security groups.  

哪些操作组合应由 SysOps 管理员采取，以便 web 服务器可以与 DB 实例通信？（选择两个。）  
Which combination of actions should a SysOps administrator take so that the web servers can communicate with the DB instance? (Choose two.)",在默认的 ACL 上，创建入站允许规则，类型为 TCP，使用临时端口范围，源为数据库子网。,在默认的 ACL 上，创建出站允许规则，类型为 MySQL/Aurora (3306)。 指定目标为数据库子网。,在数据库子网的网络 ACLs 上，创建一个入站允许规则，类型为 MySQL/Aurora (3306)。 指定源为第三个 web 子网。,在数据库子网的网络 ACLs 上，创建一个出站允许规则，类型为 TCP，带有临时端口范围，目标为第三个 web 子网。,在数据库子网的网络 ACLs 上，创建一个出站允许规则，类型为 MySQL/Aurora (3306)。 指定目标为第三个 web 子网。,nan,"一家公司网站包含一个 web 层和一个 database 层在 AWS。  
The company website contains a web tier and a database tier on AWS.  

web 层由 Amazon EC2 实例组成，这些实例在一个 Auto Scaling group 中跨越两个 Availability Zones 运行。  
The web tier consists of Amazon EC2 instances that run in an Auto Scaling group across two Availability Zones.  

database 层在一个 Amazon RDS for MySQL Multi-AZ DB 实例上运行。  
The database tier runs on an Amazon RDS for MySQL Multi-AZ DB instance.  

database 子网网络 ACLs 被限制仅对需要访问数据库的 web 子网开放。  
The database subnet network ACLs are restricted to only the web subnets that need access to the database.  

web 子网使用默认网络 ACL 和默认规则。  
The web subnets use the default network ACL with the default rules.  

公司的运营团队已在 Auto Scaling group 配置中添加了第三个子网。  
The company's operations team has added a third subnet to the Auto Scaling group configuration.  

在发生 Auto Scaling 事件后，部分用户报告他们间歇性收到错误信息。  
After an Auto Scaling event occurs, some users report that they intermittently receive an error message.  

错误信息指出服务器无法连接到数据库。  
The error message states that the server cannot connect to the database.  

运营团队已确认路由表是正确的，并且所有安全组上的所需端口已打开。  
The operations team has confirmed that the route tables are correct and that the required ports are open on all security groups.  

哪些操作组合应由 SysOps 管理员采取，以便 web 服务器可以与 DB 实例通信？（选择两个。）  
Which combination of actions should a SysOps administrator take so that the web servers can communicate with the DB instance? (Choose two.)"
277,"A SysOps administrator has been able to consolidate multiple, secure websites onto a single server, and each site is running on a different port. The administrator now wants to start a duplicate server in a second Availability Zone and put both behind a load balancer for high availability.  What would be the command line necessary to deploy one of the sites' certificates to the load balancer?",B,aws kms modify-listener �C-load-balancer-name my-load-balancer -�Ccertificates CertificateArn=arn:aws:iam::123456789012:server-certifiate/my-new-server-cert,aws elb set-load-balancer-listener-ssl-certificate --load-balancer-name my-load-balancer �C-load-balancer-port 443 �C-ssl-certificate-id arn:aws:iam::123456789012:server-certificate/new-server-cert,aws ec2 put-ssl-certificate �C-load-balancer-name my-load-balancer �C-load-balancer-port 443 �C-ssl-certificate-id arn:aws:iam::123456789012:server-certificate/new-server-cert,aws acm put-ssl-certificate �C-load-balancer-name my-load-balancer �C-load-balancer-port 443 �C-ssl-certificate-id arn:aws:iam::123456789012:server-certificate/new-server-cert,,,一名 SysOps 管理员已经能够将多个安全网站合并到一个服务器上，且每个网站都在不同的端口上运行，管理员现在想在第二个 Availability Zone 中启动一个重复的服务器，并将两个服务器都放在负载均衡器后面以实现高可用性，部署其中一个网站的证书到负载均衡器所需的命令行会是什么？,aws kms modify-listener －load-balancer-name 我的-负载均衡器 －certificates CertificateArn=arn:aws:iam::123456789012:server-certifiate/my-new-server-cert,aws elb set-load-balancer-listener-ssl-certificate --load-balancer-name my-load-balancer -load-balancer-port 443 -ssl-certificate-id arn:aws:iam::123456789012:server-certificate/new-server-cert,aws ec2 put-ssl-certificate –load-balancer-name my-load-balancer –load-balancer-port 443 –ssl-certificate-id arn:aws:iam::123456789012:server-certificate/new-server-cert,aws acm put-ssl-certificate �C-load-balancer-name my-load-balancer �C-load-balancer-port 443 �C-ssl-certificate-id arn:aws:iam::123456789012:server-certificate/new-server-cert,nan,nan,一名 SysOps 管理员已经能够将多个安全网站合并到一个服务器上，且每个网站都在不同的端口上运行，管理员现在想在第二个 Availability Zone 中启动一个重复的服务器，并将两个服务器都放在负载均衡器后面以实现高可用性，部署其中一个网站的证书到负载均衡器所需的命令行会是什么？
278,A SysOps administrator is preparing to deploy an application to Amazon EC2 instances that are in an Auto Scaling group. The application requires dependencies to be installed. Application updates are issued weekly.  The SysOps administrator needs to implement a solution to incorporate the application updates on a regular basis. The solution also must conduct a vulnerability scan during Amazon Machine Image (AMI) creation.  What is the MOST operationally efficient solution that meets these requirements?,C,Create a script that uses Packer. Schedule a cron job to run the script.,Install the application and its dependencies on an EC2 instance. Create an AMI of the EC2 instance.,Use EC2 Image Builder with a custom recipe to install the application and its dependencies.,Invoke the EC2 CreateImage API operation by using an Amazon EventBridge scheduled rule.,,,"一名 SysOps 管理员正在准备将一个应用程序部署到在 Auto Scaling 组中的 Amazon EC2 实例。  
The application 需要依赖项被安装。  
应用程序更新每周发布一次。  
该 SysOps 管理员需要实现一个解决方案，以定期合并应用程序更新。  
该解决方案还必须在 Amazon Machine Image (AMI) 创建期间进行漏洞扫描。  
什么是满足这些要求的最具操作效率的解决方案？",创建 一个 脚本 ， 它 使用 Packer 。 安排 一个 cron 任务 来 运行 脚本 。,在 EC2 实例上安装应用程序及其依赖项。 创建 EC2 实例的 AMI。,使用 EC2 Image Builder 与 自定义配方 来 安装 应用程序 和 它 的 依赖项。,通过使用 Amazon EventBridge 计划规则 调用 EC2 CreateImage API 操作。,nan,nan,"一名 SysOps 管理员正在准备将一个应用程序部署到在 Auto Scaling 组中的 Amazon EC2 实例。  
The application 需要依赖项被安装。  
应用程序更新每周发布一次。  
该 SysOps 管理员需要实现一个解决方案，以定期合并应用程序更新。  
该解决方案还必须在 Amazon Machine Image (AMI) 创建期间进行漏洞扫描。  
什么是满足这些要求的最具操作效率的解决方案？"
279,"An AWS CloudFormation template creates an Amazon RDS instance. This template is used to build up development environments as needed and then delete the stack when the environment is no longer required. The RDS-persisted data must be retained for further use, even after the CloudFormation stack is deleted.  How can this be achieved in a reliable and efficient way?",C,Write a script to continue backing up the RDS instance every five minutes.,"Create an AWS Lambda function to take a snapshot of the RDS instance, and manually invoke the function before deleting the stack.",Use the Snapshot Deletion Policy in the CloudFormation template definition of the RDS instance.,"Create a new CloudFormation template to perform backups of the RDS instance, and run this template before deleting the stack.",,,"一个 AWS CloudFormation 模板创建一个 Amazon RDS 实例。  
This template is used to build up development environments as needed and then delete the stack when the environment is no longer required.  
该模板用于根据需要建立开发环境，然后在环境不再需要时删除堆栈。  
The RDS-persisted data must be retained for further use, even after the CloudFormation stack is deleted.  
即使在 CloudFormation 堆栈被删除后，RDS 持久化的数据也必须被保留以供进一步使用。  
How can this be achieved in a reliable and efficient way?  
如何以可靠且高效的方式实现这一点？",编写 一个 脚本 以 继续 备份 RDS 实例 每 五 分钟 。,创建一个 AWS Lambda 函数以拍摄 RDS 实例的快照，且手动调用该函数在删除堆栈之前。,在 CloudFormation 模板定义中使用 Snapshot Deletion Policy 在 RDS 实例。,创建 一个 新的 CloudFormation 模板 以 执行 备份 的 RDS 实例 ， 和 运行 这个 模板 在 删除 这个 堆栈 之前 。,nan,nan,"一个 AWS CloudFormation 模板创建一个 Amazon RDS 实例。  
This template is used to build up development environments as needed and then delete the stack when the environment is no longer required.  
该模板用于根据需要建立开发环境，然后在环境不再需要时删除堆栈。  
The RDS-persisted data must be retained for further use, even after the CloudFormation stack is deleted.  
即使在 CloudFormation 堆栈被删除后，RDS 持久化的数据也必须被保留以供进一步使用。  
How can this be achieved in a reliable and efficient way?  
如何以可靠且高效的方式实现这一点？"
281,A SysOps administrator needs to provision a new fleet of Amazon EC2 Spot Instances in an Amazon EC2 Auto Scaling group. The Auto Scaling group will use a wide range of instance types. The configured fleet must come from pools that have the most availability for the number of instances that are launched.  Which solution will meet these requirements?,C,Launch the Spot Instances up to the maximum capacity of the Auto Scaling group.,Launch the Spot Instances by using the diversified strategy.,Launch the Spot Instances by using the capacity optimized strategy.,Use the Spot Instance advisor to help determine the best Spot allocation strategy.,,,"一名 SysOps 管理员需要在 Amazon EC2 Auto Scaling 组中配置一支新的 Amazon EC2 Spot Instances 队列。  
该 Auto Scaling 组将使用各种类型的实例。  
配置的队列必须来自具有最多可用性的池，以满足已启动实例的数量。  
哪种解决方案可以满足这些要求？",启动 Spot Instances 直到达到 Auto Scaling 组的最大容量。,使用多样化策略启动 Spot Instances。,使用容量优化策略启动 Spot Instances。,使用 Spot Instance advisor 来帮助确定 最佳 Spot 分配 策略。,nan,nan,"一名 SysOps 管理员 需要 在 Amazon EC2 Auto Scaling 组 中 配置 一支 新的 Amazon EC2 Spot Instances 队列。  
该 Auto Scaling 组 将 使用 各种 类型 的 实例。  
配置 的 队列 必须 来自 具有 最多 可用性 的 池， 以 满足 已 启动 实例 的 数量。  
哪 种 解决方案 可以 满足 这些 要求？"
282,A SysOps administrator creates a custom Amazon Machine Image (AMI) in the eu-west-2 Region and uses the AMI to launch Amazon EC2 instances. The SysOps administrator needs to use the same AMI to launch EC2 instances in two other Regions: us-east-1 and us-east-2.  What must the SysOps administrator do to use the custom AMI in the additional Regions?,A,Copy the AMI to the additional Regions.,Make the AMI public in the Community AMIs section of the AWS Management Console.,Share the AMI to the additional Regions. Assign the required access permissions.,Copy the AMI to a new Amazon S3 bucket. Assign access permissions to the AMI for the additional Regions.,,,"一名 SysOps 管理员在 eu-west-2 区域创建了一个自定义的 Amazon Machine Image (AMI)，并使用该 AMI 启动 Amazon EC2 实例。  
该 SysOps 管理员需要使用相同的 AMI 在另外两个区域：us-east-1 和 us-east-2 启动 EC2 实例。  
SysOps 管理员必须做什么以在额外的区域中使用自定义的 AMI？",将 AMI 复制到额外的 Regions。,在 AWS Management Console 的 Community AMIs 部分中，将 AMI 设为公开。,共享 AMI 给额外的 Regions。 分配 所需的 访问 权限。,将 AMI 复制到一个新的 Amazon S3 存储桶。为 AMI 分配访问权限给额外的 Regions。,nan,nan,"一名 SysOps 管理员在 eu-west-2 区域创建了一个自定义的 Amazon Machine Image (AMI)，并使用该 AMI 启动 Amazon EC2 实例。  
该 SysOps 管理员需要使用相同的 AMI 在另外两个区域：us-east-1 和 us-east-2 启动 EC2 实例。  
SysOps 管理员必须做什么以在额外的区域中使用自定义的 AMI？"
283,A company has many accounts in an organization in AWS Organizations. The company must automate resource provisioning from the organization's management account to the member accounts.  Which solution will meet this requirement?,C,Create an AWS CloudFormation change set. Deploy the change set to all member accounts.,Create an AWS CloudFormation nested stack. Deploy the nested stack to all member accounts.,Create an AWS CloudFormation stack set. Deploy the stack set to all member accounts.,Create an AWS Serverless Application Model (AWS SAM) template. Deploy the template to all member accounts.,,,"一家公司在AWS Organizations中的一个组织中拥有许多账户。  
The company must automate resource provisioning from the organization's management account to the member accounts.  
该公司必须自动化资源配置，从组织的管理账户到成员账户。  
Which solution will meet this requirement?  
哪种解决方案将满足这个要求？",创建一个 AWS CloudFormation 变更集。将变更集部署到所有成员账户。,创建一个 AWS CloudFormation 嵌套堆栈。部署 嵌套堆栈 到 所有 成员 账户。,创建一个 AWS CloudFormation 栈集。部署该栈集到所有成员账户。,创建 一个 AWS Serverless Application Model (AWS SAM) 模板。 部署 到 所有 成员 账户。,nan,nan,"一家公司在 AWS Organizations 中的一个组织中拥有许多账户。  
The company must automate resource provisioning from the organization's management account to the member accounts.  
该公司必须自动化资源配置，从组织的管理账户到成员账户。  
Which solution will meet this requirement?  
哪种解决方案将满足这个要求？"
284,"A company is building an interactive application for personal finance. The application stores financial data in Amazon S3, and the data must be encrypted. The company does not want to provide its own encryption keys. However, the company wants to maintain an audit trail that shows when an encryption key was used and who used the key.  Which solution will meet these requirements?",D,Use client-side encryption with client-provided keys. Upload the encrypted user data to Amazon S3.,Use server-side encryption with S3 managed encryption keys (SSE-S3) to encrypt the user data on Amazon S3.,Use server-side encryption with customer-provided encryption keys (SSE-C) to encrypt the user data on Amazon S3.,Use server-side encryption with AWS KMS managed encryption keys (SSE-KMS) to encrypt the user data on Amazon S3.,,,"一家公司正在构建一个用于个人理财的交互式应用程序。  
该应用程序将财务数据存储在 Amazon S3 中，且数据必须被加密。  
该公司不想提供自己的加密密钥。  
然而，该公司希望维护一个审计轨迹，显示何时使用了加密密钥以及谁使用了该密钥。  
哪种解决方案可以满足这些要求？",使用 client-side encryption 与 client-provided keys。上传 加密的 用户数据 到 Amazon S3。,使用 server-side encryption 与 S3 管理的加密密钥（SSE-S3） 来加密 用户数据 在 Amazon S3。,使用 server-side encryption with customer-provided encryption keys (SSE-C) 来加密 Amazon S3 上的用户数据。,使用 server-side encryption 与 AWS KMS 管理的加密密钥（SSE-KMS） 来加密 用户数据 在 Amazon S3。,nan,nan,"一家公司正在构建一个用于个人理财的交互式应用程序。  
The company is building an interactive application for personal finance.  
该应用程序将财务数据存储在 Amazon S3 中，且数据必须被加密。  
The application will store financial data in Amazon S3, and the data must be encrypted.  
该公司不想提供自己的加密密钥。  
The company does not want to provide its own encryption keys.  
然而，该公司希望维护一个审计轨迹，显示何时使用了加密密钥以及谁使用了该密钥。  
However, the company wants to maintain an audit trail showing when the encryption keys were used and who used them.  
哪种解决方案可以满足这些要求？  
Which solution can meet these requirements?"
285,"A company has an AWS CloudFormation template that creates an Amazon S3 bucket. A user authenticates to the corporate AWS account with their Active Directory credentials and attempts to deploy the CloudFormation template. However, the stack creation fails.  Which factors could cause this failure? (Choose two.)",AC,The user's IAM policy does not allow the cloudformation:CreateStack action.,The user's IAM policy does not allow the cloudformation:CreateStackSet action.,The user's IAM policy does not allow the s3:CreateBucket action.,The user's IAM policy explicitly denies the s3:ListBucket action.,The user's IAM policy explicitly denies the s3:PutObject action.,,"一家公司拥有一个 AWS CloudFormation 模板，该模板创建一个 Amazon S3 bucket。  
一名用户使用他们的 Active Directory 凭证对公司 AWS 账户进行身份验证，并试图部署 CloudFormation 模板。  
然而，堆栈创建失败。  
哪些因素可能导致此失败？（选择两个。）",用户的 IAM 政策 不允许 cloudformation:CreateStack 操作。,用户的 IAM 政策 不允许 cloudformation:CreateStackSet 动作。,用户的 IAM 政策 不允许 s3:CreateBucket 操作。,用户的 IAM 政策 明确 拒绝 了 s3:ListBucket 操作。,用户的 IAM 政策 明确 拒绝 了 s3:PutObject 操作。,nan,"一家公司拥有一个 AWS CloudFormation 模板，该模板创建一个 Amazon S3 bucket。  
一名用户使用他们的 Active Directory 凭证对公司 AWS 账户进行身份验证，并试图部署 CloudFormation 模板。  
然而，堆栈创建失败。  
哪些因素可能导致此失败？（选择两个。）"
286,An Amazon RDS for PostgreSQL DB cluster has automated backups turned on with a 7-day retention period. A SysOps administrator needs to create a new RDS DB cluster by using data that is no more than 24 hours old from the original DB cluster.  Which solutions will meet these requirements with the LEAST operational overhead? (Choose two.),AC,Identify the most recent automated snapshot. Restore the snapshot to a new RDS DB cluster.,Back up the database to Amazon S3 by using native database backup tools. Create a new RDS DB cluster and restore the data to the new RDS DB cluster.,Create a read replica instance in the original RDS DB cluster. Promote the read replica to a standalone DB cluster.,Create a new RDS DB cluster. Use AWS Database Migration Service (AWS DMS) to migrate data from the current RDS DB cluster to the newly created RDS DB cluster.,Use the pg_dump utility to export data from the original RDS DB cluster to an Amazon EC2 instance. Create a new RDS DB cluster. Use the pg_restore utility to import the data from the EC2 instance to the new RDS DB cluster.,,"一个 Amazon RDS for PostgreSQL DB 集群已经开启了自动备份，保留期为 7 天。  
一个 SysOps 管理员需要使用不超过 24 小时旧的原始 DB 集群中的数据，创建一个新的 RDS DB 集群。  
哪些解决方案可以以最少的操作开销满足这些要求？（选择两个。）","识别 the most recent automated snapshot。  
还原 the snapshot 到 a new RDS DB cluster。",使用原生数据库备份工具将数据库备份到 Amazon S3。创建一个新的 RDS DB 集群并将数据还原到新的 RDS DB 集群。,在原始的 RDS DB 集群中创建一个只读副本实例。将只读副本提升为一个独立的 DB 集群。,创建一个新的 RDS DB 集群。使用 AWS Database Migration Service (AWS DMS) 将数据从当前的 RDS DB 集群迁移到新创建的 RDS DB 集群。,使用 pg_dump 工具将数据从原始 RDS DB 集群导出到 Amazon EC2 实例。创建一个新的 RDS DB 集群。使用 pg_restore 工具将数据从 EC2 实例导入到新的 RDS DB 集群。,nan,"一个 Amazon RDS for PostgreSQL DB 集群已经开启了自动备份，保留期为 7 天。  
一个 SysOps 管理员需要使用不超过 24 小时旧的原始 DB 集群中的数据，创建一个新的 RDS DB 集群。  
哪些解决方案可以以最少的操作开销满足这些要求？（选择两个。）"
287,"A company is managing a website with a global user base hosted on Amazon EC2 with an Application Load Balancer (ALB). To reduce the load on the web servers, a SysOps administrator configures an Amazon CloudFront distribution with the ALB as the origin. After a week of monitoring the solution, the administrator notices that requests are still being served by the ALB and there is no change in the web server load.  What are possible causes for this problem? (Choose two.)",BD,CloudFront does not have the ALB configured as the origin access identity.,The DNS is still pointing to the ALB instead of the CloudFront distribution.,The ALB security group is not permitting inbound traffic from CloudFront.,"The default, minimum, and maximum Time to Live (TTL) are set to 0 seconds on the CloudFront distribution.",The target groups associated with the ALB are configured for sticky sessions.,,"一家公司正在管理一个具有全球用户基础的网站，托管在 Amazon EC2 上，使用 Application Load Balancer (ALB)。为了减少对 web 服务器的负载，一名 SysOps 管理员配置了一个 Amazon CloudFront 分发，将 ALB 作为源。经过一周的监控，管理员注意到请求仍然由 ALB 提供服务，且 web 服务器的负载没有变化。  
可能导致这个问题的原因有哪些？（选择两个。）",CloudFront 不具有 配置为 ALB 作为 源访问身份。,DNS 仍然 指向 指向  ALB  而不是  而不是  CloudFront  分发。,ALB 安全组 不允许 传入 流量 从 CloudFront 。,默认的、最小的、和最大的 Time to Live (TTL) 被设置为 0 秒 在 CloudFront 分发。,与 ALB 相关联的目标组被配置为粘性会话。,nan,"一家公司正在管理一个具有全球用户基础的网站，托管在 Amazon EC2 上，使用 Application Load Balancer (ALB)。  
为了减少对 web 服务器的负载，一名 SysOps 管理员配置了一个 Amazon CloudFront 分发，将 ALB 作为源。  
经过一周的监控，管理员注意到请求仍然由 ALB 提供服务，且 web 服务器的负载没有变化。  
可能导致这个问题的原因有哪些？（选择两个。）"
288,A SysOps administrator needs to configure the Amazon Route 53 hosted zone for example.com and www.example.com to point to an Application Load Balancer (ALB).  Which combination of actions should the SysOps administrator take to meet these requirements? (Choose two.),CD,Configure an A record for example.com to point to the IP address of the ALB.,Configure an A record for www.example.com to point to the IP address of the ALB.,Configure an alias record for example.com to point to the CNAME of the ALB.,Configure an alias record for www.example.com to point to the Route 53 example.com record.,Configure a CNAME record for example.com to point to the CNAME of the ALB.,,"一名 SysOps 管理员需要配置 Amazon Route 53 托管区域为 example.com 和 www.example.com 指向一个 Application Load Balancer (ALB)。  
哪一组合的操作应该 SysOps 管理员采取以满足这些要求？（选择两个。）",为 example.com 配置一个 A 记录 指向 ALB 的 IP 地址。,为 www.example.com 配置一个 A 记录 指向 ALB 的 IP 地址。,为 example.com 配置一个别名记录指向 ALB 的 CNAME。,为 www.example.com 配置一个别名记录指向 Route 53 example.com 记录。,为 example.com 配置一个 CNAME 记录 指向 ALB 的 CNAME。,nan,"一名 SysOps 管理员需要配置 Amazon Route 53 托管区域为 example.com 和 www.example.com 指向一个 Application Load Balancer (ALB)。  
哪一组合的操作应该 SysOps 管理员采取以满足这些要求？（选择两个。）"
289,A company has a hybrid environment. The company has set up an AWS Direct Connect connection between the company's on-premises data center and a workload that runs in a VPC. The company uses Amazon Route 53 for DNS on AWS. The company uses a private hosted zone to manage DNS names for a set of services that are hosted on AWS.  The company wants the on-premises servers to use Route 53 for DNS resolution of the private hosted zone.  Which solution will meet these requirements?,A,Create a Route 53 inbound endpoint. Ensure that security groups and routing allow the traffic from the on-premises data center. Configure the DNS server on the on-premises network to conditionally forward DNS queries for the private hosted zone's domain name to the IP addresses of the inbound endpoint.,Create a Route 53 outbound endpoint. Ensure that security groups and routing allow the traffic from the VPC. Configure the DNS server on the on-premises network to conditionally forward DNS queries for the private hosted zone's domain name to the IP addresses of the outbound endpoint.,"Edit the private hosted zone in Route 53 with a TXT record that references the on-premises DNS servers. Configure the DNS server on the on-premises network to conditionally forward DNS queries for the private hosted zone's domain name to the base of the VPC CIDR IPv4 network range, plus two.","Edit the private hosted zone in Route 53 with a PTR record that references the on-premises DNS servers. Configure the DNS server on the on-premises network to conditionally forward DNS queries for the private hosted zone's domain name to the base of the VPC CIDR IPv4 network range, plus two.",,,"一家公司拥有一个混合环境。  
The company has set up an AWS Direct Connect connection between the company's on-premises data center and a workload that runs in a VPC.  
该公司在AWS上使用Amazon Route 53进行DNS。  
The company uses a private hosted zone to manage DNS names for a set of services that are hosted on AWS.  
该公司希望本地服务器使用Route 53进行私有托管区域的DNS解析。  
The company wants the on-premises servers to use Route 53 for DNS resolution of the private hosted zone.  
哪种解决方案可以满足这些要求？",创建一个 Route 53 inbound endpoint。确保安全组和路由允许来自本地数据中心的流量。配置本地网络上的 DNS 服务器，以有条件地转发私有托管区域的域名的 DNS 查询到 inbound endpoint 的 IP 地址。,创建一个 Route 53 出站端点。确保安全组和路由允许来自 VPC 的流量。配置本地网络上的 DNS 服务器，以有条件地转发私有托管区域的域名的 DNS 查询到出站端点的 IP 地址。,"在 Route 53 中编辑私有托管区域，添加一个引用本地 DNS 服务器的 TXT 记录。  
在本地网络上配置 DNS 服务器，以有条件地转发针对私有托管区域域名的 DNS 查询到 VPC CIDR IPv4 网络范围的基础，加上两个。","在 Route 53 中编辑私有托管区域，添加一个 PTR 记录，引用本地 DNS 服务器。  
在本地网络上配置 DNS 服务器，以有条件地转发针对私有托管区域的域名的 DNS 查询到 VPC CIDR IPv4 网络范围的基础，加上两个。",nan,nan,"一家公司拥有一个混合环境。  
The company has set up an AWS Direct Connect connection between the company's on-premises data center and a workload that runs in a VPC.  
该公司在AWS上使用Amazon Route 53进行DNS。  
The company uses a private hosted zone to manage DNS names for a set of services that are hosted on AWS.  
该公司希望本地服务器使用Route 53进行私有托管区域的DNS解析。  
The company wants the on-premises servers to use Route 53 for DNS resolution of the private hosted zone.  
哪种解决方案可以满足这些要求？"
290,"A SysOps administrator is evaluating Amazon Route 53 DNS options to address concerns about high availability for an on-premises website. The website consists of two servers: a primary active server and a secondary passive server. Route 53 should route traffic to the primary server if the associated health check returns 2xx or 3xx HTTP codes. All other traffic should be directed to the secondary passive server. The failover record type, set ID, and routing policy have been set appropriately for both primary and secondary servers.  Which next step should be taken to configure Route 53?",A,Create an A record for each server. Associate the records with the Route 53 HTTP health check.,Create an A record for each server. Associate the records with the Route 53 TCP health check.,Create an alias record for each server with evaluate target health set to yes. Associate the records with the Route 53 HTTP health check.,Create an alias record for each server with evaluate target health set to yes. Associate the records with the Route 53 TCP health check.,,,"一名 SysOps 管理员正在评估 Amazon Route 53 DNS 选项，以解决关于高可用性的问题，针对一个 on-premises 网站。  
The website 由两个服务器组成：一个 primary active 服务器和一个 secondary passive 服务器。  
Route 53 应该将流量路由到 primary 服务器，如果相关的 health check 返回 2xx 或 3xx HTTP 代码。  
所有其他流量都应该被引导到 secondary passive 服务器。  
failover 记录类型、set ID 和 routing policy 已经为 primary 和 secondary 服务器适当设置。  
哪个下一步应该采取以配置 Route 53？",为每个服务器创建一个 A 记录。将这些记录与 Route 53 HTTP 健康检查关联。,为每个服务器创建一个 A 记录。将这些记录与 Route 53 TCP 健康检查关联。,为每个服务器创建一个别名记录，评估目标健康设置为是。将这些记录与 Route 53 HTTP 健康检查关联。,为每个服务器创建一个别名记录，evaluate target health 设置为 yes。将这些记录与 Route 53 TCP 健康检查关联。,nan,nan,"一名 SysOps 管理员正在评估 Amazon Route 53 DNS 选项，以解决关于高可用性的问题，针对一个 on-premises 网站。  
The website 由两个服务器组成：一个 primary active 服务器和一个 secondary passive 服务器。  
Route 53 应该将流量路由到 primary 服务器，如果相关的 health check 返回 2xx 或 3xx HTTP 代码。  
所有其他流量都应该被引导到 secondary passive 服务器。  
failover 记录类型、set ID 和 routing policy 已经为 primary 和 secondary 服务器适当设置。  
哪个下一步应该采取以配置 Route 53？"
291,"An Amazon EC2 instance is running an application that uses Amazon Simple Queue Service (Amazon SQS) queues. A SysOps administrator must ensure that the application can read, write, and delete messages from the SQS queues.  Which solution will meet these requirements in the MOST secure manner?",D,"Create an IAM user with an IAM policy that allows the sqs:SendMessage permission, the sqs:ReceiveMessage permission, and the sqs:DeleteMessage permission to the appropriate queues. Embed the IAM user's credentials in the application's configuration","Create an IAM user with an IAM policy that allows the sqs:SendMessage permission, the sqs:RecelveMessage permission, and the sqs:DeleteMessage permission to the appropriate queues. Export the IAM user's access key and secret access key as environment variables on the EC2 instance.",Create and associate an IAM role that allows EC2 instances to call AWS services. Attach an IAM policy to the role that allows sqs:* permissions to the appropriate queues.,"Create and associate an IAM role that allows EC2 instances to call AWS services. Attach an IAM policy to the role that allows the sqs:SendMessage permission, the sqs:ReceiveMessage permission, and the sqs:DeleteMessage permission to the appropriate queues.",,,"一个 Amazon EC2 实例正在运行一个使用 Amazon Simple Queue Service (Amazon SQS) 队列的应用程序。  
一个 SysOps 管理员必须确保该应用程序能够从 SQS 队列中读取、写入和删除消息。  
哪种解决方案将以最安全的方式满足这些要求？",创建一个 IAM 用户，具有允许 sqs:SendMessage 权限、sq s:ReceiveMessage 权限和 sqs:DeleteMessage 权限的 IAM 策略，适用于相应的队列。将 IAM 用户的凭证嵌入到应用程序的配置中。,创建一个具有允许 sqs:SendMessage 权限、sq s:RecelveMessage 权限和 sqs:DeleteMessage 权限的 IAM 用户，适当的队列。将 IAM 用户的访问密钥和秘密访问密钥导出为在 EC2 实例上的环境变量。,创建并关联一个 IAM 角色，该角色允许 EC2 实例调用 AWS 服务。附加一个 IAM 政策到该角色，该政策允许 sqs:* 权限到适当的队列。,"创建并关联一个 IAM 角色，该角色允许 EC2 实例调用 AWS 服务。  
将一个 IAM 政策附加到该角色，该政策允许 sqs:SendMessage 权限、sqs:ReceiveMessage 权限，以及 sqs:DeleteMessage 权限到适当的队列。",nan,nan,"一个 Amazon EC2 实例 正在 运行 一个 使用 Amazon Simple Queue Service (Amazon SQS) 队列 的 应用程序。  
一个 SysOps 管理员 必须 确保 该 应用程序 能够 从 SQS 队列 中 读取、写入 和 删除 消息。  
哪 种 解决方案 将 以 最 安全 的 方式 满足 这些 要求？"
292,A SysOps administrator needs to configure an Amazon S3 bucket to host a web application. The SysOps administrator has created the S3 bucket and has copied the static files for the web application to the S3 bucket.  The company has a policy that all $3 buckets must not be public.  What should the SysOps administrator do to meet these requirements?,A,Create an Amazon CloudFront distribution. Configure the S3 bucket as an origin with an origin access identity (OAI). Give the OAI the s3:GetObject permission in the S3 bucket policy.,Configure static website hosting in the S3 bucket. Use Amazon Route 53 to create a DNS CNAME to point to the S3 website endpoint.,Create an Application Load Balancer (ALB). Change the protocol to HTTPS in the ALB listener configuration. Forward the traffic to the S3 bucket.,Create an accelerator in AWS Global Accelerator. Set up a listener configuration for port 443. Set the endpoint type to forward the traffic to the S3 bucket.,,,"一名 SysOps 管理员需要配置一个 Amazon S3 bucket 来托管一个 web application。  
这名 SysOps 管理员已经创建了 S3 bucket 并且已经复制了 web application 的静态文件到 S3 bucket。  
这家公司有一项政策，所有的 $3 buckets 必须不能是 public。  
SysOps 管理员应该做什么以满足这些要求？",创建一个 Amazon CloudFront 分发。配置 S3 桶作为源，带有一个源访问身份（OAI）。给予 OAI 在 S3 桶策略中 s3:GetObject 的权限。,在 S3 bucket 中配置静态网站托管。使用 Amazon Route 53 创建一个 DNS CNAME 指向 S3 网站端点。,创建一个 Application Load Balancer (ALB)。将协议在 ALB 监听器配置中更改为 HTTPS。将流量转发到 S3 bucket。,在 AWS Global Accelerator 中创建一个加速器。设置监听器配置以端口 443。将端点类型设置为将流量转发到 S3 bucket。,nan,nan,"一名 SysOps 管理员 需要 配置 一个 Amazon S3 bucket 来 托管 一个 web application 。  
这名 SysOps 管理员 已经 创建 了 S3 bucket 并且 已经 复制 了 web application 的 静态文件 到 S3 bucket 。  
这家公司 有 一项 政策 ， 所有 的 $3 buckets 必须 不能 是 public 。  
SysOps 管理员 应该 做 什么 以 满足 这些 要求 ？"
293,A company is building a web application on AWS. The company is using Amazon CloudFront with a domain name of www.example.com. All traffic to CloudFront must be encrypted in transit. The company already has provisioned an SSL certificate for www.example.com in AWS Certificate Manager (ACM).  Which combination of steps should a SysOps administrator take to encrypt the traffic in transit? (Choose two.),AC,"For each cache behavior in the CloudFront distribution, modify the Viewer Protocol Policy setting to redirect HTTP to HTTPS.","For each cache behavior in the CloudFront distribution, modify the Viewer Protocol Policy setting to allow HTTP and HTTPS.",Enter the alternate domain name (CNAME) of www.example.com for the CloudFront distribution. Select the custom SSL certificate.,Configure an AWS WAF web ACL for the CloudFront distribution.,Configure CloudFront Origin Shield for the CloudFront origin.,,"一家公司正在AWS上构建一个Web应用程序。  
The company is using Amazon CloudFront with a domain name of www.example.com.  
所有到CloudFront的流量都必须在传输中加密。  
All traffic to CloudFront must be encrypted in transit.  
该公司已经在AWS Certificate Manager (ACM)中为www.example.com预配了一个SSL证书。  
The company already has provisioned an SSL certificate for www.example.com in AWS Certificate Manager (ACM).  
SysOps管理员应采取哪些步骤组合以在传输中加密流量？（选择两个。）  
Which combination of steps should a SysOps administrator take to encrypt the traffic in transit? (Choose two.)",对于每个 cache behavior 在 CloudFront distribution 中，修改 Viewer Protocol Policy 设置为重定向 HTTP 到 HTTPS。,对于每个 cache behavior 在 CloudFront distribution 中，修改 Viewer Protocol Policy 设置以允许 HTTP 和 HTTPS。,输入 CloudFront 分发的 www.example.com 的备用域名（CNAME）。 选择自定义 SSL 证书。,为 CloudFront 分发配置一个 AWS WAF web ACL。,为 CloudFront 源配置 CloudFront Origin Shield。,nan,"一家公司正在AWS上构建一个Web应用程序。  
The company is using Amazon CloudFront with a domain name of www.example.com.  
所有到CloudFront的流量都必须在传输中加密。  
All traffic to CloudFront must be encrypted in transit.  
该公司已经在AWS Certificate Manager (ACM)中为www.example.com预配了一个SSL证书。  
The company already has provisioned an SSL certificate for www.example.com in AWS Certificate Manager (ACM).  
SysOps管理员应采取哪些步骤组合以在传输中加密流量？（选择两个。）  
Which combination of steps should a SysOps administrator take to encrypt the traffic in transit? (Choose two.)"
294,A company runs an application on hundreds of Amazon EC2 instances in three Availability Zones. The application calls a third-party API over the public internet. A SysOps administrator must provide the third party with a list of static IP addresses so that the third party can allow traffic from the application.  Which solution will meet these requirements?,A,Add a NAT gateway in the public subnet of each Availability Zone. Make the NAT gateway the default route of all private subnets in those Availability Zones.,Allocate one Elastic IP address in each Availability Zone. Associate the Elastic IP address with all the instances in the Availability Zone.,Place the instances behind a Network Load Balancer (NLB). Send the traffic to the internet through the private IP address of the NLB.,Update the main route table to send the traffic to the internet through an Elastic IP address that is assigned to each instance.,,,"一家公司在三个可用区中运行一个应用程序，使用数百个 Amazon EC2 实例。  
该应用程序通过公共互联网调用第三方 API。  
一名 SysOps 管理员必须向第三方提供一份静态 IP 地址列表，以便第三方可以允许来自该应用程序的流量。  
哪种解决方案可以满足这些要求？",在每个 Availability Zone 的公共子网中添加一个 NAT gateway。 让 NAT gateway 成为那些 Availability Zone 中所有私有子网的默认路由。,"在每个可用区分配一个 Elastic IP 地址。  
将 Elastic IP 地址与该可用区中的所有实例关联。","将实例放置在 Network Load Balancer (NLB) 后面。  
通过 NLB 的私有 IP 地址将流量发送到互联网。",更新 主要 路由表 以 发送 流量 到 互联网 通过 一个 Elastic IP 地址 那是 分配 给 每 一个 实例。,nan,nan,"一家公司在三个可用区中运行一个应用程序，使用数百个 Amazon EC2 实例。  
该应用程序通过公共互联网调用第三方 API。  
一名 SysOps 管理员必须向第三方提供一份静态 IP 地址列表，以便第三方可以允许来自该应用程序的流量。  
哪种解决方案可以满足这些要求？"
295,A company manages its multi-account environment by using AWS Organizations. The company needs to automate the creation of daily incremental backups of any Amazon Elastic Block Store (Amazon EBS) volume that is marked with a Lifecycle: Production tag in one of its primary AWS accounts.  The company wants to prevent users from using Amazon EC2 * permissions to delete any of these production snapshots.  What should a SysOps administrator do to meet these requirements?,C,Create a daily snapshot of all EBS volumes by using Amazon Data Lifecycle Manager. Specify Lifecycle as the tag key. Specify Production as the tag value.,Associate a service control policy (SCP) with the account to deny users the ability to delete EBS snapshots. Create an Amazon EventBridge rule with a 24-hour cron schedule. Configure EBS Create Snapshot as the target. Target all EBS volumes with the specified tags.,Create a daily snapshot of all EBS volumes by using AWS Backup. Specify Lifecycle as the tag key. Specify Production as the tag value.,Create a daily Amazon Machine Image (AMI) of every production EC2 instance within the AWS account by using Amazon Data Lifecycle Manager.,,,"一家公司通过使用 AWS Organizations 管理其多账户环境。  
该公司需要自动化创建每日增量备份，针对任何标记有 Lifecycle: Production 标签的 Amazon Elastic Block Store (Amazon EBS) 卷，在其主要的 AWS 账户之一中。  
该公司希望防止用户使用 Amazon EC2 * 权限删除任何这些生产快照。  
SysOps 管理员应该做什么以满足这些要求？",使用 Amazon Data Lifecycle Manager 创建所有 EBS 卷的每日快照。 指定 Lifecycle 作为标签键。 指定 Production 作为标签值。,将服务控制策略（SCP）与账户关联，以拒绝用户删除 EBS snapshots 的能力。创建一个具有 24 小时 cron 调度的 Amazon EventBridge 规则。将 EBS Create Snapshot 配置为目标。针对所有带有指定标签的 EBS 卷。,使用 AWS Backup 创建所有 EBS 卷的每日快照。 指定 Lifecycle 作为标签键。 指定 Production 作为标签值。,使用 Amazon Data Lifecycle Manager 创建每个 AWS 账户内所有生产 EC2 实例的每日 Amazon Machine Image (AMI)。,nan,nan,"一家公司通过使用 AWS Organizations 管理其多账户环境。  
该公司需要自动化创建每日增量备份，针对任何标记有 Lifecycle: Production 标签的 Amazon Elastic Block Store (Amazon EBS) 卷，在其主要的 AWS 账户之一中。  
该公司希望防止用户使用 Amazon EC2 * 权限删除任何这些生产快照。  
SysOps 管理员应该做什么以满足这些要求？"
296,A company hosts a Windows-based file server on a fleet of Amazon EC2 instances across multiple Availability Zones. The current setup does not allow application servers to access files simultaneously from the EC2 fleet.  Which solution will allow this access in the MOST operationally efficient way?,B,Create an Amazon Elastic File System (Amazon EFS) Multi-AZ file system. Copy the files to the EFS file system. Connect the EFS file system to mount points on the application servers.,Create an Amazon FSx for Windows File Server Multi-AZ file system. Copy the files to the Amazon FSx file system. Adjust the connections from the application servers to use the share that the Amazon FSx file system exposes.,Create an Amazon Elastic Block Store (Amazon EBS) volume that has EBS Multi-Attach enabled. Create an Auto Scaling group for the Windows file server. Use a script in the file server's user data to attach the SharedFileAccess tag to the EBS volume during launch.,Create two Amazon FSx for Windows File Server file systems. Configure Distributed File System (DFS) replication between the file systems. Copy the files to the Amazon FSx file systems. Adjust the connections from the application servers to use the shares that the Amazon FSx file systems expose.,,,"一家公司在多个可用区的 Amazon EC2 实例队列上托管一个基于 Windows 的文件服务器。  
当前的设置不允许应用程序服务器同时从 EC2 队列访问文件。  
哪种解决方案将以最具操作效率的方式允许这种访问？","创建一个 Amazon Elastic File System (Amazon EFS) 多可用区 (Multi-AZ) 文件系统。  
将文件复制到 EFS 文件系统。  
将 EFS 文件系统连接到应用程序服务器上的挂载点。","创建一个 Amazon FSx for Windows File Server 多可用区（Multi-AZ）文件系统。  
将文件复制到 Amazon FSx 文件系统。  
调整应用程序服务器的连接以使用 Amazon FSx 文件系统暴露的共享。",创建一个 Amazon Elastic Block Store (Amazon EBS) 卷，启用 EBS Multi-Attach。为 Windows 文件服务器创建一个 Auto Scaling 组。在文件服务器的用户数据中使用脚本，在启动期间将 SharedFileAccess 标签附加到 EBS 卷。,创建两个 Amazon FSx for Windows File Server 文件系统。配置 Distributed File System (DFS) 复制在文件系统之间。复制文件到 Amazon FSx 文件系统。调整来自应用程序服务器的连接以使用 Amazon FSx 文件系统暴露的共享。,nan,nan,"一家公司在多个可用区的 Amazon EC2 实例队列上托管一个基于 Windows 的文件服务器。  
Current 的设置不允许应用程序服务器同时从 EC2 队列访问文件。  
哪种解决方案将以最具操作效率的方式允许这种访问？"
297,A company has deployed an application on Amazon EC2 instances in a single VPC. The company has placed the EC2 instances in a private subnet in the VPC.  The EC2 instances need access to Amazon S3 buckets that are in the same AWS Region as the EC2 instances. A SysOps administrator must provide the EC2 instances with access to the S3 buckets without requiring any changes to the EC2 instances or the application. The EC2 instances must not have access to the internet.  Which solution will meet these requirements?,A,Create an S3 gateway endpoint that uses the default gateway endpoint policy. Associate the private subnet with the gateway endpoint.,Create an S3 interface endpoint. Associate the EC2 instances with the interface endpoint.,Configure a NAT gateway. Associate the private subnet with the NAT gateway.,Configure a proxy EC2 instance. Update the private subnet route tables to route traffic through the proxy EC2 instance. Configure the proxy to route all S3 requests to the target S3 bucket.,,,"一家公司在单个 VPC 中的 Amazon EC2 实例上部署了一个应用程序。  
该公司已将 EC2 实例放置在 VPC 中的私有子网中。  
EC2 实例需要访问与 EC2 实例位于同一 AWS 区域的 Amazon S3 桶。  
一名 SysOps 管理员必须为 EC2 实例提供对 S3 桶的访问，而无需对 EC2 实例或应用程序进行任何更改。  
EC2 实例不得访问互联网。  
哪种解决方案可以满足这些要求？",创建一个 S3 gateway endpoint，该使用默认的 gateway endpoint policy。关联 private subnet 与 gateway endpoint。,创建一个 S3 接口端点。将 EC2 实例与接口端点关联。,配置一个 NAT gateway。将私有子网与 NAT gateway 关联。,配置一个代理 EC2 实例。更新私有子网路由表以通过代理 EC2 实例路由流量。配置代理以将所有 S3 请求路由到目标 S3 存储桶。,nan,nan,"一家公司在单个 VPC 中的 Amazon EC2 实例上部署了一个应用程序。  
该公司已将 EC2 实例放置在 VPC 中的私有子网中。  
EC2 实例需要访问与 EC2 实例位于同一 AWS 区域的 Amazon S3 桶。  
一名 SysOps 管理员必须为 EC2 实例提供对 S3 桶的访问，而无需对 EC2 实例或应用程序进行任何更改。  
EC2 实例不得访问互联网。  
哪种解决方案可以满足这些要求？"
298,"A SysOps administrator manages the caching of an Amazon CloudFront distribution that serves pages of a website, The SysOps administrator needs to configure the distribution so that the TTL of individual pages can vary. The TTL of the individual pages must remain within the maximum TLL and the minimum TTL that are set for the distribution.  Which solution will meet these requirements?",B,Create an AWS Lambda function that calls the Createlnvalidation API operation when a change in cache time is necessary.,Add a Cache-Control: max-age directive to the object at the origin when content is being returned to CloudFront.,Add a no-cache header through a Lambda@Edge function in response to the Viewer response.,Add.an Expires header through a CloudFront function in response to the Viewer response.,,,"一名 SysOps 管理员管理一个 Amazon CloudFront 分发的缓存，该分发服务于一个网站的页面，  
The SysOps administrator 需要配置该分发，使得单个页面的 TTL 可以变化，  
The TTL of the individual pages 必须保持在为该分发设置的最大 TTL 和最小 TTL 之间，  
哪种解决方案可以满足这些要求？",创建一个 AWS Lambda 函数，该函数在需要更改缓存时间时调用 Createlnvalidation API 操作。,当内容被返回到 CloudFront 时，在源头的对象上添加一个 Cache-Control: max-age 指令。,通过在 Viewer response 中的 Lambda@Edge 函数添加 no-cache 头部。,通过 CloudFront 函数在 Viewer 响应中添加 Expires 头。,nan,nan,"一名 SysOps 管理员 管理 一个 Amazon CloudFront 分发 的 缓存 ， 该 分发 服务于 一个 网站 的 页面 ，  
The SysOps administrator 需要 配置 该 分发 ， 使得 单个 页面 的 TTL 可以 变化 ，  
The TTL of the individual pages 必须 保持 在 为 该 分发 设置 的 最大 TTL 和 最小 TTL 之间 ，  
哪 种 解决方案 可以 满足 这些 要求 ？"
299,A company has a public web application that experiences rapid traffic increases after advertisements appear on local television. The application runs on Amazon EC2 instances that are in an Auto Scaling group. The Auto Scaling group is not keeping up with the traffic surges after an advertisement runs. The company often needs to scale out to 100 EC2 instances during the traffic surges.  The instance startup times are lengthy because of a boot process that creates machine-specific data caches that are unique to each instance. The exact timing of when the advertisements will appear on television is not known. A SysOps administrator must implement a solution so that the application can function properly during the traffic surges.  Which solution will meet these requirements?,A,Create e warm pool. Keep enough instances in the Stopped state to meet the increased demand.,Start 100 instances. Allow the boot process to finish running. Store this data on the instance store volume before stopping the instances.,Increase the value of the instance warmup time in the scaling policy,Use predictive scaling for the Auto Scaling group.,,,"一家公司有一个公共 web 应用程序，经历快速流量增加在广告出现在 local television 后。  
The application runs on Amazon EC2 instances that are in an Auto Scaling group.  
该应用程序在 Amazon EC2 实例上运行，这些实例在一个 Auto Scaling group 中。  
The Auto Scaling group is not keeping up with the traffic surges after an advertisement runs.  
Auto Scaling group 没有跟上广告运行后流量的激增。  
The company often needs to scale out to 100 EC2 instances during the traffic surges.  
公司在流量激增期间经常需要扩展到 100 个 EC2 实例。  
The instance startup times are lengthy because of a boot process that creates machine-specific data caches that are unique to each instance.  
实例启动时间很长，因为启动过程会创建机器特定的数据缓存，这些缓存对每个实例都是唯一的。  
The exact timing of when the advertisements will appear on television is not known.  
广告何时出现在电视上的确切时间未知。  
A SysOps administrator must implement a solution so that the application can function properly during the traffic surges.  
SysOps 管理员必须实施一个解决方案，以便应用程序在流量激增期间能够正常运行。  
Which solution will meet these requirements?",创建一个 warm pool。保持足够的实例处于 Stopped 状态以满足增加的需求。,启动 100 个实例。允许 启动 过程 完成 运行。在 停止 这些 实例 之前，将 这些 数据 存储 在 实例存储卷 上。,在扩展策略中增加实例预热时间的值,对 Auto Scaling 组使用预测性扩展。,nan,nan,"一家公司有一个公共 web 应用程序，经历快速流量增加在广告出现在 local television 后。  
The application runs on Amazon EC2 instances that are in an Auto Scaling group.  
该应用程序在 Amazon EC2 实例上运行，这些实例在一个 Auto Scaling group 中。  
The Auto Scaling group is not keeping up with the traffic surges after an advertisement runs.  
Auto Scaling group 没有跟上广告运行后流量的激增。  
The company often needs to scale out to 100 EC2 instances during the traffic surges.  
公司在流量激增期间经常需要扩展到 100 个 EC2 实例。  
The instance startup times are lengthy because of a boot process that creates machine-specific data caches that are unique to each instance.  
实例启动时间很长，因为启动过程会创建机器特定的数据缓存，这些缓存对每个实例都是唯一的。  
The exact timing of when the advertisements will appear on television is not known.  
广告何时出现在电视上的确切时间未知。  
A SysOps administrator must implement a solution so that the application can function properly during the traffic surges.  
SysOps 管理员必须实施一个解决方案，以便应用程序在流量激增期间能够正常运行。  
Which solution will meet these requirements?"
300,A company hosts an internal application on Amazon EC2 On-Demand Instances behind an Application Load Balancer (ALB). The instances are in an Amazon EC2 Auto Scaling group. Employees use the application to provide product prices to potential customers. The Auto Scaling group is configured with a dynamic scaling policy and tracks average CPU utilization of the instances.  Employees have noticed that sometimes the application becomes slow or unresponsive. A SysOps administrator finds that some instances are experiencing a high CPU load. The Auto Scaling group cannot scale out because the company is reaching the EC2 instance service quota.  The SysOps administrator needs to implement a solution that provides a notification when the company reaches 70% or more of the EC2 instance service quota.  Which solution will meet these requirements in the MOST operationally efficient manner?,C,"Create an AWS Lambda function that lists the EC2 instances, counts the EC2 instances, and compares the total number against the applied quota value by using the Service Quotas API. Configure the Lambda function to publish an Amazon Simple Notification Service (Amazon SNS) notification if the quota utilization is equal to or greater than 70%. Create an Amazon EventBridge rule to invoke the Lambda function.","Create an AWS Lambda function that lists the EC2 instances, counts the EC2 instances, and compares the total number against the applied quota value by using the Amazon CloudWatch Metrics API. Configure the Lambda function to publish an Amazon Simple Notification Service (Amazon SNS) notification if the quota utilization is equal to or greater than 70%. Create an Amazon EventBridge rule to invoke the Lambda function.",Use the Service Quotas console to create an Amazon CloudWatch alarm for the EC2 instances. Configure the alarm with quota utilization equal to or greater than 70%. Configure the alarm to publish an Amazon Simple Notification Service (Amazon SNS) notification when the alarm enters ALARM state.,Create an Amazon CloudWatch alarm. Configure the alarm with a threshold of 70% for the CPUUtilization metric for the EC2 instances. Configure the alarm to publish an Amazon Simple Notification Service (Amazon SNS) notification when the alarm enters ALARM state.,,,"一家公司在 Amazon EC2 On-Demand Instances 上托管一个内部应用程序，位于一个 Application Load Balancer (ALB) 后面。  
The instances are in an Amazon EC2 Auto Scaling group.  
员工使用该应用程序向潜在客户提供产品价格。  
The Auto Scaling group is configured with a dynamic scaling policy and tracks average CPU utilization of the instances.  
员工注意到有时应用程序变得缓慢或无响应。  
A SysOps administrator finds that some instances are experiencing a high CPU load.  
The Auto Scaling group cannot scale out because the company is reaching the EC2 instance service quota.  
SysOps 管理员需要实现一个解决方案，当公司达到 EC2 实例服务配额的 70% 或更多时提供通知。  
Which solution will meet these requirements in the MOST operationally efficient manner?","创建一个 AWS Lambda 函数，该函数列出 EC2 实例，统计 EC2 实例的数量，并通过使用 Service Quotas API 将总数与已应用的配额值进行比较。  
配置该 Lambda 函数以在配额利用率等于或大于 70% 时发布一个 Amazon Simple Notification Service (Amazon SNS) 通知。  
创建一个 Amazon EventBridge 规则以调用该 Lambda 函数。","创建一个 AWS Lambda 函数，该函数列出 EC2 实例，统计 EC2 实例的数量，并通过使用 Amazon CloudWatch Metrics API 将总数与已应用的配额值进行比较。  
配置该 Lambda 函数以在配额利用率等于或大于 70% 时发布一个 Amazon Simple Notification Service (Amazon SNS) 通知。  
创建一个 Amazon EventBridge 规则以调用该 Lambda 函数。","使用 Service Quotas 控制台为 EC2 实例创建一个 Amazon CloudWatch 警报。  
配置该警报，使配额利用率等于或大于 70%。  
配置该警报，在进入 ALARM 状态时发布一个 Amazon Simple Notification Service (Amazon SNS) 通知。",创建一个 Amazon CloudWatch 警报。配置该警报，阈值为 70% ，用于 EC2 实例的 CPUUtilization 指标。配置该警报，在进入 ALARM 状态时发布一个 Amazon Simple Notification Service (Amazon SNS) 通知。,nan,nan,"一家公司在 Amazon EC2 On-Demand Instances 上托管一个内部应用程序，位于一个 Application Load Balancer (ALB) 后面。  
The instances are in an Amazon EC2 Auto Scaling group.  
员工使用该应用程序向潜在客户提供产品价格。  
The Auto Scaling group is configured with a dynamic scaling policy and tracks average CPU utilization of the instances.  
员工注意到有时应用程序变得缓慢或无响应。  
A SysOps administrator finds that some instances are experiencing a high CPU load.  
The Auto Scaling group cannot scale out because the company is reaching the EC2 instance service quota.  
SysOps 管理员需要实现一个解决方案，当公司达到 EC2 实例服务配额的 70% 或更多时提供通知。  
Which solution will meet these requirements in the MOST operationally efficient manner?"
301,A SysOps administrator needs to update an AWS account name.  What should the SysOps administrator do to accomplish this goal?,D,Add the AdministratorAccess policy to the SysOps administrator's IAM user.,Add the AWS_ConfigureRole policy to the SysOps administrator's IAM user.,Change the AWS account name through the AWS Trusted Advisor interface.,Sign in as the AWS account root user to make the change.,,,一名 SysOps 管理员 需要 更新 一个 AWS 账户 名称。 他们 应该 做 什么 来 完成 这个 目标？,将 AdministratorAccess 策略添加到 SysOps 管理员的 IAM 用户。,将 AWS_ConfigureRole 策略添加到 SysOps 管理员的 IAM 用户。,通过 AWS Trusted Advisor 界面 更改 AWS 账户 名称 。,以 AWS 账户 root 用户身份登录以进行更改。,nan,nan,一名 SysOps 管理员 需要 更新 一个 AWS 账户 名称。 他们 应该 做 什么 来 完成 这个 目标？
302,"A team of developers is using several Amazon S3 buckets as centralized repositories. Users across the world upload large sets of files to these repositories. The development team's applications later process these files.  A SysOps administrator sets up a new S3 bucket, DOC-EXAMPLE-BUCKET, to support a new workload, The rew S3 bucket also receives regular uploads cf large sets of files from users worldwide. When the new S3 bucket is put into production, the upload performance from certain geographic areas is lower than the upload performance that the existing $3 buckets provide  What should the SysOps administrator do to remediate this issue?",C,Provision an Amazon ElastiCache for Redis cluster for the new S3 bucket. Provide the developers with the configuration endpoint of the cluster for use in their API calls,Add the new S3 bucket to a new Amazon CloudFront distribution. Provide the developers with the domain name of the new distribution for use in their API calls.,Enable S3 Transfer Acceleration for the new S3 bucket. Verify that the developers are using the DOC-EXAMPLE-BUCKET.s3-accelerate.amazonaws.com endpoint name in their API calls.,"Use S3 multipart upload for the new S3 bucket. Verify that the developers are using Region-specific S3 endpoint names such as DOC-EXAMPLE-BUCKETS3, [Region] amazonaws.com in their API calls.",,,一支开发人员团队正在使用多个 Amazon S3 buckets 作为集中式存储库。用户遍布全球上传大量文件到这些存储库。开发团队的应用程序随后处理这些文件。  一名 SysOps 管理员设置了一个新的 S3 bucket，DOC-EXAMPLE-BUCKET，以支持一个新的工作负载，The rew S3 bucket 也接收来自全球用户的定期上传大量文件。 当新的 S3 bucket 投入生产时，来自某些地理区域的上传性能低于现有的 $3 buckets 提供的上传性能。  SysOps 管理员应该采取什么措施来解决这个问题？,为新的 S3 存储桶提供一个 Amazon ElastiCache for Redis 集群。为开发人员提供该集群的配置端点，以便在他们的 API 调用中使用。,将新的 S3 bucket 添加到 一个新的 Amazon CloudFront distribution 中。 为开发者 提供 新的 distribution 的 域名 以 用于 他们 的 API 调用。,为新的 S3 bucket 启用 S3 Transfer Acceleration。验证开发人员在他们的 API 调用中是否使用了 DOC-EXAMPLE-BUCKET.s3-accelerate.amazonaws.com 端点名称。,对新建的 S3 桶使用 S3 multipart upload。验证开发者是否在他们的 API 调用中使用区域特定的 S3 端点名称，例如 DOC-EXAMPLE-BUCKETS3， [Region] amazonaws.com。,nan,nan,"一支开发人员团队正在使用多个 Amazon S3 buckets 作为集中式存储库。  
用户遍布全球上传大量文件到这些存储库。  
开发团队的应用程序随后处理这些文件。  
一名 SysOps 管理员设置了一个新的 S3 bucket，DOC-EXAMPLE-BUCKET，以支持一个新的工作负载，  
The rew S3 bucket 也接收来自全球用户的定期上传大量文件。  
当新的 S3 bucket 投入生产时，来自某些地理区域的上传性能低于现有的 $3 buckets 提供的上传性能。  
SysOps 管理员应该采取什么措施来解决这个问题？"
303,A SysOps administrator wants to use AWS Systems Manager Patch Manager to automate the process of patching Amazon EC2 Windows instances. The SysOps administrator wants to ensure that patches are auto-approved 2 days after the release date for development instances. Patches also must be auto-approved 5 days after the release date for production instances. Maintenance must occur only during a 2-hour window for all instances.  Which solution will meet these requirements?,B,"Use tags to identify development instances and production instances. In Patch Manager, create two patch groups and one patch baseline. Add an auto-approval delay to each patch group. Create a single maintenance window.","Use tags to identify development instances and production instances. In Patch Manager, create two patch groups and two patch baselines. Specify an auto-approval delay in each of the patch baselines. Create a single maintenance window.","Use tags to identity development instances and production instances. In Patch Manager, create two patch groups and one patch baseline, Create two separate maintenance windows, each with an auto-approval delay.","Use tags to identify development instances. In Patch Manager, create one patch group and one patch baseline. Specify auto-approval delays in the patch baseline, Add development instances to the new patch group. Use predefined Patch Manager patch baselines for all remaining instances. Create a single maintenance window.",,,"一名 SysOps 管理员想要使用 AWS Systems Manager Patch Manager 来自动化修补 Amazon EC2 Windows 实例的过程。  
The SysOps administrator 想要确保补丁在发布日期后 2 天自动批准，用于开发实例。  
Patches 也必须在发布日期后 5 天自动批准，用于生产实例。  
维护必须只在所有实例的 2 小时窗口内进行。  
哪种解决方案可以满足这些要求？",使用标签来识别 development 实例和 production 实例。 在 Patch Manager 中，创建两个 patch groups 和一个 patch baseline。 添加一个自动批准延迟到每个 patch group。 创建一个单一的 maintenance window。,使用标签来识别开发实例和生产实例。 在 Patch Manager 中，创建两个 patch groups 和两个 patch baselines。 在每个 patch baselines 中指定一个自动批准延迟。 创建一个单一的 maintenance window。,使用标签来识别开发实例和生产实例。 在 Patch Manager 中，创建两个补丁组和一个补丁基线， 创建两个单独的维护窗口，每个都具有自动批准延迟。,使用标签来识别开发实例。 在 Patch Manager 中，创建一个 patch group 和一个 patch baseline。 指定在 patch baseline 中的自动批准延迟， 将开发实例添加到新的 patch group。 使用预定义的 Patch Manager patch baselines 来管理所有剩余的实例。 创建一个单一的维护窗口。,nan,nan,"一名 SysOps 管理员 想要使用 AWS Systems Manager Patch Manager 来自动化修补 Amazon EC2 Windows 实例的过程。  
The SysOps administrator 想要确保补丁在发布日期后 2 天自动批准，用于开发实例。  
Patches 也必须在发布日期后 5 天自动批准，用于生产实例。  
维护必须只在所有实例的 2 小时窗口内进行。  
哪种解决方案可以满足这些要求？"
304,"A SysOps administrator must analyze Amazon CloudWatch logs across 10 AWS Lambda functions for historical errors. The logs are in JSON format and are stored in Amazon S3. Errors sometimes do not appear in the same field, but all errors begin with the same string prefix.  What is the MOST operationally efficient way for the SysOps administrator to analyze the log files?",B,Use S3 Select to write a query to search for errors. Run the query across all log groups of interest.,Create an AWS Glue processing job to index the logs of interest. Run a query in Amazon Athena to search for errors.,Use Amazon CloudWatch Logs Insights to write a query to search for errors. Run the query across all log groups of interest.,Use Amazon CloudWatch Contributor Insights to create a rule. Apply the rule across all log groups of interest.,,,"一名 SysOps 管理员必须分析 Amazon CloudWatch logs 跨越 10 个 AWS Lambda functions 的历史错误。  
这些 logs 是 JSON 格式，并且存储在 Amazon S3 中。  
错误有时不会出现在相同的字段中，但所有错误都以相同的字符串前缀开始。  
什么是最具操作效率的方式，让 SysOps 管理员分析 log 文件？",使用 S3 Select 编写一个查询以搜索错误。 在所有感兴趣的日志组中运行该查询。,"创建一个 AWS Glue 处理作业以索引感兴趣的日志。  
在 Amazon Athena 中运行一个查询以搜索错误。",使用 Amazon CloudWatch Logs Insights 来编写查询以搜索错误。 在所有感兴趣的日志组中运行该查询。,使用 Amazon CloudWatch Contributor Insights 来创建一条规则。应用该规则到所有感兴趣的日志组。,nan,nan,"一名 SysOps 管理员必须分析 Amazon CloudWatch logs 跨越 10 个 AWS Lambda functions 的历史错误。  
这些 logs 是 JSON 格式，并且存储在 Amazon S3 中。  
错误有时不会出现在相同的字段中，但所有错误都以相同的字符串前缀开始。  
什么是最具操作效率的方式，让 SysOps 管理员分析 log 文件？"
305,"A company has a policy that all Amazon EC2 instance logs must be published to Amazon CloudWatch Logs. A SysOps administrator is troubleshooting an EC2 instance that is running Amazon Linux 2. The EC2 instance is not publishing logs to CloudWatch Logs. The Amazon CloudWatch agent is running on the EC2 instance, and the agent configuration file is correct.  What should the SysOps administrator do to resolve the issue?",D,Configure the AWS CLI on the EC2 instance. Create a cron job that calls the PutLogEvents API operation to push the log files to CloudWatch every 5 minutes.,Inspect the retention period of the CloudWatch Logs log group. Ensure that the retention period is set to a value that is greater than 1 day.,Set up an Amazon Kinesis data stream that is running in the same AWS Region as the EC2 instance. Configure the CloudWatch agent on the EC2 instance to send CloudWatch events to the data stream.,"Ensure that the IAM role that is attached to the EC2 instance has permissions in CloudWatch Logs for the CreateLogGroup, CreateLogStream, PutLogEvents, and DescribeLogStreams actions.",,,一家公司有一项政策，所有 Amazon EC2 实例日志必须发布到 Amazon CloudWatch Logs。 一名 SysOps 管理员正在排查一台运行 Amazon Linux 2 的 EC2 实例。 这台 EC2 实例没有将日志发布到 CloudWatch Logs。 Amazon CloudWatch agent 正在 EC2 实例上运行，且 agent 配置文件是正确的。  管理员应该做什么以解决这个问题？,在 EC2 实例上配置 AWS CLI。 创建一个 cron 任务，调用 PutLogEvents API 操作，将日志文件每 5 分钟推送到 CloudWatch。,检查 CloudWatch Logs 日志组的保留期。确保保留期设置为大于 1 天的值。,建立一个 Amazon Kinesis data stream，该数据流在与 EC2 实例相同的 AWS Region 中运行。配置在 EC2 实例上的 CloudWatch agent，以将 CloudWatch 事件发送到该数据流。,确保附加到 EC2 实例的 IAM 角色在 CloudWatch Logs 中具有 CreateLogGroup、CreateLogStream、PutLogEvents 和 DescribeLogStreams 操作的权限。,nan,nan,"一家公司有一项政策，所有 Amazon EC2 实例日志必须发布到 Amazon CloudWatch Logs。  
一名 SysOps 管理员正在排查一台运行 Amazon Linux 2 的 EC2 实例。  
这台 EC2 实例没有将日志发布到 CloudWatch Logs。  
Amazon CloudWatch agent 正在 EC2 实例上运行，且 agent 配置文件是正确的。  
管理员应该做什么以解决这个问题？"
306,A company runs a workload on an Amazon EC2 instance. The workload needs a temporary cache that contains data that changes frequently. The workload does not need to retain the cache across instance restarts.  Which storage option will provide the HIGHEST performance for the cache?,D,General Purpose SSD (gp3) Amazon Elastic Block Store (Amazon EBS) volume,Provisioned IOPS SSD (io2) Amazon Elastic Block Store (Amazon EBS) volume,Throughput Optimized HDD (st1) Amazon Elastic Block Store (Amazon EBS) volume,EC2 instance store,,,"一家公司在 Amazon EC2 实例上运行一个工作负载。  
该工作负载需要一个包含频繁变化数据的临时缓存。  
该工作负载不需要在实例重启之间保留缓存。  
哪种存储选项将为缓存提供最高性能？",通用目的 SSD (gp3) Amazon Elastic Block Store (Amazon EBS) 卷,Provisioned IOPS SSD (io2) Amazon Elastic Block Store (Amazon EBS) 卷,吞吐量优化 HDD (st1) Amazon Elastic Block Store (Amazon EBS) 卷,EC2 实例存储,nan,nan,"一家公司在 Amazon EC2 实例上运行一个工作负载。  
The company runs a workload on Amazon EC2 instances.  
该工作负载需要一个包含频繁变化数据的临时缓存。  
This workload requires a temporary cache containing frequently changing data.  
该工作负载不需要在实例重启之间保留缓存。  
This workload does not need to retain the cache between instance reboots.  
哪种存储选项将为缓存提供最高性能？  
Which storage option will provide the highest performance for the cache?"
307,A company runs multiple workloads across an organization in AWS Organizations. The company's finance team needs detailed dashboards to track cost changes and provide detailed cost metrics. The finance team needs to track trends as granular as every hour.  What should a SysOps administrator do to meet these requirements in the MOST operationally efficient way?,B,Generate Amazon CloudWatch dashboards by using CloudWatch insights and AWS Cost Explorer data.,Generate an AWS Cost and Usage Report. Store the report in Amazon S3. Use Amazon Athena to query the data. Use Amazon QuickSight to develop dashbosrds based on the data in the AWS Cost and Usage Report.,Create an AWS Lambda function that runs once a day and assumes a role in every account in the organization. Configure the Lambda function to read AWS Cost Explorer data in each account and to store the cost data in an Amazon S3 bucket. Use Amazon Athena to query the data. Use Amazon QuickSight to display the data in dashboards.,Create an IAM user for the finance team. Grant permissions to the IAM user to view AWS Cost Explorer data and billing data in the management account.,,,一家公司在 AWS Organizations 中跨组织运行多个工作负载。 公司的财务团队需要详细的仪表板来跟踪成本变化并提供详细的成本指标。 财务团队需要跟踪每小时的趋势。  SysOps 管理员应该做什么以以最具操作效率的方式满足这些需求？,使用 CloudWatch insights 和 AWS Cost Explorer 数据生成 Amazon CloudWatch dashboards。,生成一个 AWS Cost and Usage Report。将报告存储在 Amazon S3。使用 Amazon Athena 查询数据。使用 Amazon QuickSight 根据 AWS Cost and Usage Report 中的数据开发仪表板。,创建一个 AWS Lambda 函数，该函数每天运行一次，并在组织中的每个账户中假设一个角色。配置该 Lambda 函数以读取每个账户中的 AWS Cost Explorer 数据，并将成本数据存储在一个 Amazon S3 存储桶中。使用 Amazon Athena 来查询数据。使用 Amazon QuickSight 在仪表板中显示数据。,为财务团队创建一个 IAM 用户。授予权限给该 IAM 用户，以查看 AWS Cost Explorer 数据和管理账户中的账单数据。,nan,nan,"一家公司在 AWS Organizations 中跨组织运行多个工作负载。  
公司的财务团队需要详细的仪表板来跟踪成本变化并提供详细的成本指标。  
财务团队需要跟踪每小时的趋势。  
SysOps 管理员应该做什么以以最具操作效率的方式满足这些需求？"
308,"A company has a core application that must run 24 hours a day, 7 days a week. The application uses Amazon EC2. AWS Fargate, and AWS Lambda. The company uses a combination of operating systems across different AWS Regions.  The company needs to maximize cost savings while committing to a pricing model that offers flexibility to make changes.  What should the company do to meet these requirements?",A,Purchase a Compute Savings Plan that is based on Savings Plans recommendations,Purchase an EC2 Instance Savings Plan that covers the EC2 instance types and the Fargate and Lambda vCPU equivalents.,"Purchase a Reserved Instance for the instance types, operating systems, Region, and tenancy,",Use EC2 Spot Instances that match the type and size of existing instances that run in each Region.,,,"一家公司有一个核心应用程序，必须每天24小时，每周7天运行。  
该应用程序使用 Amazon EC2。AWS Fargate，以及 AWS Lambda。  
该公司在不同的 AWS 区域使用多种操作系统的组合。  
该公司需要最大化成本节省，同时承诺采用提供灵活性以进行更改的定价模型。  
公司应采取什么措施以满足这些要求？",购买一个基于 Savings Plans 推荐的 Compute Savings Plan,购买 一个 EC2 Instance Savings Plan ， 它 覆盖 了 EC2 实例 类型 和 Fargate 和 Lambda vCPU 等价 物 。,为实例类型、操作系统、Region 和 tenancy 购买 Reserved Instance。,使用 EC2 Spot Instances，那些匹配类型和大小的现有实例在每个区域中运行。,nan,nan,"一家公司有一个核心应用程序，必须每天24小时，每周7天运行。  
The company has a core application, which must run 24 hours a day, 7 days a week.  
该应用程序使用 Amazon EC2。AWS Fargate，以及 AWS Lambda。  
The application uses Amazon EC2, AWS Fargate, and AWS Lambda.  
该公司在不同的 AWS 区域使用多种操作系统的组合。  
The company uses a combination of multiple operating systems across different AWS regions.  
该公司需要最大化成本节省，同时承诺采用提供灵活性以进行更改的定价模型。  
The company needs to maximize cost savings while committing to a pricing model that offers flexibility for changes.  
公司应采取什么措施以满足这些要求？  
What measures should the company take to meet these requirements?"
309,A company's architecture team must receive immediate email notification whenever new Amazon EC2 instances are launched in the company's main AWS production account.  'What should a SysOps administrator do to meet this requirement?,B,Create a user data script that sends an email message through a smart host connector. Include the architecture team's email address in the user data script as the recipient. Ensure that all new EC2 instances include the user data script as part of a standardized build process.,Create an Amazon Simple Notification Service (Amazon SNS) topic and a subscription that uses the email protocol. Enter the architecture team's email address as the subscriber. Create an Amazon EventBridge rule that reacts when EC2 instances are launched. Specify the SNS topic as the rule's target.,Create an Amazon Simple Queue Service (Amazon SQS) queue and a subscription that uses the email protocol. Enter the architecture team's email address as the subscriber. Create an Amazon EventBridge rule that reacts when EC2 instances are launched. Specify the SQS queue as the rule's target.,Create an Amazon Simple Notification Service (Amazon SNS) topic. Configure AWS Systems Manager to publish EC2 events to the SNS topic. Create an AWS Lambda function to poll the SNS topic. Configure the Lambda function to send any messages to the architecture team's email address.,,,一家公司'的架构团队必须在公司'的主要 AWS 生产账户中每当新 Amazon EC2 实例被启动时立即收到电子邮件通知。 'SysOps 管理员应该做什么以满足这个要求？,创建一个用户数据脚本，该脚本通过 smart host connector 发送电子邮件消息。包括架构团队的电子邮件地址在用户数据脚本中作为收件人。确保所有新的 EC2 实例都包含用户数据脚本，作为标准化构建过程的一部分。,创建一个 Amazon Simple Notification Service (Amazon SNS) 主题和一个使用 email 协议的订阅。输入架构团队的 email 地址作为订阅者。创建一个 Amazon EventBridge 规则，当 EC2 实例被启动时触发。指定 SNS 主题作为规则的目标。,创建一个 Amazon Simple Queue Service (Amazon SQS) 队列和一个使用 email 协议的订阅。输入架构团队的 email 地址作为订阅者。创建一个 Amazon EventBridge 规则，当 EC2 实例被启动时触发。指定 SQS 队列作为规则的目标。,创建一个 Amazon Simple Notification Service (Amazon SNS) 主题。配置 AWS Systems Manager 以将 EC2 事件发布到 SNS 主题。创建一个 AWS Lambda 函数以轮询 SNS 主题。配置 Lambda 函数将任何消息发送到架构团队的电子邮件地址。,nan,nan,一家公司架构团队必须在公司主要的 AWS 生产账户中每当新 Amazon EC2 实例被启动时立即收到电子邮件通知。 SysOps 管理员应该做什么以满足这个要求？
310,A SysOps administrator manages an AWS account where developers run CPU-intensive tasks on Amazon EC2 instances. The tasks can take several days to finish running and sometimes need to be repeated several times. The developers often forget to terminate the instances when the tasks are complete.  The SysOps administrator needs to implement a solution to monitor EC2 CPU utilization and automatically terminate underutilized instances.  Which solution will meet these requirements?,D,Configure an Amazon GuardDuty finding that is based on EC2 CPU utilization. Associate an AWS Lambda function with the GuardDuty finding to terminate any instances that are identified as idle.,Configure an Amazon Simple Notification Service (Amazon SNS) topic to receive EC2 utilization messages from the AWS Health Dashboard. Create an AWS Lambda function. Subscribe the Lambda function to the SNS topic. Use the ec2.stop_instances operation to terminate idle instances.,Configure a Low Utilization Amazon EC2 Instances check in AWS Trusted Advisor to publish status changes to an Amazon Simple Notification Service (Amazon SNS) topic. Create an AWS Lambda function. Subscribe the Lambda function to the SNS topic. Use the ec2.stop_instances operation to terminate idle instances.,Configure an Amazon EventBridge rule for the Low Utilization Amazon EC2 Instances check in AWS Trusted Advisor. Select the EC2 Terminatelnstances API call as the target.,,,"一名 SysOps 管理员管理一个 AWS 账户，其中开发人员在 Amazon EC2 实例上运行 CPU 密集型任务。  
这些任务可能需要几天时间完成运行，有时需要重复多次。  
开发人员经常忘记在任务完成后终止实例。  
SysOps 管理员需要实施一个解决方案，以监控 EC2 CPU 利用率并自动终止利用率低的实例。  
哪种解决方案可以满足这些要求？",配置一个基于 EC2 CPU utilization 的 Amazon GuardDuty 发现。关联一个 AWS Lambda 函数与 GuardDuty 发现，以终止任何被识别为空闲的实例。,配置一个 Amazon Simple Notification Service (Amazon SNS) 主题以接收来自 AWS Health Dashboard 的 EC2 利用率消息。创建一个 AWS Lambda 函数。订阅该 Lambda 函数到 SNS 主题。使用 ec2.stop_instances 操作以终止空闲实例。,"在 AWS Trusted Advisor 中配置一个低利用率的 Amazon EC2 Instances 检查，以发布状态变化到一个 Amazon Simple Notification Service (Amazon SNS) 主题。  
创建一个 AWS Lambda 函数。  
将 Lambda 函数订阅到 SNS 主题。  
使用 ec2.stop_instances 操作来终止空闲的实例。","为 AWS Trusted Advisor 中的 Low Utilization Amazon EC2 Instances 检查配置一个 Amazon EventBridge 规则。  
选择 EC2 TerminateInstances API 调用作为目标。",nan,nan,"一名 SysOps 管理员管理一个 AWS 账户，其中开发人员在 Amazon EC2 实例上运行 CPU 密集型任务。  
这些任务可能需要几天时间完成运行，有时需要重复多次。  
开发人员经常忘记在任务完成后终止实例。  
SysOps 管理员需要实施一个解决方案，以监控 EC2 CPU 利用率并自动终止利用率低的实例。  
哪种解决方案可以满足这些要求？"
311,A company has several business units that want to use Amazon EC2. The company wants to require all business units to provision their EC2 instances by using only approved EC2 instance configurations.  What should a SysOps administrator do to implement this requirement?,C,Create an EC2 instance launch configuration. Allow the business units to launch EC2 instances by specifying this launch configuration in the AWS Management Console.,Develop an IAM policy that limits the business units to provision EC2 instances only. Instruct the business units to launch instances by using an AWS CloudFormation template.,Publish a product and launch constraint role for EC2 instances by using AWS Service Catalog. Allow the business units to perform actions in AWS Service Catalog only.,Share an AWS CloudFormation template with the business units. Instruct the business units to pass a role to AWS CloudFormation to allow the service to manage EC2 instances.,,,"一家公司有几个业务部门，想要使用 Amazon EC2。  
该公司想要要求所有业务部门通过仅使用批准的 EC2 实例配置来配置他们的 EC2 实例。  
SysOps 管理员应该做什么以实现这个要求？",创建一个 EC2 实例启动配置。允许业务部门通过在 AWS 管理控制台中指定此启动配置来启动 EC2 实例。,开发 一个 IAM 政策 ， 该 政策 限制 业务 单位 仅 能 部署 EC2 实例 。 在 指示 业务 单位 使用 AWS CloudFormation 模板 启动 实例 时 。,通过使用 AWS Service Catalog 发布一个产品和启动约束角色用于 EC2 实例。允许业务部门仅在 AWS Service Catalog 中执行操作。,"与业务单位共享一个 AWS CloudFormation 模板。  
指示业务单位传递一个 role 给 AWS CloudFormation 以允许该服务管理 EC2 实例。",nan,nan,"一家公司有几个业务部门，想要使用 Amazon EC2。  
The company has several business departments, and wants to use Amazon EC2。  
该公司想要要求所有业务部门通过仅使用批准的 EC2 实例配置来配置他们的 EC2 实例。  
The company wants to require all business departments to configure their EC2 instances only using approved EC2 instance configurations。  
SysOps 管理员应该做什么以实现这个要求？  
What should the SysOps administrator do to accomplish this requirement？"
312,A SysOps administrator needs to secure the credentials for an Amazon RDS database that is created by an AWS CloudFormation template. The solution must encrypt the credentials and must support automatic rotation.  Which solution will meet these requirements?,A,Create an AWS::SecretsManager::Secret resource in the CloudF ormation template. Reference the credentials in the AWS::RDS::DBInstance resource by using the resolve:secretsmanager dynamic reference.,Create an AWS::SecretsManager::Secret resource in the CloudFormation template. Reference the credentials in the AWS::RDS::DBInstance resource by using the resolve:ssm-secure dynamic reference.,Create an AWS::SSM::Parameter resource in he CloudFormation template. Reference the credentias in the AWS::RDS::DBInstance resource by using the resolve:ssm dynamic reference.,Create parameters for the database credentials in the CloudFormation template. Use the Ref intrinsic function to provide the credentials to the AWS::RDS::DBInstance resource.,,,"一名 SysOps 管理员需要保护由 AWS CloudFormation 模板创建的 Amazon RDS 数据库的凭证。  
该解决方案必须加密凭证，并且必须支持自动轮换。  
哪种解决方案可以满足这些要求？","在 CloudFormation 模板中创建一个 AWS::SecretsManager::Secret 资源。  
通过使用 resolve:secretsmanager 动态引用，在 AWS::RDS::DBInstance 资源中引用凭证。","在 CloudFormation 模板中创建一个 AWS::SecretsManager::Secret 资源。  
通过使用 resolve:ssm-secure 动态引用，在 AWS::RDS::DBInstance 资源中引用凭证。","在 CloudFormation 模板中创建一个 AWS::SSM::Parameter 资源。  
通过使用 resolve:ssm 动态引用，引用 AWS::RDS::DBInstance 资源中的凭证。",在 CloudFormation 模板中为数据库凭证创建参数。使用 Ref 内在函数将凭证提供给 AWS::RDS::DBInstance 资源。,nan,nan,"一名 SysOps 管理员 需要 保护 由 AWS CloudFormation 模板 创建 的 Amazon RDS 数据库 的 凭证。  
该 解决方案 必须 加密 凭证， 并且 必须 支持 自动 轮换。  
哪 种 解决方案 可以 满足 这些 要求？"
313,A company wants to track its expenditures for Amazon EC2 and Amazon RDS within AWS. The company decides to implement more rigorous tagging requirements for resources in its AWS accounts. A SysOps administrator needs to identify all noncompliant resources.  What is the MOST operationally efficient solution that meets this requirement?,C,Create a rule in Amazon EventBridge that invokes a custom AWS Lambda function that will evaluate all created or updated resources for the specified tags.,Create a rule in AWS Config that invokes a custom AWS Lambda function that will evaluate all resources for the specified tags.,Create a rule in AWS Config with the required-tags managed rule to evaluate all resources for the specified tags.,Create a rule in Amazon EventBridge with a managed rule to evaluate all created or updated resources for the specified tags.,,,"一家公司想要追踪其在 AWS 内的 Amazon EC2 和 Amazon RDS 的支出。  
该公司决定为其 AWS 账户中的资源实施更严格的标签要求。  
一名 SysOps 管理员需要识别所有不合规的资源。  
什么是满足此要求的最具操作效率的解决方案？",在 Amazon EventBridge 中创建一条规则，该规则会调用一个自定义的 AWS Lambda 函数，该函数将会评估所有已创建或已更新的资源，以检测指定的标签。,在 AWS Config 中创建一个规则，该规则调用一个自定义的 AWS Lambda 函数，该函数将评估所有资源的指定标签。,在 AWS Config 中创建一个规则，使用 required-tags 管理规则，评估所有资源是否具有指定的标签。,在 Amazon EventBridge 中创建一个规则，使用托管规则，评估所有创建或更新的资源，针对指定的标签。,nan,nan,"一家公司想要追踪其在 AWS 内的 Amazon EC2 和 Amazon RDS 的支出。  
The company wants to track its Amazon EC2 and Amazon RDS expenditures within AWS.  
该公司决定为其 AWS 账户中的资源实施更严格的标签要求。  
The company decided to implement stricter tag requirements for resources in its AWS account.  
一名 SysOps 管理员需要识别所有不合规的资源。  
A SysOps administrator needs to identify all non-compliant resources.  
什么是满足此要求的最具操作效率的解决方案？  
What is the most operationally efficient solution that meets this requirement?"
314,"A company creates a new Amazon FSx for Windows File Server file system. To help manage costs, the company configures the storage capacity for the file system with minimal room for growth.  The company creates an Amazon Simple Notification Service (Amazon SNS) topic in the same AWS account whore the file system resides. The company subscribes a SysOps administrator's email address to the SNS topic. The SysOps administrator needs to receive email notification when the file system has less than 100 GB of space available.  Which combination of steps should the SysOps administrator take to meet this requirement? (Choose two.)",BE,"Create an Amazon EventBridge rule for when the FreeStorageCapacity metric is less than or equal to 100,000,000,000 bytes (100 GB).","Create an Amazon CloudWatch alarm for when the FreeStorageCapacity metric is less than or equal to 100,000,000,000 bytes (100 GB).",Create an AWS Lambda function that will run when the Amazon CloudWatch alarm enters ALARM state. Configure the Lambda function to publish to the SNS topic.,Configure the Amazon EventBridge rule's alarm action to publish to the SNS topic when the rule enters ALARM state.,Configure the Amazon CloudWatch alarm action to publish to the SNS topic when the alarm enters ALARM state.,,"一家公司创建了一个新的 Amazon FSx for Windows File Server 文件系统。  
To help manage costs，  
为了帮助管理成本，  
the company configures the storage capacity for the file system with minimal room for growth。  
公司为文件系统配置了存储容量，几乎没有增长空间。  
The company creates an Amazon Simple Notification Service (Amazon SNS) topic in the same AWS account whore the file system resides。  
公司在与文件系统所在相同的 AWS 账户中创建了一个 Amazon Simple Notification Service (Amazon SNS) 主题。  
The company subscribes a SysOps administrator's email address to the SNS topic。  
公司将一位 SysOps 管理员的电子邮件地址订阅到 SNS 主题。  
The SysOps administrator needs to receive email notification when the file system has less than 100 GB of space available。  
SysOps 管理员需要在文件系统剩余空间少于 100 GB 时收到电子邮件通知。  
Which combination of steps should the SysOps administrator take to meet this requirement? (Choose two.)  
SysOps 管理员应采取哪些步骤组合以满足此要求？（选择两个。）","为当 FreeStorageCapacity 指标小于或等于 100,000,000,000 字节（100 GB）时，创建一个 Amazon EventBridge 规则。","为当 FreeStorageCapacity 指标小于或等于 100,000,000,000 字节（100 GB）时创建一个 Amazon CloudWatch 警报。","创建一个 AWS Lambda 函数，该函数将在 Amazon CloudWatch 警报进入 ALARM 状态时运行。  
配置该 Lambda 函数以发布到 SNS 主题。",配置 Amazon EventBridge 规则的警报动作，以在规则进入 ALARM 状态时发布到 SNS 主题。,配置 Amazon CloudWatch 警报动作 以 发布 到 SNS 主题 当 警报 进入 ALARM 状态。,nan,"一家公司创建了一个新的 Amazon FSx for Windows File Server 文件系统。  
To help manage costs，  
为了帮助管理成本，  
the company configures the storage capacity for the file system with minimal room for growth。  
公司为文件系统配置了存储容量，几乎没有增长空间。  
The company creates an Amazon Simple Notification Service (Amazon SNS) topic in the same AWS account whore the file system resides。  
公司在与文件系统所在相同的 AWS 账户中创建了一个 Amazon Simple Notification Service (Amazon SNS) 主题。  
The company subscribes a SysOps administrator's email address to the SNS topic。  
公司将一位 SysOps 管理员的电子邮件地址订阅到 SNS 主题。  
The SysOps administrator needs to receive email notification when the file system has less than 100 GB of space available。  
SysOps 管理员需要在文件系统剩余空间少于 100 GB 时收到电子邮件通知。  
Which combination of steps should the SysOps administrator take to meet this requirement? (Choose two.)  
SysOps 管理员应采取哪些步骤组合以满足此要求？（选择两个。）"
315,A company decides to stop non-production Amazon EC2 instances during the EC2 instances. The company's IT manager must receive notification in near real time whenever an EC2 instance that has an environment type tag value of non-production is started during the night.  Which solution will meet this requirement with the MOST operational efficiency?,C,Configure an AWS Lambda function with an SMTP client library. Subscribe the Lambda function to the AWS Health Dashboard to receive notification whenever an EC2 instance is in the running state. Configure the Lambda function to use Amazon Pinpoint to send email notifications to the IT manager. Deploy a second Lambda function to throttle calls from the first Lambda function during the daytime.,Deploy an AWS Lambda function that queries the Amazon EC2 API to determine the state of each EC2 instance. Use the EC2 instance scheduler to configure the Lambda function to run every minute during the night and to send an email notification to the IT manager for each non-production EC2 instance that is in the running state.,Create an Amazon EventBridge rule that includes the EC2 Instance State-change Notification event type. Filter the event to capture only the running state. Create an AWS Lambda function as a target of the rule. Configure the Lambda function to check the current time and the EC2 instances' tags to determine the environment type. Create an Amazon Simple Notification Service (Amazon SNS) topic as a target of the Lambda function for notifications. Subscribe the IT manager's email address to the SNS topic.,"Store the EC2 instance metadata, including the environment type, in an Amazon DynamoDB table. Deploy a custom application to an EC2 instance. Configure the custom application to poll the DynamoDB data every minute during the night and to query the Amazon EC2 API to determine the state of each instance. Additionally, configure the custom application to send an email notification to the IT manager for each non-production EC2 instance that is in the running state.",,,一家公司决定在 EC2 实例期间停止非生产 Amazon EC2 实例。 公司的 IT 经理必须在几乎实时的情况下接收通知，每当一个具有环境类型标签值为 non-production 的 EC2 实例在夜间启动时。 哪个解决方案将以最高的操作效率满足此要求？,"配置一个 AWS Lambda 函数与 SMTP client library。  
订阅该 Lambda 函数到 AWS Health Dashboard 以接收通知每当一个 EC2 实例处于 running 状态。  
配置该 Lambda 函数以使用 Amazon Pinpoint 发送电子邮件通知给 IT 经理。  
部署第二个 Lambda 函数以在白天期间限制来自第一个 Lambda 函数的调用。","部署一个 AWS Lambda 函数，该函数查询 Amazon EC2 API 以确定每个 EC2 实例的状态。  
使用 EC2 实例调度器配置 Lambda 函数，使其在夜间每分钟运行一次，并向 IT 经理发送电子邮件通知，针对每个处于运行状态的非生产 EC2 实例。","创建一个 Amazon EventBridge 规则，包含 EC2 Instance State-change Notification 事件类型。  
过滤事件，只捕获运行状态。  
创建一个 AWS Lambda 函数作为规则的目标。  
配置 Lambda 函数以检查当前时间和 EC2 实例的标签，以确定环境类型。  
创建一个 Amazon Simple Notification Service (Amazon SNS) 主题，作为 Lambda 函数的通知目标。  
订阅 IT 经理的电子邮件地址到 SNS 主题。",将 EC2 实例元数据，包括环境类型，存储在 Amazon DynamoDB 表中。部署一个自定义应用程序到 EC2 实例。配置自定义应用程序在夜间每分钟轮询 DynamoDB 数据，并查询 Amazon EC2 API 以确定每个实例的状态。此外，配置自定义应用程序向 IT 经理发送电子邮件通知，针对每个处于运行状态的非生产 EC2 实例。,nan,nan,"一家公司决定在 EC2 实例期间停止非生产 Amazon EC2 实例。  
The company decides to stop non-production Amazon EC2 instances during EC2 instances.  

公司的 IT 经理必须在几乎实时的情况下接收通知，  
The company's IT manager must receive notifications in near real-time,  

每当一个具有环境类型标签值为 non-production 的 EC2 实例在夜间启动时。  
whenever an EC2 instance with environment type tag value of non-production starts at night.  

哪个解决方案将以最高的操作效率满足此要求？  
Which solution will meet this requirement with the highest operational efficiency?"
316,"A company's SysOps administrator manages a fleet of Windows Amazon EC2 instances that run in a single AWS account. The instances have a tag that includes a key of 'OS"" and a value of ""Windows."" The company uses AWS Systems Manager to patch the instances.  The company has installed the Amazon CloudWatch agent on the instances, but the configuration is inconsistent. The SysOps administrator needs to reconfigure every instance to use the same predefined CloudWatch configuration.  Which combination of steps will meet these requirements? (Choose two.)",CD,Store the CloudWatch agent configuration file in an Amazon S3 bucket.,Store the contents of the CloudWatch agent configuration file in Systems Manager OpsCenter.,Store the contents of the CloudWatch agent configuration file in Systems Manager Parameter Store.,Create a Systems Manager State Manager association to run the AmazonCloudWatch-ManageAgent Systems Manager Run Command document. Select Systems Manager as an optional configuration source. Target the instances based on tag values.,Create a Systems Manager State Manager association to run the AmazonCloudWatch-ManageAgent Systems Manager Run Command document. Configure the document to use the S3 bucket location as the configuration source. Target the instances based on tag value.,,"一家公司'的 SysOps 管理员管理一支 Windows Amazon EC2 实例队列，这些实例在单一的 AWS 账户中运行。  
The instances have a tag that includes a key of ""OS"" and a value of ""Windows.""  
这些实例有一个标签，包含一个键为 ""OS"" 和一个值为 ""Windows""。  
这家公司使用 AWS Systems Manager 来修补这些实例。  
The company uses AWS Systems Manager to patch the instances.  
这家公司在实例上安装了 Amazon CloudWatch agent，但配置不一致。  
The company has installed the Amazon CloudWatch agent on the instances, but the configuration is inconsistent.  
SysOps 管理员需要重新配置每个实例，以使用相同的预定义 CloudWatch 配置。  
The SysOps administrator needs to reconfigure every instance to use the same predefined CloudWatch configuration.  
哪些步骤组合可以满足这些要求？（选择两个。）  
Which combination of steps will meet these requirements? (Choose two.)",将 CloudWatch agent 配置文件存储在一个 Amazon S3 bucket 中。,将 CloudWatch agent 配置文件的内容存储在 Systems Manager OpsCenter 中。,将 CloudWatch agent 配置文件的内容存储在 Systems Manager Parameter Store 中。,"创建一个 Systems Manager State Manager 关联以运行 AmazonCloudWatch-ManageAgent Systems Manager Run Command 文档。  
选择 Systems Manager 作为可选配置源。  
根据标签值定位实例。","创建一个 Systems Manager State Manager 关联以运行 AmazonCloudWatch-ManageAgent Systems Manager Run Command 文档。  
配置该文档以使用 S3 bucket 位置作为配置源。  
根据标签值定位实例。",nan,"一家公司 SysOps 管理员管理一支 Windows Amazon EC2 实例队列，这些实例在单一的 AWS 账户中运行。  
The company’s SysOps administrator manages a fleet of Windows Amazon EC2 instances, these instances are running in a single AWS account.  
这些实例有一个标签，包含一个键为 ""OS"" 和一个值为 ""Windows""。  
The instances have a tag that includes a key of ""OS"" and a value of ""Windows.""  
这家公司使用 AWS Systems Manager 来修补这些实例。  
The company uses AWS Systems Manager to patch these instances.  
这家公司在实例上安装了 Amazon CloudWatch agent，但配置不一致。  
The company has installed the Amazon CloudWatch agent on the instances, but the configuration is inconsistent.  
SysOps 管理员需要重新配置每个实例，以使用相同的预定义 CloudWatch 配置。  
The SysOps administrator needs to reconfigure every instance to use the same predefined CloudWatch configuration.  
哪些步骤组合可以满足这些要求？（选择两个。）  
Which combination of steps will meet these requirements? (Choose two.)"
317,A company is experiencing issues with legacy software running on Amazon EC2 instances. Errors occur when the total CPU utilization on the EC2 instances exceeds 80%. A short-term solution is required while the software is being rewritten. A SysOps administrator is tasked with creating a solution to restart the instances when the CPU utilization rises above 80%.  Which solution meets these requirements with the LEAST operational overhead?,B,Write a script that monitors the CPU utilization of the EC2 instances and reboots the instances when utilization exceeds 80%. Run the script as a cron job.,Add an Amazon CloudWatch alarm for CPU utilization and configure the alarm action to reboot the EC2 instances.,"Create an Amazon EventBridge rule using the predefined patterns for CPU utilization of the EC2 instances. When utilization exceeds 80%, invoke an AWS Lambda function to restart the instances.",Add an Amazon CloudWatch alarm for CPU utilization and configure an AWS Systems Manager Automation runbook to reboot the EC2 instances when utilization exceeds 80%.,,,一家公司在运行在 Amazon EC2 实例上的遗留软件时遇到问题。错误在 EC2 实例上的总 CPU 利用率超过 80% 时发生。在软件被重写的同时，需要一个短期解决方案。一个 SysOps 管理员被指派创建一个在 CPU 利用率超过 80% 时重新启动实例的解决方案。 哪个解决方案满足这些要求且具有最少的操作开销？,编写一个脚本，该脚本监控 EC2 实例的 CPU 利用率，并在利用率超过 80% 时重新启动实例。将脚本作为 cron 任务运行。,为 CPU 利用率添加一个 Amazon CloudWatch 警报，并配置警报操作以重启 EC2 实例。,使用预定义模式为 EC2 实例的 CPU 利用率创建一个 Amazon EventBridge 规则。 当利用率超过 80%，调用一个 AWS Lambda 函数以重启实例。,为 CPU 利用率添加一个 Amazon CloudWatch 警报，并配置一个 AWS Systems Manager Automation 运行手册，当利用率超过 80% 时重启 EC2 实例。,nan,nan,"一家公司在运行在 Amazon EC2 实例上的遗留软件时遇到问题。  
错误在 EC2 实例上的总 CPU 利用率超过 80% 时发生。  
在软件被重写的同时，需要一个短期解决方案。  
一个 SysOps 管理员被指派创建一个在 CPU 利用率超过 80% 时重新启动实例的解决方案。  
哪个解决方案满足这些要求且具有最少的操作开销？"
318,"A SysOps administrator launches an Amazon EC2 instance in a private subnet of a VPC. When the SysOps administrator attempts a curl command from the command line of the EC2 instance, the SysOps administrator cannot connect to https:www.example.com.  What should the SysOps administrator do to resolve this issue?",A,Ensure that there is an outbound security group for port 443 to 0.0.0.0/0.,Ensure that there is an inbound security group for port 443 from 0.0.0.0/0.,Ensure that there is an outbound network ACL for ephemeral ports 1024-66535 to 0.0.0.0/0.,Ensure that there is an outbound network ACL for port 80 to 0.0.0.0/0.,,,"一名 SysOps 管理员在 VPC 的私有子网中启动了一个 Amazon EC2 实例。  
当 SysOps 管理员尝试从 EC2 实例的命令行执行 curl 命令时，SysOps 管理员无法连接到 https:www.example.com。  
SysOps 管理员应该做什么以解决这个问题？",确保存在一个出站安全组，用于端口 443 到 0.0.0.0/0。,确保 有 一个 入站 安全组 用于 端口 443 来自 0.0.0.0/0。,确保 有 一个 出站 网络 ACL 用于 临时端口 1024-66535 到 0.0.0.0/0。,确保，那里有一个出站网络ACL，用于端口80到0.0.0.0/0。,nan,nan,"一名 SysOps 管理员在 VPC 的私有子网中启动了一个 Amazon EC2 实例。  
当 SysOps 管理员尝试从 EC2 实例的命令行执行 curl 命令时，SysOps 管理员无法连接到 https:www.example.com。  
SysOps 管理员应该做什么以解决这个问题？"
319,A SysOps administrator needs to implement a backup strategy for Amazon EC2 resources and Amazon RDS resources. The backup strategy must meet the following retention requirements:  ? Daily backups: must be kept for 6 days ? Weekly backups: must be kept for 4 weeks: ? Monthly backups: must be kept for 11 months ? Yearly backups: must be kept for 7 years  Which backup strategy will meet these requirements with the LEAST administrative effort?,B,Use Amazon Data Lifecycle Manager to create an Amazon Elastic Block Store (Amazon EBS) snapshot policy. Create tags on each resource that needs to be backed up. Create multiple schedules according to the requirements within the policy. Set the appropriate frequency and retention period.,"Use AWS Backup to create a new backup plan for each retention requirement with a backup frequency of daily, weekly, monthly, or yearly. Set the retention period to match the requirement. Create tags on each resource that needs to be backed up. Set up resource assignment by using the tags.",Create an AWS Lambda function. Program the Lambda function to use native tooling to take backups of file systems in Amazon EC2 and to make copies of databases in Amazon RDS. Create an Amazon EventBridge rule to invoke the Lambda function.,"Use Amazon Data Lifecycle Manager to create an Amazon Elastic Block Store (Amazon EBS) snapshot policy. Create tags on each resource that needs to be backed up. Set up resource assignment by using the tags. Create multiple schedules according to the requirements within the policy. Set the appropriate frequency and retention period. In Amazon RDS, activate automated backups on the required DB instances.",,,"一名 SysOps 管理员 需要 实施 一个 备份 策略 为 Amazon EC2 资源 和 Amazon RDS 资源。  
该 备份 策略 必须 满足 以下 保留 要求：  
？ 每日 备份： 必须 保留 6 天  
？ 每周 备份： 必须 保留 4 周：  
？ 每月 备份： 必须 保留 11 个月  
？ 每年 备份： 必须 保留 7 年  
哪 一 种 备份 策略 将 以 最少 的 管理 努力 满足 这些 要求？","使用 Amazon Data Lifecycle Manager 来创建一个 Amazon Elastic Block Store (Amazon EBS) 快照策略。  
在每个需要备份的资源上创建标签。  
根据策略中的要求创建多个时间表。  
设置适当的频率和保留期限。",使用 AWS Backup 为每个保留需求创建一个新的备份计划，备份频率为每日、每周、每月或每年。设置保留期以匹配需求。在每个需要备份的资源上创建标签。通过使用标签设置资源分配。,"创建一个 AWS Lambda 函数。  
编程 Lambda 函数以使用本地工具对 Amazon EC2 中的文件系统进行备份，并对 Amazon RDS 中的数据库进行复制。  
创建一个 Amazon EventBridge 规则以调用 Lambda 函数。","使用 Amazon Data Lifecycle Manager 来创建一个 Amazon Elastic Block Store (Amazon EBS) 快照策略。  
在每个需要备份的资源上创建标签。  
通过使用标签设置资源分配。  
根据策略中的要求创建多个时间表。  
设置适当的频率和保留期。  
在 Amazon RDS 上，激活所需数据库实例的自动备份。",nan,nan,"一名 SysOps 管理员 需要 实施 一个 备份 策略 为 Amazon EC2 资源 和 Amazon RDS 资源。  
该 备份 策略 必须 满足 以下 保留 要求：  
？ 每日 备份： 必须 保留 6 天  
？ 每周 备份： 必须 保留 4 周：  
？ 每月 备份： 必须 保留 11 个月  
？ 每年 备份： 必须 保留 7 年  
哪 一 种 备份 策略 将 以 最少 的 管理 努力 满足 这些 要求？"
320,"An application team uses an Amazon Aurora MySQL DB cluster with one Aurora Replica. The application team notices that the application read performance degrades when user connections exceed 200. The number of user connections is typically consistent around 180, with occasional sudden increases above 200 connections. The application team wants the application to automatically scale as user demand increases or decreases.  Which solution will meet these requirements?",C,Migrate to a new Aurora multi-master DB cluster. Modify the application database connection string.,Modify the DB cluster by changing to serverless mode whenever user connections exceed 200.,Create an auto scaling policy with a target metric of 195 DatabaseConnections.,Modify the DB cluster by increasing the Aurora Replica instance size.,,,"一个应用团队使用一个 Amazon Aurora MySQL DB cluster 与一个 Aurora Replica。  
The application team notices that the application read performance degrades when user connections exceed 200。  
应用团队注意到当用户连接超过 200 时，应用程序的读取性能下降。  
The number of user connections is typically consistent around 180, with occasional sudden increases above 200 connections。  
用户连接的数量通常稳定在 180 左右，偶尔会突然增加到超过 200 连接。  
The application team wants the application to automatically scale as user demand increases or decreases。  
应用团队希望应用程序能够随着用户需求的增加或减少自动扩展。  
Which solution will meet these requirements?  
哪种解决方案可以满足这些要求？",迁移到一个新的 Aurora multi-master DB 集群。修改应用程序数据库连接字符串。,通过将数据库集群修改为 serverless 模式，每当用户连接超过 200 时。,创建一个自动扩展策略，目标指标为 195 DatabaseConnections。,通过增加 Aurora Replica 实例大小，修改数据库集群。,nan,nan,"一个应用团队使用一个 Amazon Aurora MySQL DB cluster 与一个 Aurora Replica。  
The application team notices that the application read performance degrades when user connections exceed 200。  
应用团队注意到当用户连接超过 200 时，应用程序的读取性能下降。  
The number of user connections is typically consistent around 180, with occasional sudden increases above 200 connections。  
用户连接的数量通常稳定在 180 左右，偶尔会突然增加到超过 200 连接。  
The application team wants the application to automatically scale as user demand increases or decreases。  
应用团队希望应用程序能够随着用户需求的增加或减少自动扩展。  
Which solution will meet these requirements?  
哪种解决方案可以满足这些要求？"
321,"A company hosts a production database on an Amazon Elastic Block Store (Amazon EBS) backed Amazon EC2 instance. As part of an annual disaster recovery exercise, the company needs to restore recent EBS snapshots to a new EC2 instance in a second Availability Zone.  After the snapshots are restored to EBS volumes, the resulting volumes must deliver all of their provisioned performance. The company must perform validation tests on the restored data as quickly as possible.  Which configuration will meet these requirements?",A,Enable EBS fast snapshot restore (FSR) on the snapshots for the second Availability Zone. Create new EBS volumes in the second Availability Zone from the snapshots. Attach the new EBS volumes to a new EC2 instance.,"Enable EBS fast snapshot restore (FSR) on the snapshots for the current Availability Zone. Create new EBS volumes in the second Availability Zone from the snapshots, Attach the new EBS volumes to a new EC2 instance.","Specify Provisioned IOPS on the snapshots, Create new EBS volumes in the second Availability Zone from the snapshots. Attach the new EBS volumes to a new EC2 instance.","Specify Provisioned IOPS on the existing EBS volumes. Create the snapshots. After the snapshots are completed, create new EBS volumes in the second Availability Zone from the snapshots. Attach the new EBS volumes to a new EC2 instance.",,,"一家公司在一个 Amazon Elastic Block Store (Amazon EBS) 支持的 Amazon EC2 实例上托管一个生产数据库。  
作为年度灾难恢复演练的一部分，该公司需要将最近的 EBS 快照恢复到第二个可用区中的一个新的 EC2 实例。  
在快照被恢复到 EBS 卷之后，所得到的卷必须提供它们所有的预配置性能。  
该公司必须尽快对恢复的数据进行验证测试。  
哪种配置可以满足这些要求？","在第二个可用区的快照上启用 EBS fast snapshot restore (FSR)。  
在第二个可用区中从快照创建新的 EBS 卷。  
将新的 EBS 卷附加到一个新的 EC2 实例。","在当前可用区的快照上启用 EBS fast snapshot restore (FSR)。  
在第二个可用区中从快照创建新的 EBS 卷，  
将新的 EBS 卷附加到新的 EC2 实例。",在快照上指定 Provisioned IOPS， 从快照在第二个 Availability Zone 创建新的 EBS 卷。 将新的 EBS 卷附加到一个新的 EC2 实例。,在现有的 EBS 卷上指定 Provisioned IOPS。创建快照。快照完成后，从快照在第二个 Availability Zone 中创建新的 EBS 卷。将新的 EBS 卷附加到新的 EC2 实例。,nan,nan,"一家公司在一个 Amazon Elastic Block Store (Amazon EBS) 支持的 Amazon EC2 实例上托管一个生产数据库。  
作为年度灾难恢复演练的一部分，该公司需要将最近的 EBS 快照恢复到第二个可用区中的一个新的 EC2 实例。  
在快照被恢复到 EBS 卷之后，所得到的卷必须提供它们所有的预配置性能。  
该公司必须尽快对恢复的数据进行验证测试。  
哪种配置可以满足这些要求？"
322,"A SysOps administrator is responsible for a legacy, CPU-heavy application. The application can only be scaled vertically. Currently, the application is deployed on a single t3.large Amazon EC2 instance. The system is showing 90% CPU usage and significant performance latency after a few minutes.  What change should be made to alleviate the performance problem?",B,Change the Amazon EBS volume to Provisioned IOPs.,Upgrade to a compute-optimized instance.,Add additional t2.large instances to the application.,Purchase Reserved Instances.,,,"一名 SysOps 管理员负责一个遗留的、CPU 密集型的应用程序。  
该应用程序只能垂直扩展。  
目前，该应用程序部署在一个单一的 t3.large Amazon EC2 实例上。  
系统显示 CPU 使用率达到 90% 并且在几分钟后出现显著的性能延迟。  
应当做出什么更改以缓解性能问题？",将 Amazon EBS 卷 改为 预配置 IOPs 。,升级 到 一个 计算 优化 实例。,向应用程序添加额外的 t2.large 实例。,购买 Reserved Instances。,nan,nan,"一名 SysOps 管理员负责一个遗留的、CPU 密集型的应用程序。  
该应用程序只能垂直扩展。  
目前，该应用程序部署在一个单一的 t3.large Amazon EC2 实例上。  
系统显示 CPU 使用率达到 90% 并且在几分钟后出现显著的性能延迟。  
应当做出什么更改以缓解性能问题？"
323,A user is connected to an Amazon EC2 instance in a private subnet. The user is unable to access the internet from the instance by using the following curl command: curl http:/www.example.com.  A SysOps administrator reviews the VPC configuration and learns the following information:  ? The private subnet has a route to a NAT gateway for CIDR 0.0.0.0/0 ? The outbound security group for the EC2 instance contains one rule: outbound for port 443 to CIDR 0.0.0.0/0 ? The inbound security group for the EC2 instance allows ports 22 and 443 from the user's IP address. ? The inbound network ACL for the subnet allows port 22 and port range 1024-65535 from CIDR 0.0.0.0/0  Which action will allow the user to complete the curl request successfully?,C,Add an additional inbound network ACL rule for port 80 to CIDR 0.0.0.0/0.,Add an additional inbound security group rule for port 80 to CIDR 0.0.0.0/0.,Add an additional outbound security group rule for port 80 to CIDR 0.0.0.0/0.,Add an additional outbound security group rule for port 80 to the user's IP address.,,,"一名用户连接到一个在私有子网中的 Amazon EC2 实例。  
The user is unable to access the internet from the instance by using the following curl command: curl http:/www.example.com.  
一名 SysOps 管理员审查 VPC 配置并了解到以下信息：  
The private subnet has a route to a NAT gateway for CIDR 0.0.0.0/0  
私有子网有一条到 NAT gateway 的路由，针对 CIDR 0.0.0.0/0  
The outbound security group for the EC2 instance contains one rule: outbound for port 443 to CIDR 0.0.0.0/0  
EC2 实例的出站安全组包含一条规则：出站端口 443 到 CIDR 0.0.0.0/0  
The inbound security group for the EC2 instance allows ports 22 and 443 from the user's IP address.  
EC2 实例的入站安全组允许来自用户 IP 地址的端口 22 和 443。  
The inbound network ACL for the subnet allows port 22 and port range 1024-65535 from CIDR 0.0.0.0/0  
子网的入站网络 ACL 允许来自 CIDR 0.0.0.0/0 的端口 22 和端口范围 1024-65535  
Which action will allow the user to complete the curl request successfully?  
哪项操作将允许用户成功完成 curl 请求？",为端口80添加一个额外的入站网络ACL规则，目标CIDR为0.0.0.0/0。,为端口80添加一个额外的入站安全组规则，目标CIDR为0.0.0.0/0。,为端口80添加一个额外的出站安全组规则，目标CIDR为0.0.0.0/0。,为端口80添加一个额外的出站安全组规则，针对用户的IP地址。,nan,nan,"一名用户连接到一个在私有子网中的 Amazon EC2 实例。  
The user is unable to access the internet from the instance by using the following curl command: curl http:/www.example.com.  
一名 SysOps 管理员审查 VPC 配置并了解到以下信息：  
The private subnet has a route to a NAT gateway for CIDR 0.0.0.0/0  
私有子网有一条到 NAT gateway 的路由，针对 CIDR 0.0.0.0/0  
The outbound security group for the EC2 instance contains one rule: outbound for port 443 to CIDR 0.0.0.0/0  
EC2 实例的出站安全组包含一条规则：出站端口 443 到 CIDR 0.0.0.0/0  
The inbound security group for the EC2 instance allows ports 22 and 443 from the user's IP address.  
EC2 实例的入站安全组允许来自用户 IP 地址的端口 22 和 443。  
The inbound network ACL for the subnet allows port 22 and port range 1024-65535 from CIDR 0.0.0.0/0  
子网的入站网络 ACL 允许来自 CIDR 0.0.0.0/0 的端口 22 和端口范围 1024-65535  
Which action will allow the user to complete the curl request successfully?  
哪项操作将允许用户成功完成 curl 请求？"
324,A company's financial department needs to view the cost details of each project in an AWS account. A SysOps administrator must perform the initial configuration that is required to view cost for each project in Cost Explorer.  Which solution will meet this requirement?,A,Activate cost allocation tags. Add a project tag to the appropriate resources.,Configure consolidated billing. Create AWS Cost and Usage Reports.,Use AWS Budgets. Create AWS Budgets reports.,Use cost categories to define custom groups that are based on AWS cost and usage dimensions.,,,"一家公司'的财务部门需要查看每个项目在AWS账户中的成本详情。  
一名SysOps管理员必须执行查看每个项目在Cost Explorer中的成本所需的初始配置。  
哪种解决方案将满足这个需求？",激活 cost allocation tags。添加一个 project 标签到适当的资源。,配置 consolidated billing。创建 AWS Cost and Usage Reports。,使用 AWS Budgets。 创建 AWS Budgets 报告。,使用 cost categories 来定义基于 AWS cost 和 usage 维度的自定义组。,nan,nan,"一家公司'的财务部门需要查看每个项目在 AWS 账户中的成本详情。  
一名 SysOps 管理员必须执行查看每个项目在 Cost Explorer 中的成本所需的初始配置。  
哪种解决方案将满足这个需求？"
325,A SysOps administrator is managing a web application that runs on Amazon EC2 instances behind an Application Load Balancer (ALB). The instances run in an EC2 Auto Scaling group. The administrator wants to set an alarm for when all target instances associated with the ALB are unhealthy.  Which condition should be used with the alarm?,A,AWS/ApplicationELB HealthyHostCount <= 0,AWS/ApplicationELB UnhealthyHostCount >= 1,AWS/EC2 StatusCheckFailed <= 0,AWS/EC2 StatusCheckFailed >= 1,,,"一名 SysOps 管理员正在管理一个在 Amazon EC2 实例上运行的网页应用程序，该应用程序位于一个 Application Load Balancer (ALB) 后面。  
这些实例运行在一个 EC2 Auto Scaling 组中。  
管理员想要设置一个警报，当与 ALB 关联的所有目标实例都不健康时。  
应该使用哪个条件与警报一起？",AWS/ApplicationELB HealthyHostCount <= 0,AWS/ApplicationELB 不健康主机数 >= 1,AWS/EC2 状态检查失败 <= 0,AWS/EC2 状态检查失败 >= 1,nan,nan,"一名 SysOps 管理员正在管理一个在 Amazon EC2 实例上运行的网页应用程序，该应用程序位于一个 Application Load Balancer (ALB) 后面。  
这些实例运行在一个 EC2 Auto Scaling 组中。  
管理员想要设置一个警报，当与 ALB 关联的所有目标实例都不健康时。  
应该使用哪个条件与警报一起？"
326,A company uses AWS Organizations to manage its multi-account environment. The organization contains a dedicated account for security and a dedicated account for logging. A SysOps administrator needs to implement a centralized solution that provides alerts when a resource metric in any account crosses a standard defined threshold.  Which solution will meet these requirements?,A,Deploy an AWS CloudFormation stack set to the accounts in the organization. Use a template that creates the required Amazon CloudWatch alarms and references an Amazon Simple Notification Service (Amazon SNS) topic in the logging account with publish permissions for all the accounts.,Deploy an AWS CloudFormation stack in each account. Use the stack to deploy the required Amazon CloudWalch alarms and the required Amazon Simple Notification Service (Amazon SNS) topic.,Deploy an AWS Lambda function on a cron job in each account. Configure the Lambda function to read resources that are in the account and to invoke an Amazon Simple Notification Service (Amazon SNS) topic if any metrics cross the defined threshold.,Deploy an AWS CloudFormation change set to the organization. Use a template to create the required Amazon CloudWatch alarms and to send alerts to a verified Amazon Simple Email Service (Amazon SES) identity.,,,"一家公司使用 AWS Organizations 来管理其多账户环境。  
该组织包含一个用于安全的专用账户和一个用于日志记录的专用账户。  
一名 SysOps 管理员需要实现一个集中式解决方案，提供当任何账户中的资源指标超过定义的标准阈值时的警报。  
哪种解决方案可以满足这些要求？","在组织中的账户部署一个 AWS CloudFormation stack set。  
使用一个模板，该模板创建所需的 Amazon CloudWatch 警报，并在日志账户中引用一个具有发布权限的 Amazon Simple Notification Service (Amazon SNS) 主题，供所有账户使用。","在每个账户中部署一个 AWS CloudFormation 堆栈。  
使用该堆栈部署所需的 Amazon CloudWatch 警报和所需的 Amazon Simple Notification Service (Amazon SNS) 主题。","在每个账户中部署一个 AWS Lambda 函数在一个 cron 任务上。  
配置该 Lambda 函数以读取在该账户中的资源，并且调用一个 Amazon Simple Notification Service (Amazon SNS) 主题如果任何指标超过定义的阈值。",将 AWS CloudFormation 变更集部署到组织中。使用模板创建所需的 Amazon CloudWatch 警报，并将警报发送到已验证的 Amazon Simple Email Service (Amazon SES) 身份。,nan,nan,"一家公司使用 AWS Organizations 来管理其多账户环境。  
The company uses AWS Organizations to manage its multi-account environment.  
该组织包含一个用于安全的专用账户和一个用于日志记录的专用账户。  
The organization includes a dedicated account for security and a dedicated account for logging.  
一名 SysOps 管理员需要实现一个集中式解决方案，提供当任何账户中的资源指标超过定义的标准阈值时的警报。  
A SysOps administrator needs to implement a centralized solution that provides alerts when resource metrics in any account exceed defined standard thresholds.  
哪种解决方案可以满足这些要求？  
Which solution can meet these requirements?"
327,A company has an application that uses a scheduled AWS Lambda function to retrieve datasets from external sources over the internet. The function is not associated with a VPC. The company is modifying the application to store the information that the Lambda function retrieves on an Amazon RDS DB instance in a private subnet. The VPC has two public subnets and two private subnets.  A SysOps administrator must deploy a solution that allows the Lambda function to access the new database and continue to access the internet.  Which solution meets these requirements?,C,Create a new Lambda function with VPC access and an Elastic IP address. Attach the function to public subnets in two Availability Zones. Associate a security group with the Elastic IP address. Configure the security group outbound rules to allow Lambda to access the required resources.,Create a new Lambda function with VPC access and two public IP addresses. Attach the function to public subnets in the same Availability Zones that the database uses. Associate a security group with the function. Configure the security group inbound rules to allow Lambda to access the required resources.,Reconfigure the Lambda function for VPC access. Add NAT gateways to the public subnets in the VPAdd route table entries in the private subnets to route through the NAT gateways to the internet. Attach the function to the private subnets that support the database. Associate a security group with the function. Configure the security group outbound rules to allow Lambda to access the internet.,Reconfigure the Lambda function for VPC access. Attach the function to the private subnets. Add route table entries in the private subnets to route through the internet gateway to the internet. Associate a security group with the subnets. Configure the security group inbound rules to allow Lambda to access the required resources through the internet gateway.,,,"一家公司有一个应用程序，使用一个计划的 AWS Lambda 函数来检索来自互联网的外部源的数据集。  
该函数没有与 VPC 相关联。  
该公司正在修改应用程序，以在一个 Amazon RDS DB 实例的私有子网中存储 Lambda 函数检索到的信息。  
该 VPC 有两个公共子网和两个私有子网。  
一名 SysOps 管理员必须部署一个解决方案，允许 Lambda 函数访问新的数据库并继续访问互联网。  
哪种解决方案满足这些要求？","创建一个具有 VPC 访问权限和 Elastic IP 地址的新 Lambda 函数。  
将该函数附加到两个可用区中的公共子网。  
将安全组与 Elastic IP 地址关联。  
配置安全组的出站规则以允许 Lambda 访问所需的资源。","创建一个具有 VPC 访问权限和两个公共 IP 地址的新 Lambda 函数。  
将该函数附加到与数据库使用的相同可用区中的公共子网。  
将安全组与该函数关联。  
配置安全组的入站规则以允许 Lambda 访问所需的资源。",为 VPC 访问重新配置 Lambda 函数。在公共子网中添加 NAT gateways 到 VPAdd 路由表条目，在私有子网中通过 NAT gateways 路由到互联网。将函数附加到支持数据库的私有子网。将安全组与函数关联。配置安全组的出站规则以允许 Lambda 访问互联网。,重新配置 Lambda 函数以实现 VPC 访问。将该函数附加到私有子网。在私有子网中添加路由表条目，通过 internet gateway 路由到 internet。将安全组与子网关联。配置安全组的入站规则，以允许 Lambda 通过 internet gateway 访问所需的资源。,nan,nan,"一家公司有一个应用程序，使用一个计划的 AWS Lambda 函数来检索来自互联网的外部源的数据集。  
The company has an application, using a scheduled AWS Lambda function to retrieve data sets from external sources on the internet.  
该函数没有与 VPC 相关联。  
The function is not associated with a VPC.  
该公司正在修改应用程序，以在一个 Amazon RDS DB 实例的私有子网中存储 Lambda 函数检索到的信息。  
The company is modifying the application to store the information retrieved by the Lambda function in a private subnet of an Amazon RDS DB instance.  
该 VPC 有两个公共子网和两个私有子网。  
The VPC has two public subnets and two private subnets.  
一名 SysOps 管理员必须部署一个解决方案，允许 Lambda 函数访问新的数据库并继续访问互联网。  
A SysOps administrator must deploy a solution that allows the Lambda function to access the new database and continue to access the internet.  
哪种解决方案满足这些要求？  
Which solution meets these requirements?"
328,A company is running production workloads that use a Multi-AZ deployment of an Amazon RDS for MySQL db.m6g.xlarge (general purpose) standard DB instance. Users report that they are frequently encountering a 'too many connections' error. A SysOps administrator observes that the number of connections on the database is high.  The SysOps administrator needs to resolve this issue while keeping code changes to a minimum.  Which solution will meet these requirements MOST cost-effectively?,C,Modify the RDS for MySQL DB instance to a larger instance size.,Modify the RDS for MySQL DB instance to Amazon DynamoDB.,Configure RDS Proxy. Modify the application configuration file to use the RDS Proxy endpoint.,Modify the RDS for MySQL DB instance to a memory optimized DB instance.,,,"一家公司正在运行使用 Amazon RDS for MySQL db.m6g.xlarge（通用型）标准数据库实例的多可用区部署的生产工作负载。  
用户报告他们经常遇到“连接过多”错误。  
一名 SysOps 管理员观察到数据库上的连接数很高。  
SysOps 管理员需要在尽量少更改代码的情况下解决这个问题。  
哪种解决方案将以最具成本效益的方式满足这些要求？",修改 RDS for MySQL DB 实例为更大的实例大小。,将 RDS for MySQL 数据库实例 修改 为 Amazon DynamoDB 。,配置 RDS Proxy。修改应用程序配置文件以使用 RDS Proxy 端点。,将 RDS for MySQL DB 实例修改为一个内存优化的 DB 实例。,nan,nan,"一家公司正在运行使用 Amazon RDS for MySQL db.m6g.xlarge（通用型）标准数据库实例的多可用区部署的生产工作负载。  
用户报告他们经常遇到“连接过多”错误。  
一名 SysOps 管理员观察到数据库上的连接数很高。  
SysOps 管理员需要在尽量少更改代码的情况下解决这个问题。  
哪种解决方案将以最具成本效益的方式满足这些要求？"
329,A company has multiple Amazon EC2 instances that run a resource-intensive application in a development environment. A SysOps administrator is implementing a solution to stop these EC2 instances when they are not in use.  Which solution will meet this requirement?,B,Assess AWS CloudTrail logs to verify that there is no EC2 API activity. Invoke an AWS Lambda function to stop the EC2 instances.,Create an Amazon CloudWatch alarm to stop the EC2 instances when the average CPU utilization is lower than 5% for a 30-minute period.,Create an Amazon CloudWatch metric to stop the EC2 instances when the VolumeReadBytes metric is lower than 500 for a 30-minute period.,Use AWS Config to invoke an AWS Lambda function to stop the EC2 instances based on resource configuration changes.,,,一家公司有多个 Amazon EC2 实例，这些实例在开发环境中运行一个资源密集型应用程序。 一名 SysOps 管理员正在实施一个解决方案，以在这些 EC2 实例不使用时停止它们。 哪个解决方案将满足这个要求？,评估 AWS CloudTrail logs 以验证 没有 EC2 API activity。调用 一个 AWS Lambda function 以停止 EC2 instances。,创建一个 Amazon CloudWatch 警报，以在平均 CPU 利用率低于 5% 持续 30 分钟时停止 EC2 实例。,创建一个 Amazon CloudWatch 指标，以在 VolumeReadBytes 指标在 30 分钟期间低于 500 时停止 EC2 实例。,使用 AWS Config 调用 AWS Lambda 函数以停止 EC2 实例，基于资源配置更改。,nan,nan,"一家公司有多个 Amazon EC2 实例，这些实例在开发环境中运行一个资源密集型应用程序。  
One company has multiple Amazon EC2 instances, these instances in development environment run a resource-intensive application.  
一名 SysOps 管理员正在实施一个解决方案，以在这些 EC2 实例不使用时停止它们。  
A SysOps administrator is implementing a solution to stop them when these EC2 instances are not in use.  
哪个解决方案将满足这个要求？  
Which solution will meet this requirement?"
330,A company has a web application with a database tier that consists of an Amazon EC2 instance that runs MySQL. A SysOps administrator needs to minimize potential data loss and the time that is required to recover in the event of a database failure.  What is the MOST operationally efficient solution that meets these requirements?,B,Create an Amazon CloudWatch alarm for the StatusCheckFailed_System metric to invoke an AWS Lambda function that stops and starts the EC2 instance.,Create an Amazon RDS for MySQL Multi-AZ DB instance. Use a MySQL native backup that is stored in Amazon S3 to restore the data to the new database. Update the connection string in the web application.,Create an Amazon RDS for MySQL Single-AZ DB instance with a read replica. Use a MySQL native backup that is stored in Amazon S3 to restore the data to the new database. Update the connection string in the web application,"Use Amazon Data Lifecycle Manager (Amazon DLM) to take a snapshot of the Amazon Elastic Block Store (Amazon EBS) volume every hour. In the event of an EC2 instance failure, restore the EBS volume from a snapshot.",,,一家公司拥有一个具有数据库层的 web 应用程序，该数据库层由运行 MySQL 的 Amazon EC2 实例组成。 一名 SysOps 管理员需要最大程度地减少潜在的数据丢失和在数据库故障事件中恢复所需的时间。 什么是满足这些要求的最具操作效率的解决方案？,为 StatusCheckFailed_System 指标创建一个 Amazon CloudWatch 警报，以调用一个 AWS Lambda 函数，该函数停止并启动 EC2 实例。,创建一个 Amazon RDS for MySQL Multi-AZ DB 实例。使用存储在 Amazon S3 中的 MySQL 原生备份，将数据还原到新的数据库。更新 Web 应用程序中的连接字符串。,"创建一个 Amazon RDS for MySQL 单可用区（Single-AZ）数据库实例，带有一个只读副本（read replica）。  
使用存储在 Amazon S3 的 MySQL 原生备份（MySQL native backup）将数据还原到新的数据库。  
在网页应用程序中更新连接字符串（connection string）。","使用 Amazon Data Lifecycle Manager (Amazon DLM) 每小时对 Amazon Elastic Block Store (Amazon EBS) 卷进行快照。  
在 EC2 实例故障的情况下，从快照恢复 EBS 卷。",nan,nan,"一家公司拥有一个具有数据库层的 web 应用程序，该数据库层由运行 MySQL 的 Amazon EC2 实例组成。  
一名 SysOps 管理员需要最大程度地减少潜在的数据丢失和在数据库故障事件中恢复所需的时间。  
什么是满足这些要求的最具操作效率的解决方案？"
331,"A company uses AWS CloudFormation to manage a stack of Amazon EC2 instances on AWS. A SysOps administrator needs to keep the instances and all of the instances' data, even if someone deletes the stack.  Which solution will meet these requirements?",D,Set the DeletionPolicy attribute to Snapshot for the EC2 instance resource in the CloudFormation template.,Automate backups by using Amazon Data Lifecycle Manager (Amazon DLM).,Create a backup plan in AWS Backup.,Set the DeletionPolicy attribute to Retain for the EC2 instance resource in the CloudFormation template.,,,一家公司使用 AWS CloudFormation 来管理一堆 Amazon EC2 实例在 AWS 上。 一名 SysOps 管理员需要保持这些实例和所有实例的数据，即使有人删除了堆栈。 哪个解决方案将满足这些要求？,在 CloudFormation 模板中，将 DeletionPolicy 属性设置为 Snapshot，用于 EC2 实例资源。,通过使用 Amazon Data Lifecycle Manager (Amazon DLM) 自动化备份。,在 AWS Backup 中创建一个备份计划。,在 CloudFormation 模板中，将 DeletionPolicy 属性设置为 Retain，用于 EC2 实例资源。,nan,nan,"一家公司使用 AWS CloudFormation 来管理一堆 Amazon EC2 实例在 AWS 上。  
一名 SysOps 管理员需要保持这些实例和所有实例的数据，即使有人删除了堆栈。  
哪个解决方案将满足这些要求？"
332,Accompany wants to monitor the number of Amazon EC2 instances that it is running. The company also wants to automate a service quota increase when the number of instances reaches a specific threshold.  Which solution meets these requirements?,A,Create an Amazon CloudWatch alarm to monitor Service Quotas. Configure the alarm to invoke an AWS Lambda function to request a quota increase when the alarm reaches the threshold.,Create an AWS Config rule to monitor Service Quotas. Call an AWS Lambda function to remediate the action and increase the quota.,Create an Amazon CloudWateh alarm to monitor the AWS Health Dashboard. Configure the alarm to invoke an AWS Lambda function to request a quota increase when the alarm reaches the threshold.,Create an Amazon CloudWatch alarm to monitor AWS Trusted Advisor service quotas. Configure the alarm to publish a message to an Amazon Simple Notification Service (Amazon SNS) topic to increase the quota.,,,"Accompany 想要监控 它 正在 运行 的 Amazon EC2 实例 数量。  
该 公司 也 想要 自动化 一个 服务 配额 增加 当 实例 数量 达到 一个 特定 阈值 时。  
哪 一个 解决方案 满足 这些 要求？",创建一个 Amazon CloudWatch 警报以监控 Service Quotas。配置该警报以调用一个 AWS Lambda 函数在警报达到阈值时请求配额增加。,创建一个 AWS Config 规则以监控 Service Quotas。调用一个 AWS Lambda 函数以补救该操作并增加配额。,创建一个 Amazon CloudWatch 警报以监控 AWS Health Dashboard。配置该警报以调用一个 AWS Lambda 函数，当警报达到阈值时请求配额增加。,"创建一个 Amazon CloudWatch 警报以监控 AWS Trusted Advisor 服务配额。  
配置该警报以向一个 Amazon Simple Notification Service (Amazon SNS) 主题发布消息以增加配额。",nan,nan,"Accompany 想要监控 它 正在 运行 的 Amazon EC2 实例 数量。  
该 公司 也 想要 自动化 一个 服务 配额 增加 当 实例 数量 达到 一个 特定 阈值 时。  
哪 一个 解决方案 满足 这些 要求？"
333,A SysOps administrator is responsible for more than 50 Amazon EC2 instances that are deployed in a single production AWS account. The EC2 instances are running several different operating systems. The company's standards require patching to be completed at least once a month.  The SysOps administrator wants to use AWS Systems Manager to reduce the number of hours the company spends on operating system patching each month.  Which combination of steps should the SysOps administrator take to meet these requirements? (Choose three.),ACE,Group similar EC2 instances together into resource groups by using AWS Resource Groups.,Create a schedule in Systems Manager Patch Manager. Specify the appropriate resource group as the target.,Specify Systems Manager Automation runbooks to patch the operating systems. Register the runbooks as tasks in the maintenance window. Specify the appropriate resource group as the target.,Create a Systems Manager Automation runbook to monitor and control the state of the patches required. Apply the runbook to Systems Manager Patch Manager.,Create a single Systems Manager maintenance window for each resource group.,Configure Systems Manager Fleet Manager to apply a Systems Manager Automation runbook to the appropriate resource group.,"一名 SysOps 管理员负责在单一生产 AWS 账户中部署的超过 50 个 Amazon EC2 实例。  
这些 EC2 实例正在运行几种不同的操作系统。  
公司的标准要求每月至少完成一次补丁。  
SysOps 管理员希望使用 AWS Systems Manager 来减少公司每月在操作系统补丁上的花费时间。  
应采取哪些步骤组合以满足这些要求？（选择三个。）",将类似的 EC2 实例 组合在一起 进入 资源组 通过 使用 AWS Resource Groups。,在 Systems Manager Patch Manager 中创建一个计划。 指定适当的资源组作为目标。,"指定 Systems Manager Automation 运行簿以修补操作系统。  
将运行簿注册为维护窗口中的任务。  
指定适当的资源组作为目标。",创建一个 Systems Manager Automation 运行手册以监控和控制所需补丁的状态。将运行手册应用于 Systems Manager Patch Manager。,为每个资源组创建一个单一的 Systems Manager 维护窗口。,配置 Systems Manager Fleet Manager 以应用 一个 Systems Manager Automation 运行手册 到 合适的 资源组。,"一名 SysOps 管理员负责在单一生产 AWS 账户中部署的超过 50 个 Amazon EC2 实例。  
这些 EC2 实例正在运行几种不同的操作系统。  
公司的标准要求每月至少完成一次补丁。  
SysOps 管理员希望使用 AWS Systems Manager 来减少公司每月在操作系统补丁上的花费时间。  
应采取哪些步骤组合以满足这些要求？（选择三个。）"
334,A company has multiple AWS accounts. The company uses AWS Organizations with an organizational unit (OU) for the production account and another OU for the development account. Corporate policies state that developers may use only approved AWS services in the production account.  What is the MOST operationally efficient solution to control the production account?,C,Create a customer managed policy in AWS Identity and Access Management (IAM). Apply the policy to all users within the production account.,Create a job function policy in AWS Identity and Access Management (IAM). Apply the policy to all users within the production OU.,Create a service control policy (SCP). Apply the SCP to the production OU.,Create an IAM policy. Apply the policy in Amazon API Gateway to restrict the production account.,,,"一家公司拥有多个 AWS 账户。  
The company uses AWS Organizations with an organizational unit (OU) for the production account and another OU for the development account.  
公司使用 AWS Organizations，具有一个组织单元（OU）用于生产账户，另一个 OU 用于开发账户。  
企业政策规定，开发人员只能在生产账户中使用已批准的 AWS 服务。  
Corporate policies state that developers may use only approved AWS services in the production account.  
企业政策声明，开发人员只能在生产账户中使用已批准的 AWS 服务。  
什么是最具操作效率的解决方案以控制生产账户？  
What is the MOST operationally efficient solution to control the production account?",在 AWS Identity and Access Management (IAM) 中创建一个客户管理策略。 将该策略应用于生产账户内的所有用户。,在 AWS Identity and Access Management (IAM) 中创建一个作业功能策略。将该策略应用于生产 OU 内的所有用户。,创建 一个 服务 控制 政策 (SCP)。应用 于 生产 OU。,创建 一个 IAM 政策。应用 该 政策 在 Amazon API Gateway 以 限制 生产 账户。,nan,nan,"一家公司拥有多个 AWS 账户。  
The company uses AWS Organizations with an organizational unit (OU) for the production account and another OU for the development account.  
公司使用 AWS Organizations，具有一个组织单元（OU）用于生产账户，另一个 OU 用于开发账户。  
企业政策规定，开发人员只能在生产账户中使用已批准的 AWS 服务。  
Corporate policies state that developers may use only approved AWS services in the production account.  
企业政策声明，开发人员只能在生产账户中使用已批准的 AWS 服务。  
什么是最具操作效率的解决方案以控制生产账户？  
What is the MOST operationally efficient solution to control the production account?"
335,"A company has applications that process transaction requests multiple times each minute. The applications write transaction data to a single Amazon RDS DB instance. As the company begins to process more transactions, the company becomes concerned that it has no failover solution in place for disaster recovery (DR). The company needs the DB instance to fail over automatically without losing any committed transactions.  Which solution will meet these requirements?",C,Create an RDS read replica in the same AWS Region. Configure an AWS Lambda function to promote the replica as the primary DB instance during a DR scenario.,Create an RDS read replica in a different AWS Region. Configure an AWS Lambda function to promote the replica as the primary DB instance during a DR scenario.,Modify the DB instance to be a Multi-AZ deployment.,Setup an Amazon CloudWatch alarm that monitors the DB instance memory utilization with a threshold greater than 90%. Invoke an AWS Lambda function to restart the DB instance.,,,"一家公司拥有应用程序，这些应用程序每分钟多次处理交易请求。  
The applications write transaction data to a single Amazon RDS DB instance.  
随着公司开始处理更多的交易，  
As the company begins to process more transactions,  
公司开始担心它没有灾难恢复（DR）的故障转移解决方案。  
the company becomes concerned that it has no failover solution in place for disaster recovery (DR).  
公司需要该 DB 实例在没有丢失任何已提交交易的情况下自动故障转移。  
The company needs the DB instance to fail over automatically without losing any committed transactions.  
哪种解决方案可以满足这些要求？  
Which solution will meet these requirements?",在相同的 AWS Region 中创建一个 RDS 只读副本。配置一个 AWS Lambda 函数，在灾难恢复场景中将副本提升为主数据库实例。,在不同的 AWS Region 创建一个 RDS 只读副本。配置一个 AWS Lambda 函数在灾难恢复场景中将副本提升为主数据库实例。,修改 该 数据库 实例 以 成为 一个 Multi-AZ 部署。,设置一个 Amazon CloudWatch 警报，该警报监控 DB 实例内存利用率，阈值大于 90%。调用一个 AWS Lambda 函数以重启 DB 实例。,nan,nan,"一家公司拥有应用程序，这些应用程序每分钟多次处理交易请求。  
The applications write transaction data to a single Amazon RDS DB instance.  
随着公司开始处理更多的交易，  
As the company begins to process more transactions,  
公司开始担心它没有灾难恢复（DR）的故障转移解决方案。  
the company becomes concerned that it has no failover solution in place for disaster recovery (DR).  
公司需要该 DB 实例在没有丢失任何已提交交易的情况下自动故障转移。  
The company needs the DB instance to fail over automatically without losing any committed transactions.  
哪种解决方案可以满足这些要求？  
Which solution will meet these requirements?"
336,ASysOps administrator configures an application to run on Amazon EC2 instances behind an Application Load Balancer (ALB) in a simple scaling Auto Scaling group with the default settings. The Auto Scaling group is configured to use the RequestCountPerTarget metric for scaling. The SysOps administrator notices that the RequestCountPerTarget metric exceeded the specified limit twice in 180 seconds.  How will the number of EC2 instances in this Auto Scaling group be affected in this scenario?,B,The Auto Scaling group will launch an additional EC2 instance every time the RequestCountPerTarget metric exceeds the predefined limit.,The Auto Scaling group will launch one EC2 instance and will wait for the default cooldown period before launching another instance.,The Auto Scaling group will send an alert to the ALB to rebalance the traffic and not add new EC2 instances until the load is normalized.,The Auto Scaling group will try to distribute the traffic among all EC2 instances before launching another instance.,,,"SysOps 管理员配置一个应用程序在 Amazon EC2 实例上运行，位于一个 Application Load Balancer (ALB) 后面，使用一个具有默认设置的简单扩展 Auto Scaling 组。  
该 Auto Scaling 组被配置为使用 RequestCountPerTarget 指标进行扩展。  
SysOps 管理员注意到 RequestCountPerTarget 指标在 180 秒内超过了指定的限制两次。  
在这种情况下，这个 Auto Scaling 组中的 EC2 实例数量将受到怎样的影响？",Auto Scaling 组将每次当 RequestCountPerTarget 指标超过预定义限制时，启动一个额外的 EC2 实例。,Auto Scaling 组将启动一个 EC2 实例，并且将等待默认冷却时间，然后再启动另一个实例。,Auto Scaling 组将会发送一个警报到 ALB 以重新平衡 流量，并且不会添加新的 EC2 实例，直到 负载 被 正常化。,Auto Scaling 组将会尝试在启动另一个实例之前，将流量分配给所有的 EC2 实例。,nan,nan,"SysOps 管理员配置一个应用程序在 Amazon EC2 实例上运行，位于一个 Application Load Balancer (ALB) 后面，使用一个具有默认设置的简单扩展 Auto Scaling 组。  
该 Auto Scaling 组被配置为使用 RequestCountPerTarget 指标进行扩展。  
SysOps 管理员注意到 RequestCountPerTarget 指标在 180 秒内超过了指定的限制两次。  
在这种情况下，这个 Auto Scaling 组中的 EC2 实例数量将受到怎样的影响？"
337,A company has a secure website running on Amazon EC2 instances behind an Application Load Balancer (ALB). An SSL certificate from AWS Certificate Manager (ACM) is used on the ALB. Users with legacy web browsers are experiencing issues with the website.  How should the SysOps administrator resolve these issues in the MOST operationally efficient manner?,D,Create a new SSL certificate in ACM and install the new certificate on the ALB to support legacy web browsers.,Create a second ALB and install a custom SSL certificate with a different domain name on the second ALB to support legacy web browsers.,Remove the ALB from the configuration and install a custom SSL certificate on each web server.,Update the SSL negotiation configuration of the ALB with a security policy that contains ciphers for legacy web browsers.,,,一家公司有一个安全的网站在 Amazon EC2 实例上运行，位于一个 Application Load Balancer (ALB) 后面。 一个来自 AWS Certificate Manager (ACM) 的 SSL 证书被用在 ALB 上。 使用旧版网页浏览器的用户遇到网站问题。  SysOps 管理员应以最具操作效率的方式解决这些问题？,在 ACM 中创建一个新的 SSL 证书，并且安装新的证书在 ALB 上以支持  legacy web browsers 。,创建一个第二个 ALB 和 安装 一个自定义 SSL 证书 与 一个不同的 域名 在 第二个 ALB 上 以 支持 旧版 网络 浏览器。,从配置中移除 ALB，并在每个 web 服务器上安装自定义 SSL 证书。,用包含用于旧版网页浏览器的密码套件的安全策略，更新 ALB 的 SSL 协商配置。,nan,nan,"一家公司有一个安全的网站在 Amazon EC2 实例上运行，位于一个 Application Load Balancer (ALB) 后面。  
一个来自 AWS Certificate Manager (ACM) 的 SSL 证书被用在 ALB 上。  
使用旧版网页浏览器的用户遇到网站问题。  
SysOps 管理员应以最具操作效率的方式解决这些问题？"
338,"A company hosts an internet web application on Amazon EC2 instances. The company is replacing the application with a new AWS Lambda function. During a transition period, the company must route some traffic to the legacy application and some traffic to the new Lambda function. The company needs to use the URL path of request to determine the routing.  Which solution will meet these requirements?",D,Configure a Gateway Load Balancer to use the URL path to direct traffic to the legacy application and the new Lambda function.,Configure a Network Load Balancer to use the URL path to direct traffic to the legacy application and the new Lambda function.,Configure a Network Load Balancer to use a regular expression to match the URL path to direct traffic to the new Lambda function.,Configure an Application Load Balancer to use the URL path to direct traffic to the legacy application and the new Lambda function.,,,"一家公司在 Amazon EC2 实例上托管一个互联网网页应用程序。  
The company is replacing the application with a new AWS Lambda function.  
在过渡期间，公司必须将一些流量路由到遗留应用程序，另一些流量路由到新的 Lambda 函数。  
During a transition period, the company must route some traffic to the legacy application and some traffic to the new Lambda function.  
公司需要使用请求的 URL 路径来确定路由。  
The company needs to use the URL path of request to determine the routing.  
哪个解决方案可以满足这些要求？  
Which solution will meet these requirements?",配置一个 Gateway Load Balancer 以使用 URL 路径 来 指导 流量 到 旧版 应用程序 和 新的 Lambda 函数。,配置一个 Network Load Balancer 以使用 URL 路径 来 指导 流量 到 旧版 应用程序 和 新的 Lambda 函数。,配置一个 Network Load Balancer 以使用正则表达式匹配 URL 路径，将流量引导到新的 Lambda 函数。,配置一个 Application Load Balancer 以使用 URL 路径将流量引导到  legacy application 和  new Lambda function。,nan,nan,"一家公司在 Amazon EC2 实例上托管一个互联网网页应用程序。  
The company is replacing the application with a new AWS Lambda function.  
在过渡期间，公司必须将一些流量路由到遗留应用程序，另一些流量路由到新的 Lambda 函数。  
During a transition period, the company must route some traffic to the legacy application and some traffic to the new AWS Lambda function.  
公司需要使用请求的 URL 路径来确定路由。  
The company needs to use the URL path of request to determine the routing.  
哪个解决方案可以满足这些要求？  
Which solution will meet these requirements?"
339,"A SysOps administrator launches an Amazon EC2 Linux instance in a public subnet. When the instance is running, the SysOps administrator obtains the public IP address and attempts to remotely connect to the Instance multiple times. However, the SysOps administrator always receives a timeout error.  Which action will allow the SysOps administrator to remotely connect to the instance?",C,Add a route table entry in the public subnet for the SysOps administrator's IP address.,Add an outbound network ACL rule to allow TCP port 22 for the SysOps administrator's IP address.,Modify the instance security group to allow inbound SSH traffic from the SysOps administrator's IP address.,Modify the instance security group to allow outbound SSH traffic to the SysOps administrator's IP address.,,,一名 SysOps 管理员在公共子网中启动了一个 Amazon EC2 Linux 实例。 当实例运行时，SysOps 管理员获取了公共 IP 地址，并尝试多次远程连接到实例。 然而，SysOps 管理员总是收到超时错误。 哪个操作将允许 SysOps 管理员远程连接到实例？,在公共子网中添加一条路由表条目，针对 SysOps 管理员的 IP 地址。,添加一个出站网络ACL规则以允许TCP端口22用于SysOps管理员的IP地址。,修改 the 实例 security group to 允许 inbound SSH 流量 从 the SysOps 管理员's IP 地址。,修改 the 实例 security group to 允许 outbound SSH 流量 到 the SysOps 管理员's IP 地址。,nan,nan,"一名 SysOps 管理员在公共子网中启动了一个 Amazon EC2 Linux 实例。  
When the instance is running, the SysOps 管理员获取了公共 IP 地址，  
and attempts multiple remote connections to the instance.  
然而，SysOps 管理员总是收到超时错误。  
Which operation will allow the SysOps 管理员远程连接到实例？"
341,A company needs to deploy a new workload on AWS. The company must encrypt all data at rest and must rotate the encryption keys once each year. The workload uses an Amazon RDS for MySQL Multi-AZ database for data storage.  Which configuration approach will meet these requirements?,C,Enable Transparent Data Encryption (TDE) in the MySQL configuration file. Manually rotate the key every 12 months.,Enable RDS encryption on the database at creation time by using the AWS managed key for Amazon RDS.,Create a new AWS Key Management Service (AWS KMS) customer managed key. Enable automatic key rotation. Enable RDS encryption on the database at creation time by using the KMS key.,Create a new AWS Key Management Service (AWS KMS) customer managed key. Enable automatic key rotation. Enable encryption on the Amazon Elastic Block Store (Amazon EBS) volumes that are attached to the RDS DB instance.,,,"一家公司需要在 AWS 上部署一个新的工作负载。  
The company 必须加密所有静态数据，并且必须每年轮换一次加密密钥。  
The workload 使用 Amazon RDS for MySQL Multi-AZ 数据库进行数据存储。  
哪种配置方法将满足这些要求？",在 MySQL 配置文件中启用 Transparent Data Encryption (TDE)。手动每 12 个月轮换一次密钥。,在创建时间，通过使用 AWS 管理的密钥为 Amazon RDS 启用 RDS 加密。,"创建 一个 新的 AWS Key Management Service (AWS KMS) 客户 管理 密钥。  
启用 自动 密钥 轮换。  
在 创建 时， 通过 使用 KMS 密钥， 启用 RDS 加密 在 数据库 上。",创建一个新的 AWS Key Management Service (AWS KMS) 客户管理密钥。启用自动密钥轮换。启用对连接到 RDS DB 实例的 Amazon Elastic Block Store (Amazon EBS) 卷的加密。,nan,nan,"一家公司 需要 在 AWS 上 部署 一个 新的 工作负载。  
The company 必须 加密 所有 静态 数据， 并且 必须 每年 轮换 一次 加密 密钥。  
The workload 使用 Amazon RDS for MySQL Multi-AZ 数据库 进行 数据存储。  
哪种 配置 方法 将 满足 这些 要求？"
342,A company runs a high performance computing (HPC) application on an Amazon EC2 instance. The company needs to scale this architecture to two or more EC2 instances. The EC2 instances will need to communicate with each other at high speeds with low latency to support the application.  The company wants to ensure that the network performance can support the required communication between the EC2 instances  What should a SysOps administrator do to meet these requirements?,A,Create a cluster placement group. Back up the existing EC2 instance to an Amazon Machine Image (AMI). Restore the EC2 instance from the AMI into the placement group. Launch the additional EC2 instances into the placement group.,Back up the existing EC2 instance to an Amazon Machine Image (AMI). Create a launch template from the existing EC2 instance by specifying the AMI. Create an Auto Scaling group and configure the desired instance count.,Create a Network Load Balancer (NLB) and a target group. Launch the new EC2 instances and register them with the target group. Register the existing EC2 instance with the target group. Pass all application traffic through the NLB.,Back up the existing EC2 instance to an Amazon Machine Image (AMI). Create additional clones of the EC2 instance from the AMI in the same Availability Zone where the existing EC2 instance is located.,,,"一家公司在 Amazon EC2 实例上运行一个高性能计算（HPC）应用程序。  
该公司需要将此架构扩展到两个或更多的 EC2 实例。  
这些 EC2 实例将需要以高速、低延迟相互通信，以支持该应用程序。  
该公司希望确保网络性能能够支持 EC2 实例之间所需的通信。  
SysOps 管理员应该采取什么措施以满足这些要求？",创建一个集群放置组。备份现有的 EC2 实例到一个 Amazon Machine Image (AMI)。从 AMI 恢复 EC2 实例到放置组中。将额外的 EC2 实例启动到放置组中。,"将现有的 EC2 实例备份到一个 Amazon Machine Image (AMI)。  
从现有的 EC2 实例创建一个启动模板，方法是指定 AMI。  
创建一个 Auto Scaling 组并配置所需的实例数量。",创建一个 Network Load Balancer (NLB) 和一个 target group。启动新的 EC2 instances 并将它们注册到 target group。将现有的 EC2 instance 注册到 target group。通过 NLB 传递所有应用程序流量。,将现有的 EC2 实例备份到一个 Amazon Machine Image (AMI)。在与现有的 EC2 实例所在的相同可用区中，从该 AMI 创建额外的 EC2 实例克隆。,nan,nan,"一家公司在 Amazon EC2 实例上运行一个高性能计算（HPC）应用程序。  
该公司需要将此架构扩展到两个或更多的 EC2 实例。  
这些 EC2 实例将需要以高速、低延迟相互通信，以支持该应用程序。  
该公司希望确保网络性能能够支持 EC2 实例之间所需的通信。  
SysOps 管理员应该采取什么措施以满足这些要求？"
343,"A developer creates an AWS Lambda function that runs when an object is put into an Amazon S3 bucket. The function reformats the object and places the object back into the S3 bucket. During testing, the developer notices a recursive invocation loop. The developer asks a SysOps administrator to immediately stop the recursive invocations.  What should the SysOps administrator do to stop the loop without errors?",B,Delete all the objects from the S3 bucket.,Set the function's reserved concurrency to 0.,Update the S3 bucket policy to deny access for the function.,Publish a new version of the function.,,,"一位开发者创建了一个 AWS Lambda function，当一个对象被放入 Amazon S3 bucket 时会运行。  
The function reformats the object and places the object back into the S3 bucket.  
在测试期间，开发者注意到一个递归调用循环。  
The developer asks a SysOps administrator to immediately stop the recursive invocations.  
SysOps 管理员应该做什么以在没有错误的情况下停止这个循环？",删除 所有 的 对象 从 S3 bucket 。,将该函数的 reserved concurrency 设置为 0。,更新  the S3 bucket policy  以 拒绝  access  给  the function  。,发布 一个 新 版本 的 function。,nan,nan,"一位开发者创建了一个 AWS Lambda function，当一个对象被放入 Amazon S3 bucket 时会运行。  
The function 重新格式化 the object 并且 放置 the object back into the S3 bucket。  
在测试期间，开发者注意到一个 递归调用 循环。  
The developer 请求 一个 SysOps administrator 立即 停止 the recursive invocations。  
SysOps 管理员应该做什么 以在没有错误的情况下 停止 这个 循环？"
344,A company has an application that runs behind an Application Load Balancer (ALB) in the us-west-2 Region. An Amazon Route 53 record set contains an alias record for app.anycompany.com that references the ALB in us-west-2 and uses a simple routing policy. The application is experiencing an increase in users from other locations in the world. These users are experiencing high latency.  Most of the new users are close to the ap-southeast-2 Region. The company deploys a copy of the application to ap-southeast-2. A SysOps administrator must implement a solution that automatically routes requests to the lowest latency endpoint for users without changing the URL.  Which solution will meet these requirements?,C,Add a new value to the existing alias record for app.anycompany.com with the DNS name of the new ALB in ap-southeast-2.,"Change the existing alias record to use a geolocation routing policy. Create two geolocation records, one record that references each ALSelect the location that is closest to each Region.","Change the existing alias record to use a latency routing policy. Create two latency records, one record that references each ALB.",Change the existing alias record to use a multivalue routing policy Add the DNS name of each ALB to the record.,,,"一家公司有一个应用程序，该应用程序在 us-west-2 Region 后面运行。  
An Amazon Route 53 record set contains an alias record for app.anycompany.com that references the ALB in us-west-2 and uses a simple routing policy.  
该 Amazon Route 53 记录集包含一个别名记录，指向 us-west-2 中的 ALB，并使用一个简单路由策略。  
The application is experiencing an increase in users from other locations in the world.  
该应用程序正经历来自世界其他地区用户的增加。  
These users are experiencing high latency.  
这些用户体验到高延迟。  
Most of the new users are close to the ap-southeast-2 Region.  
大多数新用户靠近 ap-southeast-2 区域。  
The company deploys a copy of the application to ap-southeast-2.  
公司将应用程序的副本部署到 ap-southeast-2。  
A SysOps administrator must implement a solution that automatically routes requests to the lowest latency endpoint for users without changing the URL.  
一名 SysOps 管理员必须实施一个解决方案，自动将请求路由到延迟最低的端点，且不改变 URL。  
Which solution will meet these requirements?  
哪种解决方案可以满足这些要求？",在 ap-southeast-2 中，将新 ALB 的 DNS 名称添加到 app.anycompany.com 的现有别名记录的新的值。,"将现有的 alias 记录更改为使用 geolocation routing policy。  
创建两个 geolocation 记录，一个记录引用每个 AL，  
选择最接近每个 Region 的位置。",将现有的 alias 记录更改为使用 latency routing policy。创建两个 latency 记录，一个记录引用每个 ALB。,将 现有 的 alias 记录 改为 使用 一个 multivalue routing policy ， 添加 每个 ALB 的 DNS name 到 记录 中。,nan,nan,"一家公司有一个应用程序，该应用程序在 us-west-2 Region 后面运行。  
An Amazon Route 53 record set contains an alias record for app.anycompany.com that references the ALB in us-west-2 and uses a simple routing policy.  
该 Amazon Route 53 记录集包含一个别名记录，指向 us-west-2 中的 ALB，并使用一个简单路由策略。  
The application is experiencing an increase in users from other locations in the world.  
该应用程序正经历来自世界其他地区用户的增加。  
These users are experiencing high latency.  
这些用户体验到高延迟。  
Most of the new users are close to the ap-southeast-2 Region.  
大多数新用户靠近 ap-southeast-2 区域。  
The company deploys a copy of the application to ap-southeast-2.  
公司将应用程序的副本部署到 ap-southeast-2。  
A SysOps administrator must implement a solution that automatically routes requests to the lowest latency endpoint for users without changing the URL.  
一名 SysOps 管理员必须实施一个解决方案，自动将请求路由到延迟最低的端点，且不改变 URL。  
Which solution will meet these requirements?  
哪种解决方案可以满足这些要求？"
345,A company stores files on 50 Amazon S3 buckets in the same AWS Region. The company wants to connect to the S3 buckets securely over a private connection from its Amazon EC2 instances. The company needs a solution that produces no additional cost.  Which solution will meet these requirements?,C,Create a gateway VPC endpoint for each S3 bucket. Attach the gateway VPC endpoints to each subnet inside the VPC.,Create an interface VPC endpoint for each S3 bucket. Attach the interface VPC endpoints to each subnet inside the VPC.,Create one gateway VPC endpoint for all the S3 buckets. Add the gateway VPC endpoint to the VPC route table.,Create one interface VPC endpoint for all the S3 buckets. Add the interface VPC endpoint to the VPC route table.,,,"一家公司在同一 AWS 区域内的 50 个 Amazon S3 存储桶中存储文件。  
The company wants to connect to the S3 buckets securely over a private connection from its Amazon EC2 instances.  
该公司需要一种不产生额外成本的解决方案。  
The company needs a solution that produces no additional cost.  
哪种解决方案可以满足这些要求？","为每个 S3 桶创建一个 gateway VPC endpoint。  
将 gateway VPC endpoints 附加到 VPC 内的每个子网。","为每个 S3 桶创建一个接口 VPC 端点。  
将接口 VPC 端点附加到 VPC 内的每个子网。","为所有的 S3 桶创建一个 gateway VPC endpoint。  
将 gateway VPC endpoint 添加到 VPC 路由表中。","为所有的 S3 桶创建一个接口 VPC 端点。  
将接口 VPC 端点添加到 VPC 路由表。",nan,nan,"这家公司想要从其 Amazon EC2 实例通过私有连接安全地连接到 Amazon S3 存储桶。  
The company wants to connect to the S3 buckets securely over a private connection from its Amazon EC2 instances.  
该公司需要一种不产生额外成本的解决方案。  
The company needs a solution that produces no additional cost.  
哪种解决方案可以满足这些要求？"
346,"A company's security policy states that connecting to Amazon EC2 instances is not permitted through SSH and ROP. If access is required, authorized staff can connect to instances by using AWS Systems Manager Session Manager.  Users report that they are unable to connect to one specific Amazon EC2 instance that is running Ubuntu and has AWS Systems Manager Agent (SSM Agent) pre-installed. These users are able to use Session Manager to connect to other instances in the same subnet, and they are in an IAM group that has Session Manager permission for all instances.  What should a SysOps administrator do to resolve this issue?",B,Add an inbound rule for port 22 in the security group associated with the Ubuntu instance.,Assign the AmazonSSMManagedInstanceCore managed policy to the EC2 instance profile for the Ubuntu instance.,Configure the SSM Agent to log in with a user name of 'ubuntu'.,"Generate a new key pair, configure Session Manager to use this new key pair, and provide the private key to the users.",,,"一家公司 的 安全 政策 规定 ， 连接 到 Amazon EC2 实例 不允许 通过 SSH 和 ROP 。  
如果 需要 访问 ， 授权 的 员工 可以 使用 AWS Systems Manager Session Manager 连接 到 实例 。  
用户 报告 他们 无法 连接 到 一个 特定 的 Amazon EC2 实例 ， 该 实例 正在 运行 Ubuntu ， 并且 已经 预装 了 AWS Systems Manager Agent (SSM Agent) 。  
这些 用户 能够 使用 Session Manager 连接 到 同一 子网 中 的 其他 实例 ， 并且 他们 在 一个 IAM 组 中 ， 该 组 具有 对 所有 实例 的 Session Manager 权限 。  
SysOps 管理员 应该 做 什么 来 解决 这个 问题 ？",在与 Ubuntu 实例相关联的安全组中，为端口 22 添加一个入站规则。,将 AmazonSSMManagedInstanceCore 管理策略分配给 EC2 实例配置文件，用于 Ubuntu 实例。,"配置 SSM Agent 以使用用户名为 ""ubuntu"" 的登录。",生成一个新的密钥对，配置 Session Manager 使用这个新的密钥对，和提供私钥给用户。,nan,nan,"一家公司 的 安全 政策 规定 ， 连接 到 Amazon EC2 实例 不允许 通过 SSH 和 RDP 。  
如果 需要 访问 ， 授权 的 员工 可以 使用 AWS Systems Manager Session Manager 连接 到 实例 。  
用户 报告 他们 无法 连接 到 一个 特定 的 Amazon EC2 实例 ， 该 实例 正在 运行 Ubuntu ， 并且 已经 预装 了 AWS Systems Manager Agent (SSM Agent) 。  
这些 用户 能够 使用 Session Manager 连接 到 同一 子网 中 的 其他 实例 ， 并且 他们 在 一个 IAM 组 中 ， 该 组 具有 对 所有 实例 的 Session Manager 权限 。  
SysOps 管理员 应该 做 什么 来 解决 这个 问题 ？"
347,A SysOps administrator is configuring Amazon CloudWatch alarms. A particular is constantly in the ALARM state.  What could be the reason for this issue?,A,"Alarms continue to evaluate metrics against configured thresholds, even after they are triggered.","After alarms are triggered, they remain in the ALARM state until they are manually disabled.","After an alarm is triggered and an action is performed, the application logic must reset the alarm to its normal state.",The alarm is not receiving appropriate metrics.,,,"一名 SysOps 管理员正在配置 Amazon CloudWatch 警报。  
一个特定的持续处于 ALARM 状态。  
这可能导致这个问题的原因是什么？",警报继续对指标进行评估，against 配置的阈值，even 之后它们被触发。,在警报被触发后，它们保持在 ALARM 状态，直到它们被手动禁用。,在一个 alarm 被触发并且一个 action 被执行之后，应用程序逻辑必须重置 alarm 到它的正常状态。,警报 不是  接收  适当  指标 。,nan,nan,"一名 SysOps 管理员正在配置 Amazon CloudWatch 警报。  
一个特定的持续处于 ALARM 状态。  
这可能导致这个问题的原因是什么？"
348,"A company has set up an IPsec tunnel between its AWS environment and its on-premises data center. The tunnel is reporting as UP, but the Amazon EC2 instances are not able to ping any on-premises resources.  What should a SysOps administrator do to resolve this issue?",C,Create a new inbound rule on the EC2 instances' security groups to allow ICMP traffic from the on-premises CIDR.,Create a peering connection between the IPsec tunnel and the subnet of the EC2 instances.,Enable route propagation for the virtual private gateway in the route table that is assigned to the subnet of the EC2 instances.,Modify the VPC's DHCP options set. Add the IPsec tunnel to the VPN section.,,,"一家公司已经在其 AWS 环境和其本地数据中心之间建立了一个 IPsec 隧道。  
该隧道显示为 UP，但 Amazon EC2 实例无法 ping 任何本地资源。  
SysOps 管理员应该做什么来解决这个问题？",在 EC2 实例的安全组上创建一个新的入站规则，以允许来自本地 CIDR 的 ICMP 流量。,在 IPsec 隧道和 EC2 实例的子网之间创建一个对等连接。,在分配给 EC2 实例子网的路由表中，为虚拟私有网关启用路由传播。,修改 VPC 的 DHCP 选项集。 添加 IPsec 隧道到 VPN 部分。,nan,nan,"一家公司已经在其 AWS 环境和其本地数据中心之间建立了一个 IPsec 隧道。  
The tunnel 显示为 UP，但 Amazon EC2 实例无法 ping 任何本地资源。  
SysOps 管理员应该做什么来解决这个问题？"
349,A company hosts a production MySQL database on an Amazon Aurora single-node DB cluster. The database is queried heavily for reporting purposes. The DB cluster is experiencing periods of performance degradation because of high CPU utilization and maximum connections errors. A SysOps administrator needs to improve the stability of the database.  Which solution will meet these requirements?,A,Create an Aurora Replica node. Create an Auto Scaling policy to scale replicas based on CPU utilization. Ensure that all reporting requests use the read-only connection string,Create a second Aurora MySQL single-node DB cluster in a second Availability Zone. Ensure that all reporting requests use the connection string for this additional node,Create an AWS Lambda function that caches reporting requests. Ensure that all reporting requests call the Lambda function,Create a multi-node Amazon ElastiCache cluster. Ensure that all reporting requests use the ElastiCache cluster. Use the database if the data is not in the cache.,,,"一家公司在 Amazon Aurora 单节点 DB 集群上托管一个生产 MySQL 数据库。  
The database is queried heavily for reporting purposes.  
该数据库为了报告目的被大量查询。  
The DB cluster is experiencing periods of performance degradation because of high CPU utilization and maximum connections errors.  
由于高 CPU 利用率和最大连接错误，DB 集群经历了性能下降的时期。  
A SysOps administrator needs to improve the stability of the database.  
一名 SysOps 管理员需要改善数据库的稳定性。  
Which solution will meet these requirements?  
哪种解决方案将满足这些要求？",创建一个 Aurora Replica 节点。创建一个 Auto Scaling 策略以根据 CPU 利用率扩展副本。确保所有报告请求都使用只读连接字符串。,在第二个可用区中创建第二个 Aurora MySQL 单节点数据库集群。确保所有报告请求都使用这个额外节点的连接字符串。,创建一个 AWS Lambda 函数，该函数缓存报告请求。确保所有报告请求都调用该 Lambda 函数。,创建一个多节点 Amazon ElastiCache 集群。确保所有报告请求都使用 ElastiCache 集群。使用数据库如果数据不在缓存中。,nan,nan,"一家公司在 Amazon Aurora 单节点 DB 集群上托管一个生产 MySQL 数据库。  
The database is queried heavily for reporting purposes.  
该数据库为了报告目的被大量查询。  
The DB cluster is experiencing periods of performance degradation because of high CPU utilization and maximum connections errors.  
由于高 CPU 利用率和最大连接错误，DB 集群经历了性能下降的时期。  
A SysOps administrator needs to improve the stability of the database.  
一名 SysOps 管理员需要改善数据库的稳定性。  
Which solution will meet these requirements?  
哪种解决方案将满足这些要求？"
350,A company runs a web application that users access using the name www example com. The company manages the domain name example.com using Amazon Route 53. The company created an Amazon CloudFront distribution in front of the application and would like www.example.com to access the application through CloudFront.  What is the MOST cost-effective way to achieve this?,B,Create a CNAME record in Amazon Route 53 that points to the CloudFront distribution URL.,Create an ALIAS record in Amazon Route 53 that points to the CioudFront distribution URL.,"Create an A record in Amazon Route 53 that points to the public IP address of the web application,",Create a PTR record in Amazon Route 53 that points to the public IP address of the web application.,,,一家公司运行一个 web 应用程序，用户使用 www example com 这个名字访问， 这家公司使用 Amazon Route 53 管理域名 example.com， 这家公司在应用程序前面创建了一个 Amazon CloudFront 分发， 并且希望 www.example.com 通过 CloudFront 访问应用程序， 这实现的 最经济实惠的方式是什么？,在 Amazon Route 53 中创建一个 CNAME 记录，指向 CloudFront 分发 URL。,在 Amazon Route 53 中创建一个 ALIAS 记录，指向 CloudFront 分发的 URL。,在 Amazon Route 53 中创建一个 A 记录，指向 web application 的公共 IP 地址，,在 Amazon Route 53 中创建一个 PTR 记录，该记录指向 web application 的公共 IP 地址。,nan,nan,"一家公司运行一个 web 应用程序，用户使用 www example com 这个名字访问，  
这家公司使用 Amazon Route 53 管理域名 example.com，  
这家公司在应用程序前面创建了一个 Amazon CloudFront 分发，  
并且希望 www.example.com 通过 CloudFront 访问应用程序，  
这实现的 最经济实惠的方式是什么？"
351,A company is managing multiple AWS accounts in AWS Organizations. The company is reviewing internal security of its AWS environment. The company's security administrator has their own AWS account and wants to review the VPC configuration of developer AWS accounts.  Which solution will meet these requirements in the MOST secure manner?,D,Create an IAM policy in each developer account that has read-only access related to VPC resources. Assign the policy to an IAM user. Share the user credentials with the security administrator.,"Create an IAM policy in each developer account that has administrator access to all Amazon EC2 actions, including VPC actions. Assign the policy to an IAM user. Share the user credentials with the security administrator.",Create an IAM policy in each developer account that has administrator access related to VPC resources. Assign the policy to a cross-account IAM role. Ask the security administrator to assume the role from their account.,Create an IAM policy in each developer account that has read-only access related to VPC resources. Assign the policy to a cross-account IAM role. Ask the security administrator to assume the role from their account.,,,"一家公司正在AWS Organizations中管理多个AWS账户。  
The company is managing multiple AWS accounts in AWS Organizations.  

这家公司正在审查其AWS环境的内部安全性。  
The company is reviewing internal security of its AWS environment.  

这家公司的安全管理员拥有自己的AWS账户，并且想要审查开发者AWS账户的VPC配置。  
The company’s security administrator has their own AWS account and wants to review the VPC configuration of developer AWS accounts.  

哪种解决方案将在最安全的方式下满足这些要求？  
Which solution will meet these requirements in the MOST secure manner?","在每个开发者账户中创建一个具有与 VPC 资源相关的只读访问权限的 IAM 政策。  
将该政策分配给一个 IAM 用户。  
与安全管理员共享该用户凭证。","在每个开发者账户中创建一个 IAM 政策，该政策具有对所有 Amazon EC2 操作的管理员访问权限，包括 VPC 操作。  
将该政策分配给一个 IAM 用户。  
与安全管理员共享该用户凭证。","在每个开发者账户中创建一个具有与 VPC 资源相关的管理员访问权限的 IAM 政策。  
将该政策分配给一个跨账户的 IAM 角色。  
请求安全管理员从他们的账户中承担该角色。",在每个开发者账户中创建一个 IAM 政策，该政策具有与 VPC 资源相关的只读访问权限。 将该政策分配给一个跨账户 IAM 角色。 请求安全管理员从他们的账户中承担该角色。,nan,nan,"这家公司正在管理多个AWS账户在AWS Organizations中。  
The company is managing multiple AWS accounts in AWS Organizations.  

这家公司的安全管理员拥有自己的AWS账户，并且想要审查开发者AWS账户的VPC配置。  
The company’s security administrator has their own AWS account and wants to review the VPC configuration of developer AWS accounts.  

哪种解决方案将在最安全的方式下满足这些要求？  
Which solution will meet these requirements in the MOST secure manner?"
352,"A company wants to monitor the security groups of its Amazon EC2 instances to ensure that SSH is not open to the public. If the port is opened, the company needs to close the port as soon as possible.  Which combination of actions should a SysOps administrator take to meet these requirements? (Choose two.)",BD,Add an Amazon CloudWatch alarm to detect the security groups that allow SSH.,Add an AWS Config rule to detect the security groups that allow SSH.,Add an assessment template to Amazon Inspector to detect the security groups that allow SSH.,Call an AWS Systems Manager Automation runbook to close the port.,Call AWS Systems Manager Run Command to close the port.,,"一家公司想要监控其 Amazon EC2 实例的安全组，以确保 SSH 不对公众开放。  
如果端口被打开，公司需要尽快关闭该端口。  
SysOps 管理员应采取哪些行动组合以满足这些要求？（选择两个。）",添加一个 Amazon CloudWatch 警报，以检测允许 SSH 的安全组。,添加一个 AWS Config 规则以检测允许 SSH 的安全组。,向 Amazon Inspector 添加一个评估模板，以检测允许 SSH 的安全组。,调用一个 AWS Systems Manager Automation 运行簿以关闭端口。,调用 AWS Systems Manager Run Command 以关闭端口。,nan,"一家公司想要监控其 Amazon EC2 实例的安全组，以确保 SSH 不对公众开放。  
如果端口被打开，公司需要尽快关闭该端口。  
SysOps 管理员应采取哪些行动组合以满足这些要求？（选择两个。）"
353,A company runs an application on Amazon EC2 instances that are in an Amazon EC2 Auto Scaling group. Scale-out actions take a long time to become complete because of long-running boot scripts. A SysOps administrator must implement a solution to reduce the required time for scale-out actions without overprovisioning the Auto Scaling group.  Which solution will meet these requirements?,D,Change the launch configuration to use a larger instance size.,Increase the minimum number of instances in the Auto Scaling group.,Add a predictive scaling policy to the Auto Scaling group.,Add a warm pool to the Auto Scaling group.,,,"一家公司在 Amazon EC2 实例上运行一个应用程序，这些实例位于 Amazon EC2 Auto Scaling 组中。  
Scale-out 操作需要很长时间才能完成，因为启动脚本运行时间长。  
一名 SysOps 管理员必须实施一个解决方案，以减少 Scale-out 操作所需的时间，而不对 Auto Scaling 组进行过度配置。  
哪种解决方案可以满足这些要求？",将更改启动配置以使用更大的实例大小。,增加 Auto Scaling 组中的最小实例数量。,为 Auto Scaling 组添加一个预测性扩展策略。,向自动扩展组添加一个温暖池。,nan,nan,"一家公司在 Amazon EC2 实例上运行一个应用程序，这些实例位于 Amazon EC2 Auto Scaling 组中。  
Scale-out 操作需要很长时间才能完成，因为启动脚本运行时间长。  
一名 SysOps 管理员必须实施一个解决方案，以减少 Scale-out 操作所需的时间，而不对 Auto Scaling 组进行过度配置。  
哪种解决方案可以满足这些要求？"
354,"A company asks a SysOps administrator to provision an additional environment for an application in four additional AWS Regions. The application is running on more than 100 Amazon C2 instances in the us-east-1 Region, using fully configured Amazon Machine Images (AMIs). The company has an AWS CloudFormation template to deploy resources in us-east-1.  What should the SysOps administrator do to provision the application in the MOST operationally efficient manner?",A,Copy the AMI to each Region by using the aws ec2 copy-image command. Update the CloudFormation template to include mappings for the copied AMIs.,Create a snapshot of the running instance. Copy the snapshot to the other Regions. Create an AMI from the snapshots. Update the CloudFormation template for each Region to use the new AMI.,Run the existing CloudFormation template in each additional Region based on the success of the template that is used currently in us-east-1.,Update the CloudF ormation template to include the additional Regions in the Auto Scaling group. Update the existing stack in us-east-1.,,,"一家公司要求一名 SysOps 管理员在另外四个 AWS Regions 中为一个应用程序配置一个额外的环境。  
该应用程序在 us-east-1 Region 中运行超过 100 个 Amazon EC2 实例，使用完全配置的 Amazon Machine Images (AMIs)。  
该公司拥有一个 AWS CloudFormation 模板，用于在 us-east-1 中部署资源。  
SysOps 管理员应该做什么，以最具操作效率的方式配置应用程序？",通过使用 aws ec2 copy-image 命令，将 AMI 复制到每个 Region。 更新 CloudFormation 模板以包括复制的 AMI 的映射。,创建一个快照的运行实例。将快照复制到其他 Regions。创建一个 AMI 从快照。更新 CloudFormation 模板为每个 Region 使用新的 AMI。,在每个额外的 Region 运行现有的 CloudFormation 模板，基于当前在 us-east-1 中使用的模板的成功。,更新 CloudFormation 模板 以 包含 额外 的 Regions 在 Auto Scaling 组中。 更新 现有 的 堆栈 在 us-east-1。,nan,nan,"一家公司要求一名 SysOps 管理员在另外四个 AWS Regions 中为一个应用程序配置一个额外的环境。  
该应用程序在 us-east-1 Region 中运行超过 100 个 Amazon EC2 实例，使用完全配置的 Amazon Machine Images (AMIs)。  
该公司拥有一个 AWS CloudFormation 模板，用于在 us-east-1 中部署资源。  
SysOps 管理员应该做什么，以最具操作效率的方式配置应用程序？"
355,A company runs its applications on a large number of Amazon EC2 instances. A SysOps administrator must implement a solution to notify the operations team whenever an EC2 instance state changes.  What is the MOST operationally efficient solution that meets these requirements?,B,Create a script that captures instance state changes and publishes a notification to an Amazon Simple Notification Service (Amazon SNS) topic. Use AWS Systems Manager Run Command to run the script on all EC2 instances.,Create an Amazon EventBridge event rule that captures EC2 instance state changes. Set an Amazon Simple Notification Service (Amazon SNS) topic as the target,Create an Amazon EventBridge event rule that captures EC2 instance state changes. Set as the target an AWS Lambda function that publishes a notification to an Amazon Simple Notification Service (Amazon SNS) topic.,Create an AWS Config custom rule that evaluates instance state changes with automatic remediation. Use the rule to invoke an AWS Lambda function that publishes a notification to an Amazon Simple Notification Service (Amazon SNS) topic.,,,一家公司在大量的 Amazon EC2 实例上运行其应用程序。 一名 SysOps 管理员必须实现一个解决方案，以在 EC2 实例状态更改时通知运营团队。 什么是满足这些要求的最具操作效率的解决方案？,创建一个脚本，捕获实例状态变化，并发布通知到 Amazon Simple Notification Service (Amazon SNS) 主题。使用 AWS Systems Manager Run Command 在所有 EC2 实例上运行该脚本。,创建一个 Amazon EventBridge 事件规则，该规则捕获 EC2 实例状态变化。设置一个 Amazon Simple Notification Service (Amazon SNS) 主题作为目标,创建一个 Amazon EventBridge 事件规则，该规则捕获 EC2 实例状态变化。设置作为目标的 AWS Lambda 函数，该函数向 Amazon Simple Notification Service (Amazon SNS) 主题发布通知。,创建一个 AWS Config 自定义规则，该规则评估实例状态变化与自动修复。使用该规则调用一个 AWS Lambda 函数，该函数向一个 Amazon Simple Notification Service (Amazon SNS) 主题发布通知。,nan,nan,"一家公司在大量的 Amazon EC2 实例上运行其应用程序。  
一名 SysOps 管理员必须实现一个解决方案，以在 EC2 实例状态更改时通知运营团队。  
什么是满足这些要求的最具操作效率的解决方案？"
356,A company has migrated its legacy on-premises web application to an Amazon EC2 instance. The web application requires a single static public IP address to accept traffic and process requests. End users must be able to reach the web application through the example.com domain. A SysOps administrator must implement a solution that maintains the web application with the least amount of effort.  Which combination of actions will meet these requirements? (Choose two.),BD,Configure an Application Load Balancer (ALB). Add the EC2 instance to a target group that is associated with the ALB.,Create an Amazon Route 53 A record for the associated EC2 IP address.,Create an Amazon Route 53 CNAME record for the associated EC2 IP address.,"Create an Elastic IP address, and associate it with the EC2 instance.",Create an Auto Scaling group with a minimum capacity of 1 and a maximum capacity of 2.,,"一家公司已经将其遗留的本地 web 应用程序迁移到 Amazon EC2 实例。  
The web application 需要一个单一的静态公共 IP 地址以接受流量并处理请求。  
End users 必须能够通过 example.com 域名访问 web 应用程序。  
A SysOps administrator 必须实施一个解决方案，以最少的努力维护 web 应用程序。  
Which combination of actions 将满足这些要求？（选择两个。）",配置一个 Application Load Balancer (ALB)。添加 EC2 实例到一个目标组，该目标组与 ALB 相关联。,为相关联的 EC2 IP 地址创建一个 Amazon Route 53 A 记录。,为关联的 EC2 IP 地址创建一个 Amazon Route 53 CNAME 记录。,创建 一个 Elastic IP 地址 ， 并 将 它 与 EC2 实例 关联 。,创建一个 Auto Scaling 组，具有最小容量为 1 和最大容量为 2。,nan,"一家公司已经将其遗留的本地 web 应用程序迁移到 Amazon EC2 实例。  
The web application 需要一个单一的静态公共 IP 地址以接受流量并处理请求。  
End users 必须能够通过 example.com 域名访问 web 应用程序。  
A SysOps administrator 必须实施一个解决方案，以最少的努力维护 web 应用程序。  
Which combination of actions 将满足这些要求？（选择两个。）"
357,A company is using an Amazon DynamoDB table for data. A SysOps administrator must configure replication of the table to another AWS Region for disaster recovery.  What should the SysOps administrator do to meet this requirement?,C,Enable DynamoDB Accelerator (DAX).,"Enable DynamoDB Streams, and add a global secondary index (GSI).","Enable DynamoDB Streams, and add a global table Region.",Enable point-in-time recovery.,,,一家公司正在使用一个 Amazon DynamoDB 表格作为数据。 一名 SysOps 管理员必须配置该表格的复制到另一个 AWS 区域以进行灾难恢复。 什么是 SysOps 管理员应采取的措施以满足此要求？,启用 DynamoDB Accelerator (DAX)。,启用 DynamoDB Streams，和添加一个 global secondary index (GSI)。,启用 DynamoDB Streams，和添加一个 global table Region。,启用 point-in-time recovery。,nan,nan,"一家公司正在使用一个 Amazon DynamoDB 表格作为数据。  
一名 SysOps 管理员必须配置该表格的复制到另一个 AWS 区域以进行灾难恢复。  
什么是 SysOps 管理员应采取的措施以满足此要求？"
358,A company has an existing public web application for www.example.com. The Application Load Balancer (ALB) is configured with a single HTTP 80 listener. A SysOps administrator must ensure that all web requests to www.example.com are encrypted between the client and the ALB.  The SysOps administrator already has requested and validated a public certificate for www.example.com in AWS Certificate Manager (ACM). Existing users of the application must not be required to change the endpoint to which they are connecting.  Which additional set of steps should the SysOps administrator take to meet these requirements?,D,Create an additional ALB listener for HTTPS on port 443. Set the default action to forward all traffic to the target group. Specify the ACM certificate that was created for www.example.com as the default SSL certificate.,Create an additional ALB listener for HTTPS on port 443. Set the default action to forward all traffic to the target group. Specify the ACM certificate that was created for www.example.com as the default SSL certificate. Delete the original HTTP listener on port 80.,Modify the ALB default rule for the HTTP port 80 listener. Create a rule in the listener to forward all traffic for the host www example.com to the target group. Specify the ACM certificate that was created for www.example.com as the default SSL certificate.,Modify the ALB default rule for the HTTP port 80 listener to redirect to HTTPS on port 443. Create an additional HTTPS listener on port 443. Set the default action to forward all traffic to the target group. Specify the ACM certificate that was created for www example.com as the default SSL certificate.,,,"一家公司拥有一个现有的公共网页应用程序用于 www.example.com。  
The Application Load Balancer (ALB) 被配置有一个单一的 HTTP 80 监听器。  
一名 SysOps 管理员必须确保所有对 www.example.com 的网页请求在客户端和 ALB 之间都是加密的。  
SysOps 管理员已经请求并验证了一个用于 www.example.com 的公共证书在 AWS Certificate Manager (ACM) 中。  
应用程序的现有用户不必被要求更改他们连接的端点。  
应采取哪一组额外的步骤以满足这些要求？","为 HTTPS 在端口 443 创建一个额外的 ALB 监听器。  
将默认操作设置为将所有流量转发到目标组。  
指定为 www.example.com 创建的 ACM 证书作为默认的 SSL 证书。","为 HTTPS 在端口 443 创建一个额外的 ALB 监听器。  
将默认操作设置为将所有流量转发到目标组。  
指定为 www.example.com 创建的 ACM 证书作为默认的 SSL 证书。  
删除端口 80 上的原始 HTTP 监听器。","修改 ALB 默认规则 用于 HTTP 端口 80 监听器。  
在 监听器 中 创建 一条 规则 以 转发 所有 流量 给 主机 www example.com 到 目标组。  
指定 ACM 证书 那个 为 创建 用于 www.example.com 作为 默认 SSL 证书。",修改 ALB 默认规则 用于 HTTP 端口 80 监听器 到 重定向 到 HTTPS 在 端口 443。 创建 一个 额外的 HTTPS 监听器 在 端口 443。 设置 默认 操作为 转发 所有 流量 到 目标组。 指定 ACM 证书 那个 被 创建 用于 www example.com 作为 默认 SSL 证书。,nan,nan,"一家公司拥有一个现有的公共网页应用程序用于 www.example.com。  
The Application Load Balancer (ALB) 被配置有一个单一的 HTTP 80 监听器。  
一名 SysOps 管理员必须确保所有对 www.example.com 的网页请求在客户端和 ALB 之间都是加密的。  
SysOps 管理员已经请求并验证了一个用于 www.example.com 的公共证书在 AWS Certificate Manager (ACM) 中。  
应用程序的现有用户不必被要求更改他们连接的端点。  
应采取哪一组额外的步骤以满足这些要求？"
359,"A company runs its entire suite of applications on Amazon EC2 instances. The company plans to move the applications to containers and AWS Fargate. Within 6 months, the company plans to retire its EC2 instances and use only Fargate. The company has been able to estimate its future Fargate costs.  A SysOps administrator needs to choose a purchasing option to help the company minimize costs. The SysOps administrator must maximize any discounts that are available and must ensure that there are no unused reservations.  Which purchasing option will meet these requirements?",B,Compute Savings Plans for 1 year with the No Upfront payment option,Compute Savings Plans for 1 year with the Partial Upfront payment option,EC2 Instance Savings Plans for 1 year with the All Upfront payment option,EC2 Reserved Instances for 1 year with the Partial Upfront payment option,,,"一家公司在 Amazon EC2 实例上运行其全部应用程序套件。  
The company plans to move the applications to containers and AWS Fargate.  
在 6 个月内，这家公司计划退役其 EC2 实例并仅使用 Fargate。  
The company has been able to estimate its future Fargate costs.  
一名 SysOps 管理员需要选择一种购买选项，以帮助公司最小化成本。  
The SysOps administrator must maximize any discounts that are available and must ensure that there are no unused reservations.  
哪种购买选项将满足这些要求？",Compute Savings Plans 用于 1 年 与 无预付费 选项,Compute Savings Plans 用于 1 年 与 部分预付 付款 选项,EC2 实例节省计划 for 1 年 with the All Upfront 付款选项,EC2 Reserved Instances 用于 1 年 与 部分预付费 付款 选项,nan,nan,"一家公司在 Amazon EC2 实例上运行其全部应用程序套件。  
The company plans to move the applications to containers and AWS Fargate.  
在 6 个月内，这家公司计划退役其 EC2 实例并仅使用 Fargate。  
The company has been able to estimate its future Fargate costs.  
一名 SysOps 管理员需要选择一种购买选项，以帮助公司最小化成本。  
The SysOps administrator must maximize any discounts that are available and must ensure that there are no unused reservations.  
哪种购买选项将满足这些要求？"
360,"A manufacturing company uses an Amazon RDS DB instance to store inventory of all stock items. The company maintains several AWS Lambda functions that interact with the database to add, update, and delete items. The Lambda functions use hardcoded credentials to connect to the database.  A SysOps administrator must ensure that the database credentials are never stored in plaintext and that the password is rotated every 30 days.  Which solution will meet these requirements in the MOST operationally efficient manner?",C,Store the database password as an environment variable for each Lambda function. Create a new Lambda function that is named PasswordRotate. Use Amazon EventBridge to schedule the PasswordRotate function every 30 days to change the database password and update the environment variable for each Lambda function.,Use AWS Key Management Service (AWS KMS) to encrypt the database password and to store the encrypted password as an environment variable for each Lambda function. Grant each Lambda function access to the KMS key so that the database password can be decrypted when required. Create a new Lambda function that is named PasswordRotate to change the password every 30 days.,"Use AWS Secrets Manager to store credentials for the database. Create a Secrets Manager secret, and select the database so that Secrets Manager will use a Lambda function to update the database password automatically. Specify an automatic rotation schedule of 30 days. Update each Lambda function to access the database password from Secrets Manager.",Use AWS Systems Manager Parameter Store to create a secure string to store credentials for the database. Create a new Lambda function called PasswordRotate. Use Amazon EventBridge to schedule the PasswordRotate function every 30 days to change the database password and to update the secret within Parameter Store. Update each Lambda function to access the database password from Parameter Store.,,,"一家制造公司使用 Amazon RDS DB 实例来存储所有库存项目的库存。  
The company maintains several AWS Lambda functions that interact with the database to add, update, and delete items.  
该公司维护多个 AWS Lambda 函数，这些函数与数据库交互以添加、更新和删除项目。  
The Lambda functions use hardcoded credentials to connect to the database.  
这些 Lambda 函数使用硬编码的凭证连接到数据库。  
A SysOps administrator must ensure that the database credentials are never stored in plaintext and that the password is rotated every 30 days.  
一名 SysOps 管理员必须确保数据库凭证永远不以明文存储，并且密码每30天轮换一次。  
Which solution will meet these requirements in the MOST operationally efficient manner?  
哪种解决方案将以最具操作效率的方式满足这些要求？",将数据库密码作为环境变量存储在每个 Lambda 函数中。创建一个名为 PasswordRotate 的新 Lambda 函数。使用 Amazon EventBridge 来安排 PasswordRotate 函数每 30 天更改一次数据库密码，并更新每个 Lambda 函数的环境变量。,使用 AWS Key Management Service (AWS KMS) 来加密数据库密码，并将加密后的密码作为环境变量存储在每个 Lambda 函数中。授予每个 Lambda 函数对 KMS 密钥的访问权限，以便在需要时可以解密数据库密码。创建一个名为 PasswordRotate 的新 Lambda 函数，用于每 30 天更改一次密码。,使用 AWS Secrets Manager 来存储数据库的凭证。创建一个 Secrets Manager 密钥，并选择数据库，以便 Secrets Manager 将使用 Lambda 函数自动更新数据库密码。指定一个自动轮换计划为 30 天。更新每个 Lambda 函数，以便从 Secrets Manager 访问数据库密码。,使用 AWS Systems Manager Parameter Store 创建一个安全字符串，用于存储数据库的凭证。创建一个名为 PasswordRotate 的新 Lambda 函数。使用 Amazon EventBridge 来安排 PasswordRotate 函数每 30 天一次，以更改数据库密码并更新 Parameter Store 中的秘密。更新每个 Lambda 函数，以便从 Parameter Store 访问数据库密码。,nan,nan,"一家制造公司使用 Amazon RDS DB 实例来存储所有库存项目的库存。  
The company maintains several AWS Lambda functions that interact with the database to add, update, and delete items.  
该公司维护多个 AWS Lambda 函数，这些函数与数据库交互以添加、更新和删除项目。  
The Lambda functions use hardcoded credentials to connect to the database.  
这些 Lambda 函数使用硬编码的凭证连接到数据库。  
A SysOps administrator must ensure that the database credentials are never stored in plaintext and that the password is rotated every 30 days.  
一名 SysOps 管理员必须确保数据库凭证永远不以明文存储，并且密码每30天轮换一次。  
Which solution will meet these requirements in the MOST operationally efficient manner?  
哪种解决方案将以最具操作效率的方式满足这些要求？"
361,A developer creates a web application that runs on Amazon EC2 instances behind an Application Load Balancer (ALB). The instances are in an Auto Scaling group. The developer reviews the deployment and notices some suspicious traffic to the application. The traffic is malicious and is coming from a single public IP address. A SysOps administrator must block the public IP address.  Which solution will meet this requirement?,D,Create a security group rule to deny all inbound traffic from the suspicious IP address. Associate the security group with the ALB.,Implement Amazon Detective to monitor traffic and to block malicious activity from the internet. Configure Detective to integrate with the ALB.,Implement AWS Resource Access Manager (AWS RAM) to manage traffic rules and to block malicious activity from the internet. Associate AWS RAM with the ALB.,Add the malicious IP address to an IP set in AWS WAF. Create a web ACL. Include an IP set rule with the action set to BLOCK. Associate the web ACL with the ALB.,,,"一位开发人员创建了一个运行在 Amazon EC2 实例上的 web 应用程序，该应用程序位于一个 Application Load Balancer (ALB) 后面。  
这些实例位于一个 Auto Scaling 组中。  
开发人员审查部署并注意到一些可疑的流量到应用程序。  
这些流量是恶意的，并且来自一个单一的公共 IP 地址。  
一位 SysOps 管理员必须阻止这个公共 IP 地址。  
哪种解决方案可以满足这个需求？",创建 一个 安全组 规则 以 拒绝 所有 入站 流量 从 可疑 IP 地址。 将 安全组 与 ALB 关联。,"实现 Amazon Detective 以监控流量并阻止来自互联网的恶意活动。  
配置 Detective 以与 ALB 集成。",实现 AWS Resource Access Manager (AWS RAM) 以管理流量规则并阻止来自互联网的恶意活动。将 AWS RAM 与 ALB 关联。,将恶意 IP 地址添加到 AWS WAF 中的 IP set。 创建一个 web ACL。 包含一个 IP set 规则，操作设置为 BLOCK。 将 web ACL 与 ALB 关联。,nan,nan,"一位开发人员创建了一个运行在 Amazon EC2 实例上的 web 应用程序，该应用程序位于一个 Application Load Balancer (ALB) 后面。  
这些实例位于一个 Auto Scaling 组中。  
开发人员审查部署并注意到一些可疑的流量到应用程序。  
这些流量是恶意的，并且来自一个单一的公共 IP 地址。  
一位 SysOps 管理员必须阻止这个公共 IP 地址。  
哪种解决方案可以满足这个需求？"
362,A SysOps administrator is creating resources from an AWS. CloudFbrmation template that defines an Auto Scaling group of Amazon EC2 instances. The Auto Scaling group launch template provisions each EC2 instance by using a user data script. The creation of the Auto Scaling group resource is failing because of an error. The wait condition is not receiving the required number of signals.  How should the SysOps administrator resolve this error?,A,Run cfn-signal at the completion of the user data script.,Modify the EC2 instances' security group to allow outgoing traffic on port 443.,Reduce the Auto Scaling group's DesiredCapacity value in the CloudFormation template.,Set the AssociatePublicIpAddress property to True in the Auto Scaling group launch template.,,,"一名 SysOps 管理员正在从一个 AWS CloudFormation 模板创建资源，该模板定义了一个 Amazon EC2 实例的 Auto Scaling 组。  
Auto Scaling 组启动模板通过使用用户数据脚本配置每个 EC2 实例。  
Auto Scaling 组资源的创建由于一个错误而失败。  
等待条件没有接收到所需数量的信号。  
SysOps 管理员应如何解决此错误？",在用户数据脚本完成时运行 cfn-signal。,修改 EC2 实例的 security group 以允许端口 443 的出站流量。,在 CloudFormation 模板中，减少 Auto Scaling 组的 DesiredCapacity 值。,在 Auto Scaling 组启动模板中，将 AssociatePublicIpAddress 属性设置为 True。,nan,nan,"一名 SysOps 管理员正在从一个 AWS CloudFormation 模板创建资源，该模板定义了一个 Amazon EC2 实例的 Auto Scaling 组。  
Auto Scaling 组启动模板通过使用用户数据脚本配置每个 EC2 实例。  
Auto Scaling 组资源的创建由于一个错误而失败。  
等待条件没有接收到所需数量的信号。  
SysOps 管理员应如何解决此错误？"
363,"A company is trying to connect two applications. One application runs in an on-premises data center that has a hostname of host1.onprem private. The other application runs on an Amazon EC2 instance that has a hostname of host1.awscloud private. An AWS Site-to-Site VPN connection is in place between the on-premises network and AWS.  The application that runs in the data center tries to connect to the application that runs on the EC2 instance, but DNS resolution fails. A SysOps administrator must implement DNS resolution between on-premises and AWS resources.  Which solution allows the on-premises application to resolve the EC2 instance hostname?",B,Set up an Amazon Route 53 inbound resolver endpoint with a forwarding rule for the onprem.private hosted zone. Associate the resolver with the VPC of the EC2 instance. Configure the on-premises DNS resolver to forward onprem.private DNS queries to the inbound resolver endpoint.,Set up an Amazon Route 53 inbound resolver endpoint. Associate the resolver with the VPC of the EC2 instance. Configure the on-premises DNS resolver to forward awscloud.private DNS queries to the inbound resolver endpoint.,Set up an Amazon Route 53 outbound resolver endpoint with a forwarding rule for the onprem.private hosted zone. Associate the resolver with the AWS Region of the EC2 instance. Configure the on-premises DNS resolver to forward onprem.private DNS queries to the outbound resolver endpoint.,Set up an Amazon Route 53 outbound resolver endpoint. Associate the resolver with the AWS Region of the EC2 instance. Configure the on-premises DNS resolver to forward awscloud.private DNS queries to the outbound resolver endpoint.,,,"一家公司正在尝试连接两个应用程序。  
One application runs in an on-premises data center that has a hostname of host1.onprem private.  
另一应用程序在一个 Amazon EC2 实例上运行，该实例的主机名为 host1.awscloud private。  
An AWS Site-to-Site VPN connection is in place between the on-premises network and AWS.  
在本地网络和 AWS 之间已建立 AWS Site-to-Site VPN 连接。  
The application that runs in the data center tries to connect to the application that runs on the EC2 instance, but DNS resolution fails.  
在数据中心运行的应用程序试图连接在 EC2 实例上运行的应用程序，但 DNS 解析失败。  
A SysOps administrator must implement DNS resolution between on-premises and AWS resources.  
一名 SysOps 管理员必须实现本地和 AWS 资源之间的 DNS 解析。  
Which solution allows the on-premises application to resolve the EC2 instance hostname?  
哪种解决方案允许本地应用程序解析 EC2 实例的主机名？",建立一个 Amazon Route 53 入站解析器端点，带有一个转发规则，用于 onprem.private 托管区域。将解析器与 EC2 实例的 VPC 关联。配置本地 DNS 解析器，将 onprem.private DNS 查询转发到入站解析器端点。,设置一个 Amazon Route 53 inbound resolver endpoint。将 resolver 与 EC2 实例的 VPC 关联。配置本地 DNS resolver 以将 awscloud.private DNS 查询转发到 inbound resolver endpoint。,建立一个 Amazon Route 53 出站解析器端点，具有用于 onprem.private 托管区域的转发规则。将解析器与 EC2 实例所在的 AWS 区域关联。配置本地 DNS 解析器，将 onprem.private DNS 查询转发到出站解析器端点。,设置一个 Amazon Route 53 outbound resolver endpoint。将 resolver 与 EC2 实例所在的 AWS Region 关联。配置本地 DNS resolver，将 awscloud.private DNS 查询转发到 outbound resolver endpoint。,nan,nan,"一家公司正在尝试连接两个应用程序。  
One application runs in an on-premises data center that has a hostname of host1.onprem private.  
另一应用程序在一个 Amazon EC2 实例上运行，该实例的主机名为 host1.awscloud private。  
An AWS Site-to-Site VPN connection is in place between the on-premises network and AWS.  
在本地网络和 AWS 之间已建立 AWS Site-to-Site VPN 连接。  
The application that runs in the data center tries to connect to the application that runs on the EC2 instance, but DNS resolution fails.  
在数据中心运行的应用程序试图连接在 EC2 实例上运行的应用程序，但 DNS 解析失败。  
A SysOps administrator must implement DNS resolution between on-premises and AWS resources.  
一名 SysOps 管理员必须实现本地和 AWS 资源之间的 DNS 解析。  
Which solution allows the on-premises application to resolve the EC2 instance hostname?  
哪种解决方案允许本地应用程序解析 EC2 实例的主机名？"
364,A company needs to deploy instances of an application and associated infrastructure to multiple AWS Regions. The company wants to use a single AWS CloudFormation template to achieve this goal. The company uses AWS Organizations and wants to administer and run this template from a central administration account.  What should a SysOps administrator do to meet these requirements?,D,Create a CloudFormation template that is stored in Amazon S3. Configure Cross-Region Replication (CRR) on the S3 bucket. Reference the required accounts and remote Regions in the input template parameters.,"In the central administration account, create a CloudFormation primary template that loads CloudFormation nested stacks from Amazon S3 buckets in the target Regions.",Create CloudFormation nested stacks by using a primary template in the central administration account. Configure the required accounts and Regions for deployment of the nested stacks.,Create a CloudFormation stack set that includes service-managed permissions. Deploy the stack set into the required accounts and Regions from the central administration account.,,,"一家公司需要在多个 AWS Regions 部署应用程序实例和相关基础设施。  
The company wants to use a single AWS CloudFormation template to achieve this goal.  
这家公司使用 AWS Organizations 并希望从一个中央管理账户管理和运行这个模板。  
What should a SysOps administrator do to meet these requirements?",创建一个 CloudFormation 模板，该模板存储在 Amazon S3 中。配置在 S3 bucket 上的 Cross-Region Replication (CRR)。在输入模板参数中引用所需的账户和远程 Regions。,在中央管理账户中，创建一个 CloudFormation 主要模板，该模板从目标区域中的 Amazon S3 存储桶加载 CloudFormation 嵌套堆栈。,使用中央管理账户中的主模板创建 CloudFormation 嵌套堆栈。配置用于嵌套堆栈部署的所需账户和 Regions。,"创建一个 CloudFormation 堆栈集，包含 service-managed permissions。  
部署该堆栈集到所需的账户和 Regions，从中央管理账户。",nan,nan,"一家公司需要在多个 AWS Regions 部署应用程序实例和相关基础设施。  
The company wants to use a single AWS CloudFormation template to achieve this goal.  
这家公司使用 AWS Organizations 并希望从一个中央管理账户管理和运行这个模板。  
What should a SysOps administrator do to meet these requirements?"
365,"A company's SysOps administrator manages a fleet of hundreds of Amazon EC2 instances that run Windows-based workloads and Linux-based workloads. Each EC2 instance has a tag that identifies its operating system. All the EC2 instances run AWS Systems Manager Session Manager.  A zero-day vulnerability is reported, and no patches are available. The company's security team provides code for all the relevant operating systems to reduce the risk of the vulnerability. The SysOps administrator needs to implement the code on the EC2 instances and must provide a report that shows that the code has successfully run on all the instances.  What should the SysOps administrator do to meet these requirements as quickly as possible?",A,Use Systems Manager Run Command. Choose either the AWS-RunShellScript document or the AWS-RunPowerShellScript document. Configure Run Command with the code from the security team. Specify the operating system tag in the Targets parameter. Run the command. Provide the command history's evidence to the security team.,"Create an AWS Lambda function that connects to the EC2 instances through Session Manager. Configure the Lambda function to identify the operating system, run the code from the security team, and return the results to an Amazon RDS DB instance. Query the DB instance for the results. Provide the results as evidence to the security team.",Log on to each EC2 instance. Run the code from the security team on each EC2 instance. Copy and paste the results of each run into a single spreadsheet. Provide the spreadsheet as evidence to the security team.,Update the launch templates of the EC2 instances to include the code from the security team in the user data. Relaunch the EC2 instances by using the updated launch templates. Retrieve the EC2 instance logs of each instance. Provide the EC2 instance logs as evidence to the security team.,,,"一家公司 的 SysOps 管理员 管理 一支 由 数百个 Amazon EC2 实例 组成 的 队伍，这些 实例 运行 Windows 基于 工作负载 和 Linux 基于 工作负载。  
每个 EC2 实例 都 有 一个 标签， 识别 它 的 操作系统。  
所有 的 EC2 实例 都 运行 AWS Systems Manager Session Manager。  
一个 零日 漏洞 被 报告， 并且 没有 补丁 可用。  
这 家 公司的 安全 团队 提供 了 适用于 所有 相关 操作系统 的 代码，以 减少 漏洞 的 风险。  
SysOps 管理员 需要 在 EC2 实例 上 实施 这些 代码， 并且 必须 提供 一份 报告， 显示 代码 已 经 在 所有 实例 上 成功 运行。  
为了 尽快 满足 这些 要求， SysOps 管理员 应该 做 什么？",使用 Systems Manager Run Command。选择 AWS-RunShellScript 文档或 AWS-RunPowerShellScript 文档。用安全团队的代码配置 Run Command。在 Targets 参数中指定操作系统标签。运行命令。向安全团队提供命令历史的证据。,创建一个 AWS Lambda function，该函数通过 Session Manager 连接到 EC2 instances。配置该 Lambda function 以识别操作系统，运行来自 security team 的代码，并将结果返回到 Amazon RDS DB instance。查询该 DB instance 以获取结果。将结果作为证据提供给 security team。,登录到每个 EC2 实例。运行安全团队在每个 EC2 实例上的代码。复制并粘贴每次运行的结果到一个单一的电子表格中。提供该电子表格作为证据给安全团队。,"更新 EC2 实例的 launch templates 以在 user data 中包含来自 security team 的代码。  
使用更新后的 launch templates 重新启动 EC2 实例。  
检索每个实例的 EC2 instance logs。  
将 EC2 instance logs 作为证据提供给 security team。",nan,nan,"一家公司 的 SysOps 管理员 管理 一支 由 数百个 Amazon EC2 实例 组成 的 队伍，这些 实例 运行 Windows 基于 工作负载 和 Linux 基于 工作负载。  
每个 EC2 实例 都 有 一个 标签， 识别 它 的 操作系统。  
所有 的 EC2 实例 都 运行 AWS Systems Manager Session Manager。  
一个 零日 漏洞 被 报告， 并且 没有 补丁 可用。  
这 家 公司的 安全 团队 提供 了 适用于 所有 相关 操作系统 的 代码， 以 减少 漏洞 的 风险。  
SysOps 管理员 需要 在 EC2 实例 上 实施 这些 代码， 并且 必须 提供 一份 报告， 显示 代码 已经 在 所有 实例 上 成功 运行。  
为了 尽快 满足 这些 要求， SysOps 管理员 应该 做 什么？"
366,"A company has an application that collects notifications from thousands of alarm systems. The notifications include alarm notifications and information notifications. The information notifications include the system arming processes, disarming processes, and sensor status.  All notifications are kept as messages in an Amazon Simple Queue Service (Amazon SQS) queue. Amazon EC2 instances that are in an Auto Scaling group process the messages. A SysOps administrator needs to implement a solution that prioritizes alarm notifications over information notifications.  Which solution will meet these requirements?",D,Adjust the Auto Scaling group to scale faster when a high number of messages is in the queue.,Use the Amazon Simple Notification Service (Amazon SNS) fanout feature with Amazon SQS to send the notifications in parallel to all the C2 instances,Add an Amazon DynamoDB stream to accelerate the message processing,Create a queue for alarm notifications and a queue for information notifications. Update the application to collect messages from the alarm notifications queue first.,,,"一家公司有一个应用程序，收集来自数千个 alarm systems 的通知。  
The notifications include alarm notifications and information notifications.  
这些通知包括 alarm notifications 和 information notifications。  
The information notifications include the system arming processes, disarming processes, and sensor status.  
所有通知都作为消息保存在 Amazon Simple Queue Service (Amazon SQS) 队列中。  
Amazon EC2 instances that are in an Auto Scaling group process the messages.  
一个 SysOps administrator 需要实现一个解决方案，优先处理 alarm notifications 而不是 information notifications。  
Which solution will meet these requirements?",调整 Auto Scaling 组 以 更快 地 扩展 当 队列 中 有 高 数量 的 消息 时。,使用 Amazon Simple Notification Service (Amazon SNS) 扇出功能与 Amazon SQS 一起，将通知以并行方式发送到所有的 C2 实例。,添加一个 Amazon DynamoDB stream 以加快消息处理,"创建一个队列用于警报通知和一个队列用于信息通知。  
更新应用程序以先从警报通知队列收集消息。",nan,nan,"一家公司有一个应用程序，收集来自数千个 alarm systems 的通知。  
The notifications include alarm notifications and information notifications.  
这些通知包括 alarm notifications 和 information notifications。  
The information notifications include the system arming processes, disarming processes, and sensor status.  
所有通知都作为消息保存在 Amazon Simple Queue Service (Amazon SQS) 队列中。  
Amazon EC2 instances that are in an Auto Scaling group process the messages.  
一个 SysOps administrator 需要实现一个解决方案，优先处理 alarm notifications 而不是 information notifications。  
Which solution will meet these requirements?"
367,"A SysOps administrator needs to deploy an application in multiple AWS Regions. The SysOps administrator must implement a solution that routes users to the Region with the lowest latency. In case of failure, the solution must automatically route requests to a Region with a healthy instance of the application. The company needs a solution with the shortest time to failover.  Which solution will meet these requirements?",C,Create Amazon Route 53 A records that have the same name for each endpoint. Use a latency routing policy. Associate a health check with each record.,Create Amazon Route 53 A records that have the same name for each endpoint. Use a failover routing policy. Associate a health check with each record.,Create an AWS Global Accelerator standard accelerator. Create an endpoint group for each Region. Add a listener to the accelerator. Associate the endpoint group with the listener.,Create Amazon Route 53 A records that have the same name for each endpoint. Use a geolocation routing policy. Associate a health check with each record.,,,"一名 SysOps 管理员需要在多个 AWS Regions 部署一个应用程序。  
The SysOps administrator 必须实现一个解决方案，该方案将用户路由到具有最低延迟的 Region。  
In case of failure，解决方案必须自动将请求路由到具有健康实例的应用程序的 Region。  
该公司需要一个具有最短故障转移时间的解决方案。  
哪种解决方案可以满足这些要求？",创建 Amazon Route 53 A 记录，这些记录具有相同的名称，用于每个端点。使用延迟路由策略。将健康检查与每个记录关联。,创建 Amazon Route 53 A 记录，这些记录具有相同的名称，用于每个端点。使用故障转移路由策略。将健康检查与每个记录关联。,创建一个 AWS Global Accelerator 标准加速器。创建每个 Region 的端点组。添加监听器到加速器。将端点组与监听器关联。,创建 Amazon Route 53 A 记录，这些记录具有每个端点相同的名称。使用地理位置路由策略。将健康检查与每个记录关联。,nan,nan,"一名 SysOps 管理员需要在多个 AWS Regions 部署一个应用程序。  
The SysOps administrator 必须实现一个解决方案，该方案将用户路由到具有最低延迟的 Region。  
In case of failure，解决方案必须自动将请求路由到具有健康实例的应用程序的 Region。  
该公司需要一个具有最短故障转移时间的解决方案。  
哪种解决方案可以满足这些要求？"
368,A company runs an application on Amazon EC2 instances behind an Application Load Balancer. The EC2 instances are in an Auto Scaling group. The application sometimes becomes slow and unresponsive. Amazon CloudWatch metrics show that some EC2 instances are experiencing high CPU load.  A SysOps administrator needs to create a CloudWatch dashboard that can automatically display CPU metrics of all the EC2 instances. The metrics must include new instances that are launched as part of the Auto Scaling group.  What should the SysOps administrator do to meet these requirements in the MOST operationally efficient way?,C,Create a CloudWatch dashboard. Use activity notifications from the Auto Scaling group to invoke a custom AWS Lambda function. Use the Lambda function to update the CloudWatch dashboard to monitor the CPUUtilization metric for the new instance IDs.,Create a CloudWatch dashboard. Run a custom script on each EC2 instance to stream the CPU utilization to the dashboard.,Use CloudWatch metrics explorer to filter by the aws:autoscaling:groupName tag and to create a visualization for the CPUUtilization metric. Add the visualization to a CloudWatch dashboard.,Use CloudWatch metrics explorer to filter by instance state and to create a visualization for the CPUUtilization metric. Add the visualization to a CloudWatch dashboard.,,,"一家公司在 Amazon EC2 实例上运行一个应用程序，位于一个 Application Load Balancer 后面。  
The EC2 instances are in an Auto Scaling group.  
该应用程序有时变得缓慢且无响应。  
Amazon CloudWatch 指标显示一些 EC2 实例正在经历高 CPU 负载。  
一名 SysOps 管理员需要创建一个 CloudWatch 仪表板，能够自动显示所有 EC2 实例的 CPU 指标。  
这些指标必须包括作为 Auto Scaling group 一部分启动的新实例。  
SysOps 管理员应采取什么措施以以最具操作效率的方式满足这些要求？",创建一个 CloudWatch dashboard。使用来自 Auto Scaling group 的 activity notifications 来调用一个自定义的 AWS Lambda function。使用这个 Lambda function 来更新 CloudWatch dashboard 以监控新实例 ID 的 CPUUtilization 指标。,创建一个 CloudWatch dashboard。运行一个自定义脚本在每个 EC2 instance 上以流式传输 CPU utilization 到 dashboard。,使用 CloudWatch metrics explorer 通过 aws:autoscaling:groupName 标签进行过滤，并为 CPUUtilization 指标创建可视化。将该可视化添加到 CloudWatch 仪表板。,使用 CloudWatch metrics explorer 来筛选实例状态，并创建一个 CPUUtilization 指标的可视化。将该可视化添加到 CloudWatch 仪表板。,nan,nan,"一家公司在 Amazon EC2 实例上运行一个应用程序，位于一个 Application Load Balancer 后面。  
The EC2 instances are in an Auto Scaling group.  
该应用程序有时变得缓慢且无响应。  
Amazon CloudWatch 指标显示一些 EC2 实例正在经历高 CPU 负载。  
一名 SysOps 管理员需要创建一个 CloudWatch 仪表板，能够自动显示所有 EC2 实例的 CPU 指标。  
这些指标必须包括作为 Auto Scaling group 一部分启动的新实例。  
SysOps 管理员应采取什么措施以以最具操作效率的方式满足这些要求？"
369,A company has an encrypted Amazon S3 bucket that is hosted in the ap-southeast-2 Region. Users from the eu-west-2 Region access the S3 bucket over the internet. The users from eu-west-2 need faster transfers to and from the S3 bucket for large files.  Which solution will meet these requirements?,D,Reduce the length of the S3 bucket prefixes within the S3 bucket.,Change the server-side encryption on the S3 bucket from AES to RSA.,Create a new S3 bucket that has an identical name in eu-west-2. Use the new S3 bucket endpoint's domain name for access.,Enable S3 Transfer Acceleration on the S3 bucket. Use the new s3-accelerate endpoint's domain name for access.,,,一家公司拥有一个加密的 Amazon S3 bucket，该 bucket 托管在 ap-southeast-2 区域。来自 eu-west-2 区域的用户通过互联网访问该 S3 bucket。来自 eu-west-2 的用户需要更快的传输速度，以便进行大文件的上传和下载。 哪个解决方案可以满足这些要求？,缩短 S3 bucket 内部的 S3 bucket 前缀的长度。,将服务器端加密在 S3 bucket 从 AES 改为 RSA。,创建 一个 新的 S3 桶， 那个 拥有 一个 相同 的 名字 在 eu-west-2。 使用 新的 S3 桶 端点 的 域名 进行 访问。,在 S3 bucket 上启用 S3 Transfer Acceleration。使用新的 s3-accelerate endpoint 的域名进行访问。,nan,nan,"一家公司拥有一个加密的 Amazon S3 bucket，该 bucket 托管在 ap-southeast-2 区域。  
来自 eu-west-2 区域的用户通过互联网访问该 S3 bucket。  
来自 eu-west-2 的用户需要更快的传输速度，以便进行大文件的上传和下载。  
哪个解决方案可以满足这些要求？"
370,"A company has a large on-premises tape backup solution. The company has started to use AWS Storage Gateway. The company created a Tape Gateway to replace the existing on-premises hardware. The company's backup engineer noticed that some of the backup jobs that were supposed to write to AWS failed to run because of a ""Not Enough Space"" error.  The company does not want these failures to happen again. The company also wants to consistently have enough tape available on AWS.  What is the MOST operationally efficient way for a SysOps administrator to meet these requirements?",D,"Create an AWS Lambda function that runs on an hourly basis and checks how many tapes have available space. If the available tapes are below a certain threshold, provision more.","Install the Amazon CloudWatch agent on the on-premises system. Push the log files to a CloudWatch log group. Create an AWS Lambda function that creates more tapes when the ""Not Enough Space"" error appears. Create a metric filter and a metric alarm that launches the Lambda function.",Create an additional Tape Gateway with its own set of tapes. Configure Amazon Simple Notification Service (Amazon SNS) to send a notification to the backup engineer if the tapes that are associated with the primary Tape Gateway do not have available space.,"Configure tape auto-create on the Tape Gateway. In the auto-create settings, configure a minimum number of tapes, an appropriate barcode prefix, and a tape pool.",,,"一家公司拥有一个大型的本地磁带备份解决方案。  
The company has started to use AWS Storage Gateway。  
这家公司创建了一个 Tape Gateway 来替代现有的本地硬件。  
The company's backup engineer noticed that some of the backup jobs that were supposed to write to AWS failed to run because of a ""Not Enough Space"" error。  
这家公司不希望这些失败再次发生。  
The company also wants to consistently have enough tape available on AWS。  
什么是最具操作效率的方式让 SysOps 管理员满足这些需求？","创建一个 AWS Lambda function that runs on an hourly basis and checks how many tapes have available space.  
创建一个 AWS Lambda 函数，每小时运行一次，并检查有多少磁带有可用空间。  

If the available tapes are below a certain threshold, provision more.  
如果可用磁带少于某个阈值，则提供更多磁带。","在本地系统上安装 Amazon CloudWatch agent。将日志文件推送到 CloudWatch log group。创建一个 AWS Lambda function，当出现 ""Not Enough Space"" 错误时，创建更多的 tapes。创建一个 metric filter 和一个 metric alarm，启动该 Lambda function。",创建一个额外的 Tape Gateway，具有其自己的磁带集。配置 Amazon Simple Notification Service (Amazon SNS)，以在与主 Tape Gateway 相关联的磁带没有可用空间时，向备份工程师发送通知。,在 Tape Gateway 上配置磁带自动创建。 在自动创建设置中，配置最小磁带数量、适当的条形码前缀，以及磁带池。,nan,nan,"一家公司拥有一个大型的本地磁带备份解决方案。  
The company has started to use AWS Storage Gateway。  
这家公司创建了一个 Tape Gateway 来替代现有的本地硬件。  
The company's backup engineer noticed that some of the backup jobs that were supposed to write to AWS failed to run because of a ""Not Enough Space"" error。  
这家公司不希望这些失败再次发生。  
The company also wants to consistently have enough tape available on AWS。  
什么是最具操作效率的方式让 SysOps 管理员满足这些需求？"
371,A SysOps administrator manages a company's Amazon S3 buckets. The SysOps administrator has identified 5 GB of incomplete multipart uploads in an S3 bucket in the company's AWS account. The SysOps administrator needs to reduce the number of incomplete multipart upload objects in the S3 bucket.  Which solution will meet this requirement?,A,Create an S3 Lifecycle rule on the S3 bucket to delete expired markers or incomplete multipart uploads.,Require users that perform uploads of files into Amazon S3 to use the S3 TransferUtility.,Enable S3 Versioning on the S3 bucket that contains the incomplete multipart uploads.,Create an S3 Object Lambda Access Point to delete incomplete multipart uploads.,,,"一名 SysOps 管理员管理一家公司 的 Amazon S3 桶。  
The SysOps administrator 管理一家公司 的 Amazon S3 桶。  

该 SysOps 管理员已识别出 5 GB 的未完成的 multipart 上传在一 个 S3 桶中，在 该 公司的 AWS 账户中。  
The SysOps administrator 已识别出 5 GB 的未完成的 multipart 上传 在 一 个 S3 桶中，在 该 公司的 AWS 账户中。  

该 SysOps 管理员需要减少 未完成的 multipart 上传对象 在 该 S3 桶中的 数量。  
The SysOps administrator 需要减少 未完成的 multipart 上传对象 在 该 S3 桶中的 数量。  

哪种解决方案 将满足 这一 要求？  
Which 解决方案 将 满足 这一 要求？",在 S3 存储桶上创建一个 S3 Lifecycle 规则，以删除过期的标记或不完整的 multipart 上传。,要求 用户 那些 执行 上传 文件 到 Amazon S3 的 必须 使用 S3 TransferUtility。,在包含未完成的 multipart 上传的 S3 存储桶上启用 S3 Versioning。,创建一个 S3 Object Lambda Access Point 以删除不完整的 multipart 上传。,nan,nan,"一名 SysOps 管理员管理一家公司 的 Amazon S3 桶。  
The SysOps administrator 管理一家公司 的 Amazon S3 桶。  

该 SysOps 管理员已识别出 5 GB 的未完成的 multipart 上传在一 个 S3 桶中，在 该 公司的 AWS 账户中。  
The SysOps administrator 已识别出 5 GB 的未完成的 multipart 上传 在 一 个 S3 桶中，在 该 公司的 AWS 账户中。  

该 SysOps 管理员需要减少 未完成的 multipart 上传对象 在 该 S3 桶中的 数量。  
The SysOps administrator 需要减少 未完成的 multipart 上传对象 在 该 S3 桶中的 数量。  

哪种解决方案 将满足 这一 要求？  
Which 解决方案 将 满足 这一 要求？"
372,"A SysOps administrator needs to create an Amazon S3 bucket as a resource in an AWS CloudFormation template. The bucket name must be randomly generated, and the bucket must be encrypted. Other resources in the template will reference the bucket.  Which CloudFormation resource definition should the SysOps administrator use to meet these requirements?       A.          B.        C.      D.     Correct Answer: B Communityvote distribution B (92%)	A (8%)              Question #373	Topic 1    A SysOps administrator manages policies for many AWS member accounts in an AWS Organizations structure. Administrators on other teams have access to the account root user credentials of the member accounts. The SysOps administrator must prevent all teams, including their administrators, from using Amazon DynamoDB. The solution must not affect the ability of the teams to access other AWS services.  Which solution will meet these requirements?",B,"In all member accounts, configure IAM policies that deny access to all DynamoDB resources for all users, including the root user.",Create a service control policy (SCP) in the management account to deny all DynamoDB actions. Apply the SCP to the root of the organization,"In all member accounts, configure IAM policies that deny AmazonDynamoDBFullAccess to all users, including the root user.",Remove the default service control policy (SCP) in the management account. Create a replacement SCP that includes a single statement that denies all DynamoDB actions.,,,一名 SysOps 管理员需要在 AWS CloudFormation 模板中创建一个 Amazon S3 bucket 作为资源。该 bucket 名必须是随机生成的，并且该 bucket 必须被加密。模板中的其他资源将引用该 bucket。 哪个 CloudFormation 资源定义应该由 SysOps 管理员使用以满足这些要求？       A.          B.        C.      D.     正确答案：B 社区投票分布 B (92%)	A (8%)              问题 #373	主题 1    一名 SysOps 管理员管理许多 AWS 会员账户在 AWS Organizations 结构中的策略。其他团队的管理员可以访问会员账户的 root 用户凭证。SysOps 管理员必须阻止所有团队，包括他们的管理员，使用 Amazon DynamoDB。 解决方案不得影响团队访问其他 AWS 服务的能力。  哪个解决方案将满足这些要求？,在所有成员账户中，配置 IAM 政策，拒绝访问所有 DynamoDB 资源，适用于所有用户，包括 root 用户。,在管理账户中创建一个服务控制策略（SCP）以拒绝所有 DynamoDB 操作。将该 SCP 应用到组织的根目录。,在所有成员账户中，配置 IAM 政策，拒绝 AmazonDynamoDBFullAccess 给所有用户，包括 root 用户。,"在管理账户中删除默认的 service control policy (SCP)，  
创建一个替代的 SCP，  
该 SCP 包含一个声明，  
该声明拒绝所有 DynamoDB actions。",nan,nan,"一名 SysOps 管理员 需要 在 AWS CloudFormation 模板 中 创建 一个 Amazon S3 bucket 作为 资源。  
该 bucket 名 必须 是 随机 生成 的， 并且 该 bucket 必须 被 加密。  
模板 中 的 其他 资源 将 引用 该 bucket。  
哪个 CloudFormation 资源定义 应该 由 SysOps 管理员 使用 以 满足 这些 要求？  
A.  
B.  
C.  
D.  
正确答案：B  
社区投票分布 B (92%)  
A (8%)  
问题 #373  
主题 1  
一名 SysOps 管理员 管理 许多 AWS 会员账户 在 AWS Organizations 结构 中 的 策略。  
其他 团队 的 管理员 可以 访问 会员账户 的 root 用户 凭证。  
SysOps 管理员 必须 阻止 所有 团队，包括 他们 的 管理员， 使用 Amazon DynamoDB。  
解决方案 不得 影响 团队 访问 其他 AWS 服务 的 能力。  
哪个 解决方案 将 满足 这些 要求？"
374,A company has users that deploy Amazon EC2 instances that have more disk performance capacity than is required. A SysOps administrator needs to review all Amazon Elastic Block Store (Amazon EBS) volumes that are associated with the instances and create cost optimization recommendations based on IOPS and throughput.  What should the SysOps administrator do to meet these requirements in the MOST operationally efficient way?,C,Use the monitoring graphs in the EC2 console to view metrics for EBS volumes. Review the consumed space against the provisioned space on each volume. Identify any volumes that have low utilization.,Stop the EC2 instances from the EC2 console. Change the EC2 instance type for Amazon EBS-optimized. Start the EC2 instances.,Opt in to AWS Compute Optimizer. Allow sufficient time for metrics to be gathered. Review the Compute Optimizer findings for EBS volumes.,Install the fio tool onto the EC2 instances and create a .cfg file to approximate the required workloads. Use the benchmark results to gauge whether the provisioned EBS volumes are of the most appropriate type.,,,一家公司有用户部署 Amazon EC2 实例，这些实例具有比所需更多的磁盘性能容量。 一名 SysOps 管理员需要审查所有与这些实例相关联的 Amazon Elastic Block Store (Amazon EBS) 卷，并根据 IOPS 和吞吐量创建成本优化建议。 什么是 SysOps 管理员应采取的最具操作效率的方式，以满足这些要求？,"使用 EC2 控制台中的监控图表查看 EBS 卷的指标。  
审查每个卷的已用空间与预配空间。  
识别任何利用率低的卷。",停止 EC2 实例从 EC2 控制台。更改 EC2 实例类型为 Amazon EBS-optimized。启动 EC2 实例。,选择加入到 AWS Compute Optimizer。允许足够的时间用于收集指标。审查 Compute Optimizer 对于 EBS 卷的发现。,"在 EC2 实例上安装 fio 工具，并创建一个 .cfg 文件以近似所需的工作负载。  
使用基准测试结果来评估所配置的 EBS 卷是否为最合适的类型。",nan,nan,"一家公司有用户部署 Amazon EC2 实例，这些实例具有比所需更多的磁盘性能容量。  
一名 SysOps 管理员需要审查所有与这些实例相关联的 Amazon Elastic Block Store (Amazon EBS) 卷，并根据 IOPS 和吞吐量创建成本优化建议。  
什么是 SysOps 管理员应采取的最具操作效率的方式，以满足这些要求？"
375,"A SysOps administrator has many Windows Amazon EC2 instances that need to share a file system between nodes. The SysOps administrator creates an Amazon Elastic File System (Amazon EFS) file share. After creation of the file share, the SysOps administrator is having trouble mounting the file share to the EC2 instances.  Which action should the SysOps administrator take so that the EC2 instances can share the files?",A,Delete the EFS file share. Create an Amazon FSx for Windows File Server file share for the EC2 instances.,Use the correct IAM credentials to mount the EFS file share.,Configure NFSv4 support on the Windows operating system that is running on the EC2 instances.,Allow the correct port for NFS through the security group and network ACL.,,,"一名 SysOps 管理员拥有许多 Windows Amazon EC2 实例，这些实例需要在节点之间共享文件系统。  
该 SysOps 管理员创建了一个 Amazon Elastic File System (Amazon EFS) 文件共享。  
在创建文件共享之后，SysOps 管理员在将文件共享挂载到 EC2 实例时遇到困难。  
 SysOps 管理员应该采取哪项措施，以便 EC2 实例可以共享文件？",删除 EFS 文件共享。创建一个 Amazon FSx for Windows File Server 文件共享，用于 EC2 实例。,使用正确的 IAM 凭证 来 挂载 EFS 文件共享。,在 EC2 实例上运行的 Windows 操作系统上配置 NFSv4 支持。,允许正确的端口通过 security group 和 network ACL 进行 NFS。,nan,nan,"一名 SysOps 管理员拥有许多 Windows Amazon EC2 实例，这些实例需要在节点之间共享文件系统。  
该 SysOps 管理员创建了一个 Amazon Elastic File System (Amazon EFS) 文件共享。  
在创建文件共享之后，SysOps 管理员在将文件共享挂载到 EC2 实例时遇到困难。  
 SysOps 管理员应该采取哪项措施，以便 EC2 实例可以共享文件？"
376,A company has a multi-account environment. Account A has a production application that is hosted on an Amazon EC2 instance. The application needs to query data in an Amazon DynamoDB table that is hosted in Account B.  A SysOps administrator needs to provide the EC2 instance in Account A with access to the DynamoDB table in Account B.  What is the MOST secure solution that will meet these requirements?,B,Update the IAM policy that is attached to the EC2 instance's IAM role to allow the dynamodb:Query permission on the DynamoDB table in Account,Update the DynamoDB table's resource policy to allow the query action from the EC2 instance's IAM role.,Update the IAM policy that is attached to the EC2 instance's IAM role to allow the dynamodb:Query permission on the DynamoDB table in Account,"In Account B, create a static IAM key that has the appropriate permissions to query the DynamoDB table. Embed these credentials into the credentials file on the EC2 instance. Reference the credentials every time the application needs to query the table.",,,一家公司拥有一个多账户环境。账户 A 拥有一个托管在 Amazon EC2 实例上的生产应用程序。该应用程序需要查询托管在账户 B 中的 Amazon DynamoDB 表中的数据。SysOps 管理员需要为账户 A 中的 EC2 实例提供对账户 B 中的 DynamoDB 表的访问权限。什么是最安全的解决方案，能够满足这些要求？,更新附加到 EC2 实例的 IAM 角色的 IAM 政策，以允许对 Account 中的 DynamoDB 表的 dynamodb:Query 权限。,更新 DynamoDB 表的资源策略以允许来自 EC2 实例的 IAM 角色的 query 操作。,更新 附加 到 EC2 实例的 IAM 角色 的 IAM 策略 以 允许 dynamodb:Query 权限 在 账户 的 DynamoDB 表上,在账户 B 中，创建一个具有适当权限以查询 DynamoDB 表的静态 IAM 密钥。将这些凭证嵌入到 EC2 实例上的凭证文件中。每次应用程序需要查询该表时，引用这些凭证。,nan,nan,"一家公司拥有一个多账户环境。  
账户 A 拥有一个托管在 Amazon EC2 实例上的生产应用程序。  
该应用程序需要查询托管在账户 B 中的 Amazon DynamoDB 表中的数据。  
SysOps 管理员需要为账户 A 中的 EC2 实例提供对账户 B 中的 DynamoDB 表的访问权限。  
什么是最安全的解决方案，能够满足这些要求？"
377,A company has implemented a Kubernetes cluster on Amazon Elastic Kubernetes Service (Amazon ECS) to host a microservices-based application. The company expects application traffic to increase significantly for the next month and wants to prevent the application from crashing because of the high number of requests.  Which solution will meet these requirements with the LEAST administrative overhead?,B,Create a second EKS cluster. Load balance the workload between the two clusters.,Implement the Kubernetes Horizontal Pod Autoscaler. Set a target CPU utilization percentage.,Migrate the application from Amazon EKS to Amazon EC2 for the next month. Migrate the application back to Amazon EKS when the month ends.,Implement the Kubernetes Vertical Pod Autoscaler. Set a target CPU utilization percentage.,,,"一家公司在 Amazon Elastic Kubernetes Service (Amazon ECS) 上实现了一个 Kubernetes 集群，用于托管一个基于微服务的应用程序。  
该公司预计在下个月，应用程序的流量将显著增加，并且希望防止应用程序因为大量请求而崩溃。  
哪种解决方案可以以最少的管理开销满足这些要求？",创建 一个 第二 个 EKS 集群。 负载 均衡 工作 负载 之间 的 两个 集群。,实现 Kubernetes Horizontal Pod Autoscaler。设置目标 CPU 利用率百分比。,"将应用程序从 Amazon EKS 迁移到 Amazon EC2，为下个月。  
当这个月结束时，将应用程序迁移回 Amazon EKS。",实现 Kubernetes Vertical Pod Autoscaler。设置目标 CPU 利用率百分比。,nan,nan,"一家公司在 Amazon Elastic Kubernetes Service (Amazon ECS) 上实现了一个 Kubernetes 集群，用于托管一个基于微服务的应用程序。  
该公司预计在下个月，应用程序的流量将显著增加，并且希望防止应用程序因为大量请求而崩溃。  
哪种解决方案可以以最少的管理开销满足这些要求？"
378,A company deploys a new application to Amazon EC2 instances. The application code is stored in an AWS CodeCommit repository. The company uses an AWS CodePipeline pipeline to deploy the code to the EC2 instances through a continuous integration and continuous delivery (CI/CD) process.  A SysOps administrator needs to ensure that sensitive database information is configured properly on the EC2 instances to prevent accidental leakage of credentials.  Which solutions will store and retrieve the sensitive information in the MOST secure manner? (Choose two.),AB,Store the values in AWS Secrets Manager. Update the code to retrieve these values when the application starts. Store the values as environmental variables that the application can use.,Store the values in AWS Systems Manager Parameter Store as secret strings. Update the code to retrieve these values when the application starts. Store the values as environmental variables that the application can use.,Store the values in an AWS Lambda function. Update the code to invoke the Lambda function when the application starts. Configure the Lambda function to inject the values as environmental variables that the application can use.,Store the configuration information in a file on the EC2 instances. Ensure that the underlying drives are encrypted by AWS Key Management Service (AWS KMS). Update the application to read the file when the application starts. Store the values as environmental variables.,"Store the values in a text file in an Amazon S3 bucket. In the CI/CD pipeline, copy the file to the EC2 instance in an appropriate location on a disk that the application can read.",,"一家公司将一个新应用程序部署到 Amazon EC2 实例。  
该应用程序代码存储在一个 AWS CodeCommit 仓库中。  
该公司使用一个 AWS CodePipeline 流水线通过持续集成和持续交付（CI/CD）流程将代码部署到 EC2 实例。  
一名 SysOps 管理员需要确保敏感数据库信息在 EC2 实例上被正确配置，以防止凭证意外泄露。  
哪些解决方案将以最安全的方式存储和检索敏感信息？（选择两个。）",将值存储在 AWS Secrets Manager 中。 更新代码以在应用程序启动时检索这些值。 将这些值存储为应用程序可以使用的环境变量。,"将值存储在 AWS Systems Manager Parameter Store 作为 secret strings。  
更新代码以在应用程序启动时检索这些值。  
将值存储为应用程序可以使用的环境变量。",将值存储在 AWS Lambda function 中。更新代码以在应用程序启动时调用 Lambda function。配置 Lambda function 以将值作为环境变量注入，应用程序可以使用这些环境变量。,将配置信息存储在 EC2 实例上的文件中。确保底层驱动器由 AWS Key Management Service (AWS KMS) 加密。更新应用程序以在应用程序启动时读取该文件。将值存储为环境变量。,将值存储在一个文本文件中，存放在 Amazon S3 bucket 中。 在 CI/CD pipeline 中，将文件复制到 EC2 instance 中的一个适当位置，在一个应用程序可以读取的磁盘上。,nan,"一家公司将一个新应用程序部署到 Amazon EC2 实例。  
该应用程序代码存储在一个 AWS CodeCommit 仓库中。  
该公司使用一个 AWS CodePipeline 流水线通过持续集成和持续交付（CI/CD）流程将代码部署到 EC2 实例。  
一名 SysOps 管理员需要确保敏感数据库信息在 EC2 实例上被正确配置，以防止凭证意外泄露。  
哪些解决方案将以最安全的方式存储和检索敏感信息？（选择两个。）"
380,"A SysOps administrator notices that the cache hit ratio for an Amazon CloudFront distribution is less than 10%. The SysOps administrator needs to increase the cache hit ratio for the distribution, improve network performance, and reduce the load on the origin.  Which combination of actions should the SysOps administrator take to meet these requirements? (Choose two.)",AE,Enable CloudFront Origin Shield for the required AWS Regions.,Change the viewer protocol policy to use HTTPS only.,Add a second origin. Create an origin group that includes both origins. Activate CloudFront origin failover.,Turn on automatic compression of objects in the cache behavior settings.,Increase the CloudFront TTL values in the cache behavior settings.,,"一名 SysOps 管理员注意到，Amazon CloudFront 分发的缓存命中率低于 10%。  
The SysOps administrator needs to increase the cache hit ratio for the distribution, improve network performance, and reduce the load on the origin.  
SysOps 管理员需要提高分发的缓存命中率，改善网络性能，并减少对 origin 的负载。  
Which combination of actions should the SysOps administrator take to meet these requirements? (Choose two.)  
应采取哪两项行动组合以满足这些要求？（选择两个。）",为所需的 AWS 区域启用 CloudFront Origin Shield。,将 viewer protocol policy 改为 使用 HTTPS only。,添加第二个源。创建一个包含两个源的源组。激活 CloudFront 源故障转移。,在缓存行为设置中开启对象的自动压缩。,在 cache behavior 设置中增加 CloudFront TTL 值。,nan,"一名 SysOps 管理员注意到，Amazon CloudFront 分发的缓存命中率低于 10%。  
The SysOps administrator needs to increase the cache hit ratio for the distribution, improve network performance, and reduce the load on the origin.  
SysOps 管理员需要提高分发的缓存命中率，改善网络性能，并减少对 origin 的负载。  
Which combination of actions should the SysOps administrator take to meet these requirements? (Choose two.)  
应采取哪两项行动组合以满足这些要求？（选择两个。）"
381,"A custom application must be installed on all Amazon EC2 instances. The application is small, updated frequently, and can be installed automatically.  How can the application be deployed on new EC2 instances?",A,Launch a script that downloads and installs the application using Amazon EC2 user data.,Create a custom API using Amazon API Gateway to call an installation executable from an AWS CloudFormation template.,Use AWS Systems Manager to inject the application into an AMI.,Configure AWS CodePipeline to deploy code changes and updates.,,,"必须在所有 Amazon EC2 实例上安装一个自定义应用程序。  
该应用程序很小，更新频繁，并且可以自动安装。  
如何在新的 EC2 实例上部署该应用程序？",启动 一个 脚本 ， 它 下载 并 安装 应用程序 使用 Amazon EC2 用户数据 。,使用 Amazon API Gateway 创建一个自定义 API，以从 AWS CloudFormation 模板调用安装可执行文件。,使用 AWS Systems Manager 将应用程序注入到一个 AMI。,配置 AWS CodePipeline 以部署 代码 变更 和 更新。,nan,nan,"必须在所有 Amazon EC2 实例上安装一个自定义应用程序。  
该应用程序很小，更新频繁，并且可以自动安装。  
如何在新的 EC2 实例上部署该应用程序？"
382,A SysOps administrator wants to securely share an object from a private Amazon S3 bucket with a group of users who do not have an AWS account.  What is the MOST operationally efficient solution that will meet this requirement?,D,Attach an S3 bucket policy that only allows object downloads from the users' IP addresses.,Create an IAM role that has access to the object. Instruct the users to assume the role.,Create an IAM user that has access to the object. Share the credentials with the users.,Generate a presigned URL for the object. Share the URL with the users.,,,"一名 SysOps 管理员想要安全地与没有 AWS 账户的一组用户共享来自私有 Amazon S3 bucket 的对象。  
什么是最具操作效率的解决方案，能够满足这个需求？",附加一个 S3 bucket 政策，该政策只允许对象从用户的 IP 地址下载。,创建一个具有访问对象权限的 IAM 角色。指示用户假设该角色。,创建一个具有访问该对象权限的 IAM 用户。与用户共享凭证。,为对象生成一个 presigned URL。与用户分享该 URL。,nan,nan,"一名 SysOps 管理员想要安全地与没有 AWS 账户的一组用户共享来自私有 Amazon S3 bucket 的对象。  
什么是最具操作效率的解决方案，能够满足这个需求？"
383,"A company is running an ecommerce application on AWS. The application maintains many open but idle connections to an Amazon Aurora DB cluster. During times of peak usage, the database produces the following error message: ""Too many connections."" The database clients are also experiencing errors.  Which solution will resolve these errors?",B,Increase the read capacity units (RCUs) and the write capacity units (WCUs) on the database.,Configure RDS Proxy. Update the application with the RDS Proxy endpoint.,Turn on enhanced networking for the DB instances.,Modify the DB cluster to use a burstable instance type.,,,"一家公司正在AWS上运行一个电子商务应用程序。 该应用程序维护许多开放但空闲的连接到一个Amazon Aurora DB集群。 在高峰使用时，数据库产生以下错误信息： ""Too many connections.""。 数据库客户端也遇到错误。 哪个解决方案将解决这些错误？",增加 读容量单位（RCUs） 和 写容量单位（WCUs） 在 数据库 上。,配置 RDS Proxy。用 RDS Proxy 端点更新应用程序。,为数据库实例开启增强网络。,修改 该 数据库 集群 以 使用 一个 burstable 实例 类型。,nan,nan,"一家公司正在 AWS 上运行一个电子商务应用程序。  
The company is running an e-commerce application on AWS.  

该应用程序维护许多开放但空闲的连接到一个 Amazon Aurora DB 集群。  
The application maintains many open but idle connections to an Amazon Aurora DB cluster.  

在高峰使用时，数据库产生以下错误信息： ""Too many connections.""。  
During peak usage, the database produces the following error message: ""Too many connections.""。  

数据库客户端也遇到错误。  
The database clients also encounter errors.  

哪个解决方案将解决这些错误？  
Which solution will resolve these errors?"
384,A SysOps administrator is troubleshooting a VPC with public and private subnets that leverage custom network ACLs. Instances in the private subnet are unable to access the internet. There is an internet gateway attached to the public subnet. The private subnet has a route to a NAT gateway that is also attached to the public subnet. The Amazon EC2 instances are associated with the default security group for the VPC.  What is causing the issue in this scenario?,A,There is a network ACL on the private subnet set to deny all outbound traffic.,There is no NAT gateway deployed in the private subnet of the VPC.,The default security group for the VPC blocks all inbound traffic to the EC2 instances.,The default security group for the VPC blocks all outbound traffic from the EC2 instances.,,,"一名 SysOps 管理员正在排查一个具有公共子网和私有子网的 VPC， 这些子网利用自定义网络 ACLs。  
实例在私有子网中无法访问互联网。  
有一个 internet gateway 附加到公共子网。  
私有子网有一条路由到一个 NAT gateway，该 NAT gateway 也附加到公共子网。  
Amazon EC2 实例与 VPC 的默认安全组相关联。  
在这种情况下，导致问题的原因是什么？",在私有子网上有一个网络ACL，设置为拒绝所有出站流量。,在 VPC 的私有子网中，没有部署 NAT gateway。,VPC 的默认安全组 阻止 所有 入站 流量 到 EC2 实例。,VPC 的默认安全组 阻止 所有 出站 流量 从 EC2 实例。,nan,nan,"一名 SysOps 管理员正在排查一个具有公共子网和私有子网的 VPC， 这些子网利用自定义网络 ACLs。  
实例在私有子网中无法访问互联网。  
有一个 internet gateway 附加到公共子网。  
私有子网有一条路由到一个 NAT gateway，该 NAT gateway 也附加到公共子网。  
Amazon EC2 实例与 VPC 的默认安全组相关联。  
在这种情况下，导致问题的原因是什么？"
385,A company stores its internal data within an Amazon S3 bucket. All existing data within the S3 bucket is protected by using server-side encryption with Amazon S3 managed encryption keys (SSE-S3). S3 Versioning is enabled. A SysOps administrator must replicate the internal data to another S3 bucket in a different AWS account for disaster recovery. All the existing data is copied from the source S3 bucket to the destination S3 bucket.  Which replication solution is MOST operationally efficient?,A,Add a replication rule to the source bucket and specify the destination bucket. Create a bucket policy for the destination bucket to allow the owner of the source bucket to replicate objects.,Schedule an AWS Batch job with Amazon EventBridge to copy new objects from the source bucket to the destination bucket. Create a Batch Operations IAM role in the destination account.,Configure an Amazon S3 event notification for the source bucket to invoke an AWS Lambda function to copy new objects to the destination bucket. Ensure that the Lambda function has cross-account access permissions.,Run a scheduled script on an Amazon EC2 instance to copy new objects from the source bucket to the destination bucket. Assign cross-account access permissions to the EC2 instance's role.,,,一家公司将其内部数据存储在一个 Amazon S3 bucket 中。所有存在的 数据在 S3 bucket 内通过使用 server-side encryption with Amazon S3 managed encryption keys (SSE-S3) 进行保护。 S3 Versioning 已启用。 一个 SysOps 管理员必须将内部数据复制到另一个 S3 bucket 中，位于不同的 AWS 账户中，以进行灾难恢复。 所有现有的数据都从源 S3 bucket 复制到目标 S3 bucket。 哪种复制解决方案在操作上最有效率？,向源存储桶添加复制规则，并指定目标存储桶。为目标存储桶创建存储桶策略，以允许源存储桶的所有者复制对象。,使用 Amazon EventBridge 安排一个 AWS Batch 作业，以复制新对象从源存储桶到目标存储桶。 在目标账户中创建一个 Batch Operations IAM 角色。,"为源存储桶配置一个 Amazon S3 事件通知，以调用 AWS Lambda 函数，将新对象复制到目标存储桶。  
确保 Lambda 函数具有跨账户访问权限。","在 Amazon EC2 实例上运行一个定时脚本，以将新对象从源存储桶复制到目标存储桶。  
为 EC2 实例的角色分配跨账户访问权限。",nan,nan,"一家公司将其内部数据存储在一个 Amazon S3 bucket 中。  
所有存在的 数据在 S3 bucket 内通过使用 server-side encryption with Amazon S3 managed encryption keys (SSE-S3) 进行保护。  
S3 Versioning 已启用。  
一个 SysOps 管理员必须将内部数据复制到另一个 S3 bucket 中，位于不同的 AWS 账户中，以进行灾难恢复。  
所有现有的数据都从源 S3 bucket 复制到目标 S3 bucket。  
哪种复制解决方案在操作上最有效率？"
386,A company has a high performance computing (HPC) application that runs on Amazon EC2 instances. The application requires minimum latency and maximum network throughput between nodes.  How should a SysOps administrator deploy the EC2 instances to meet these requirements?,A,Use a cluster placement group in a single Availability Zone.,Use a cluster placement group across multiple Availability Zones.,Use a partition placement group in a single Availability Zone.,Use a partition placement group across multiple Availability Zones.,,,"一家公司有一个高性能计算（HPC）应用程序，该应用程序在 Amazon EC2 实例上运行。  
该应用程序需要节点之间的最低延迟和最大网络吞吐量。  
SysOps 管理员应如何部署 EC2 实例以满足这些要求？",在单一的 Availability Zone 中使用一个 cluster placement group。,使用一个 cluster placement group 跨多个 Availability Zones。,在单一的 Availability Zone 中使用 partition placement group。,使用一个 partition placement group 跨多个 Availability Zones。,nan,nan,"一家公司有一个高性能计算（HPC）应用程序，该应用程序在 Amazon EC2 实例上运行。  
该应用程序需要节点之间的最低延迟和最大网络吞吐量。  
SysOps 管理员应如何部署 EC2 实例以满足这些要求？"
387,A company has a stateless application that is hosted on a fleet of 10 Amazon EC2 On-Demand Instances in an Auto Scaling group. A minimum of 6 instances are needed to meet service requirements.  Which action will maintain uptime for the application MOST cost-effectively?,A,Use a Spot Fleet with an On-Demand capacity of 6 instances.,Update the Auto Scaling group with a minimum of 6 On-Demand Instances and a maximum of 10 On-Demand Instances.,Update the Auto Scaling group with a minimum of 1 On-Demand Instance and a maximum of 6 On-Demand Instances.,Use a Spot Fleet with a target capacity of 6 instances.,,,"一家公司有一个无状态的应用程序，该应用程序托管在一组10个 Amazon EC2 On-Demand Instances 的 Auto Scaling 组中。  
一个最少的6个实例是需要满足服务需求的。  
哪一个操作将以最具成本效益的方式保持应用程序的正常运行时间？",使用一个 Spot Fleet，具有一个 On-Demand 容量为 6 个实例。,用最小值为6的 On-Demand Instances 和最大值为10的 On-Demand Instances 来更新 Auto Scaling group。,用最少 1 个 On-Demand Instance 和最多 6 个 On-Demand Instances 更新 Auto Scaling 组。,使用一个 Spot Fleet，目标容量为 6 实例。,nan,nan,"一家公司有一个无状态的应用程序，该应用程序托管在一组10个 Amazon EC2 On-Demand Instances 的 Auto Scaling 组中。  
一个最少的6个实例是需要满足服务需求的。  
哪一个操作将以最具成本效益的方式保持应用程序的正常运行时间？"
388,A company has developed a service that is deployed on a fleet of Linux-based Amazon EC2 instances that are in an Auto Scaling group. The service occasionally fails unexpectedly because of an error in the application code. The company's engineering team determines that resolving the underlying cause of the service failure could take several weeks.  A SysOps administrator needs to create a solution to automate recovery if the service crashes on any of the EC2 instances.  Which solutions will meet this requirement? (Choose two.),AC,Install the Amazon CloudWatch agent on the EC2 instances. Configure the CloudWatch agent to monitor the service. Set the CloudWatch action to restart if the service health check fails.,Tag the EC2 instances. Create an AWS Lambda function that uses AWS Systems Manager Session Manager to log in to the tagged EC2 instances and restart the service. Schedule the Lambda function to run every 5 minutes.,"Tag the EC2 instances. Use AWS Systems Manager State Manager to create an association that uses the AWS-RunShellScript document. Configure the association command with a script that checks if the service is running and that starts the service if the service is not running. For targets, specify the EC2 instance tag. Schedule the association to run every 5 minutes.",Update the EC2 user data that is specified in the Auto Scaling group's launch template to include a script that runs on a cron schedule every 5 minutes. Configure the script to check if the service is running and to start the service if the service is not running. Redeploy all the EC2 instances in the Auto Scaling group with the updated launch template.,Update the EC2 user data that is specified in the Auto Scaling group's launch template to ensure that the service runs during startup. Redeploy all the EC2 instances in the Auto Scaling group with the updated launch template.,,"一家公司开发了一个服务，该服务部署在一组基于 Linux 的 Amazon EC2 实例上，这些实例位于一个 Auto Scaling 组中。  
The service occasionally fails unexpectedly because of an error in the application code.  
该服务偶尔会因为应用程序代码中的错误而意外失败。  
The company's engineering team determines that resolving the underlying cause of the service failure could take several weeks.  
该公司的工程团队确定，解决服务失败的根本原因可能需要数周时间。  
A SysOps administrator needs to create a solution to automate recovery if the service crashes on any of the EC2 instances.  
一名 SysOps 管理员需要创建一个解决方案，以在任何 EC2 实例上的服务崩溃时自动恢复。  
Which solutions will meet this requirement? (Choose two.)  
哪些解决方案将满足此要求？（选择两个。）",在 EC2 实例上安装 Amazon CloudWatch agent。配置 CloudWatch agent 以监控该服务。设置 CloudWatch 操作在服务健康检查失败时重启。,给 EC2 实例打标签。创建一个使用 AWS Systems Manager Session Manager 登录到被标记的 EC2 实例并重启服务的 AWS Lambda 函数。安排 Lambda 函数每 5 分钟运行一次。,给 EC2 实例打标签。使用 AWS Systems Manager State Manager 创建一个关联，该关联使用 AWS-RunShellScript 文档。配置该关联命令，包含一个脚本，用于检查服务是否正在运行，以及在服务未运行时启动该服务。对于目标，指定 EC2 实例标签。安排该关联每 5 分钟运行一次。,"更新在 Auto Scaling 组的 launch template 中指定的 EC2 用户数据，以包含一个在 cron 时间表上每 5 分钟运行的脚本。  
配置该脚本以检查服务是否正在运行，并在服务未运行时启动该服务。  
使用更新的 launch template 重新部署 Auto Scaling 组中的所有 EC2 实例。","更新在 Auto Scaling 组的 launch template 中指定的 EC2 用户数据，以确保在启动期间服务运行。  
重新部署 Auto Scaling 组中的所有 EC2 实例，使用更新后的 launch template。",nan,"一家公司开发了一个服务，该服务部署在一组基于 Linux 的 Amazon EC2 实例上，这些实例位于一个 Auto Scaling 组中。  
The service occasionally fails unexpectedly because of an error in the application code.  
该服务偶尔会因为应用程序代码中的错误而意外失败。  
The company's engineering team determines that resolving the underlying cause of the service failure could take several weeks.  
该公司的工程团队确定，解决服务失败的根本原因可能需要数周时间。  
A SysOps administrator needs to create a solution to automate recovery if the service crashes on any of the EC2 instances.  
一名 SysOps 管理员需要创建一个解决方案，以在任何 EC2 实例上的服务崩溃时自动恢复。  
Which solutions will meet this requirement? (Choose two.)  
哪些解决方案将满足此要求？（选择两个。）"
389,"A company's web application runs on Amazon EC2 instances in a single AWS Region. The infrastructure must be designed so the application remains available with no performance degradation in the event of an Availability Zone (AZ) failure. To ensure optimal performance, the application must maintain a minimum of 12 instances at all times.  Which solution will meet the requirements with the fewest running instances possible?",D,2 AZs with 6 instances in each AZ,2 AZs with 12 instances in each AZ,3 AZs with 4 instances in each AZ,3 AZs with 6 instances in each AZ,,,"一家公司 的 网络应用程序 运行 在 Amazon EC2 实例 中 在 一个 AWS 区域 内。  
该 基础设施 必须 被 设计 以 使 该 应用程序 保持 可用，且 在 发生 可用区 (AZ) 失效 时 不会 出现 性能 下降。  
为了 确保 最佳 性能， 该 应用程序 必须 始终 维持 最少 12 个 实例。  
哪种 解决方案 将 满足 要求， 并 使用 最少 的 运行 实例？",每个 AZ 有 6 个实例的 2 个 AZs,每个 AZ 有 12 个实例的 2 个 AZ,每个 AZ 有 4 个实例，共 3 个 AZ,每个 AZ 有 6 个实例的 3 个 AZ,nan,nan,"一家公司 的 网络应用程序 运行 在 Amazon EC2 实例 中 在 一个 AWS 区域 内。  
该 基础设施 必须 被 设计 以 使 该 应用程序 保持 可用，且 在 发生 可用区 (AZ) 失效 时 不会 出现 性能 下降。  
为了 确保 最佳 性能， 该 应用程序 必须 始终 维持 最少 12 个 实例。  
哪种 解决方案 将 满足 要求， 并 使用 最少 的 运行 实例？"
390,A company needs to monitor the disk utilization of Amazon Elastic Block Store (Amazon EBS) volumes. The EBS volumes are attached to Amazon EC2 Linux instances. A SysOps administrator must set up an Amazon CloudWatch alarm that provides an alert when disk utilization increases to more than 80%.  Which combination of steps must the SysOps administrator take to meet these requirements? (Choose three.),ACE,Create an IAM role that includes the CloudWatchAgentServerPolicy AWS managed policy. Attach the role to the instances.,Create an IAM role that includes the CloudWatchApplicationInsightsReadOnlyAccess AWS managed policy. Attach the role to the instances.,Install and start the CloudWatch agent by using AWS Systems Manager or the command line.,Install and start the CloudWatch agent by using an IAM role. Attach the CloudWatchAgentServerPolicy AWS managed policy to the role.,Configure a CloudWatch alarm to enter ALARM state when the disk_used_percent CloudWatch metric is greater than 80%.,Configure a CloudWatch alarm to enter ALARM state when the disk_used CloudWatch metric is greater than 80% or when the disk_free CloudWatch metric is less than 20%.,"一家公司需要监控 Amazon Elastic Block Store (Amazon EBS) 卷的磁盘利用率。  
The EBS 卷被连接到 Amazon EC2 Linux 实例。  
一名 SysOps 管理员必须设置一个 Amazon CloudWatch 警报，当磁盘利用率增加到超过 80% 时提供警报。  
哪一组合的步骤 SysOps 管理员必须采取以满足这些要求？（选择三个。）",创建一个 IAM 角色，该角色包含 CloudWatchAgentServerPolicy AWS 管理策略。将该角色附加到实例上。,创建一个 IAM 角色，该角色包括 CloudWatchApplicationInsightsReadOnlyAccess AWS 管理策略。将该角色附加到实例上。,安装并启动 CloudWatch agent 通过使用 AWS Systems Manager 或者 命令行。,使用 IAM 角色安装并启动 CloudWatch agent。将 CloudWatchAgentServerPolicy AWS 管理策略附加到该角色。,配置一个 CloudWatch 警报，当 disk_used_percent CloudWatch 指标大于 80% 时进入 ALARM 状态。,配置一个 CloudWatch 警报，当 disk_used CloudWatch 指标大于 80% 时进入 ALARM 状态，或者当 disk_free CloudWatch 指标小于 20% 时进入 ALARM 状态。,"一家公司需要监控 Amazon Elastic Block Store (Amazon EBS) 卷的磁盘利用率。  
The EBS 卷被连接到 Amazon EC2 Linux 实例。  
一名 SysOps 管理员必须设置一个 Amazon CloudWatch 警报，当磁盘利用率增加到超过 80% 时提供警报。  
哪一组合的步骤 SysOps 管理员必须采取以满足这些要求？（选择三个。）"
391,An ecommerce company uses an Amazon ElastiCache for Redis cluster for in-memory caching of popular product queries on a shopping website. The cache eviction policy is randomly evicting keys whether or not a TTL is set. A SysOps administrator must improve the cache hit ratio without increasing costs.  Which solution will meet these requirements?,D,Add another node to the ElastiCache cluster.,Increase the ElastiCache TTL value.,Change the eviction policy to randomly evict keys that have a TTL set.,Change the eviction policy to evict the least frequently used keys.,,,"一家电子商务公司使用 Amazon ElastiCache for Redis 集群，用于在购物网站上对热门产品查询进行内存缓存。  
The cache eviction policy is randomly evicting keys whether or not a TTL is set.  
缓存逐出策略无论是否设置 TTL 都在随机逐出键。  
A SysOps administrator must improve the cache hit ratio without increasing costs.  
一名 SysOps 管理员必须在不增加成本的情况下改善缓存命中率。  
Which solution will meet these requirements?  
哪种解决方案将满足这些要求？",向 ElastiCache 集群添加另一个节点。,增加 ElastiCache TTL 值。,将 eviction 政策 改为 随机 淘汰 设置 有 TTL 的 键。,将更改 eviction 政策 到 evict 最少 使用 频繁 的 keys。,nan,nan,"一家电子商务公司使用 Amazon ElastiCache for Redis 集群，用于在购物网站上对热门产品查询进行内存缓存。  
The cache eviction policy is randomly evicting keys whether or not a TTL is set.  
缓存逐出策略无论是否设置 TTL 都在随机逐出键。  
A SysOps administrator must improve the cache hit ratio without increasing costs.  
一名 SysOps 管理员必须在不增加成本的情况下改善缓存命中率。  
Which solution will meet these requirements?  
哪种解决方案将满足这些要求？"
392,A company deployed a new web application on multiple Amazon EC2 instances behind an Application Load Balancer (ALB). The EC2 instances run in an Auto Scaling group. Users report that they are frequently being prompted to log in.  What should a SysOps administrator do to resolve this issue?,B,Configure an Amazon CloudFront distribution with the ALB as the origin.,Enable sticky sessions (session affinity) for the target group of EC2 instances.,Redeploy the EC2 instances in a spread placement group.,Replace the ALB with a Network Load Balancer.,,,"一家公司在多个 Amazon EC2 实例上部署了一个新的 web 应用程序，位于一个 Application Load Balancer (ALB) 后面。  
这些 EC2 实例在一个 Auto Scaling group 中运行。  
用户报告说，他们经常被提示登录。  
SysOps 管理员应该采取什么措施来解决这个问题？",配置 一个 Amazon CloudFront 分发 与 ALB 作为 源。,为 EC2 实例的目标组启用 sticky sessions（会话亲和性）。,重新部署 EC2 实例在一个 spread placement group。,用网络负载均衡器替换 ALB。,nan,nan,"一家公司在多个 Amazon EC2 实例上部署了一个新的 web 应用程序，位于一个 Application Load Balancer (ALB) 后面。  
这些 EC2 实例在一个 Auto Scaling group 中运行。  
用户报告说，他们经常被提示登录。  
SysOps 管理员应该采取什么措施来解决这个问题？"
393,A company has scientists who upload large data objects to an Amazon S3 bucket. The scientists upload the objects as multipart uploads. The multipart uploads often fail because of poor end-client connectivity.  The company wants to optimize storage costs that are associated with the data. A SysOps administrator must implement a solution that presents metrics for incomplete uploads. The solution also must automatically delete any incomplete uploads after 7 days.  Which solution will meet these requirements?,A,Review the Incomplete Multipart Upload Bytes metric in the S3 Storage Lens dashboard. Create an S3 Lifecycle policy to automatically delete any incomplete multipart uploads after 7 days.,Implement S3 Intelligent-Tiering to move data into lower-cost storage classes after 7 days. Create an S3 Storage Lens policy to automatically delete any incomplete multipart uploads after 7 days.,Access the S3 console. Review the Metrics tab to check the storage that incomplete multipart uploads are consuming. Create an AWS Lambda function to delete any incomplete multipart uploads after 7 days.,Use the S3 analytics storage class analysis tool to identify and measure incomplete multipart uploads. Configure an S3 bucket policy to enforce restrictions on multipart uploads to delete incomplete multipart uploads after 7 days.,,,"一家公司有科学家，他们将大型数据对象上传到 Amazon S3 存储桶。  
The scientists upload the objects as multipart uploads.  
这些多部分上传经常失败，因为终端客户连接不良。  
The multipart uploads often fail because of poor end-client connectivity.  
该公司想要优化与数据相关的存储成本。  
The company wants to optimize storage costs that are associated with the data.  
一名 SysOps 管理员必须实施一个解决方案，展示未完成上传的指标。  
A SysOps administrator must implement a solution that presents metrics for incomplete uploads.  
该解决方案还必须在 7 天后自动删除任何未完成的上传。  
The solution also must automatically delete any incomplete uploads after 7 days.  
哪个解决方案可以满足这些要求？  
Which solution will meet these requirements?",查看 S3 Storage Lens 仪表板中的 Incomplete Multipart Upload Bytes 指标。 创建一个 S3 Lifecycle 策略，以在 7 天后自动删除任何未完成的 multipart 上传。,实现 S3 Intelligent-Tiering 将数据移动到成本较低的存储类别在 7 天之后。创建一个 S3 Storage Lens 策略以在 7 天之后自动删除任何未完成的 multipart 上传。,访问 S3 控制台。审查 Metrics 选项卡以检查未完成的 multipart 上传占用的存储空间。创建一个 AWS Lambda 函数，以在 7 天后删除任何未完成的 multipart 上传。,使用 S3 analytics storage class analysis tool 来识别和测量不完整的 multipart 上传。配置一个 S3 bucket policy 来强制执行对 multipart 上传的限制，以在 7 天后删除不完整的 multipart 上传。,nan,nan,"一家公司有科学家，他们将大型数据对象上传到 Amazon S3 存储桶。  
The scientists upload the objects as multipart uploads.  
这些多部分上传经常失败，因为终端客户连接不良。  
The multipart uploads often fail because of poor end-client connectivity.  
该公司想要优化与数据相关的存储成本。  
The company wants to optimize storage costs that are associated with the data.  
一名 SysOps 管理员必须实施一个解决方案，展示未完成上传的指标。  
A SysOps administrator must implement a solution that presents metrics for incomplete uploads.  
该解决方案还必须在 7 天后自动删除任何未完成的上传。  
The solution also must automatically delete any incomplete uploads after 7 days.  
哪个解决方案可以满足这些要求？  
Which solution will meet these requirements?"
394,"A company stores data in Amazon S3 buckets that are provisioned in three separate AWS Regions. The data is copied from the S3 buckets to the data center over the public internet using a VPN. The SysOps administrator notices that, occasionally, the transfers take longer than usual, and determines the issue is congestion within the company's ISP network.  What is the MOST cost-effective approach the administrator can take to ensure consistent transfer times from S3 to the data center?",D,Establish an AWS Direct Connect link to each Region. Create a private virtual interface over each link.,Establish an AWS Direct Connect link to each Region. Create a public virtual interface over each link.,Establish an AWS Direct Connect link to one of the Regions. Create a private virtual interface over that link.,Establish an AWS Direct Connect link to one of the Regions. Create a public virtual interface over that link.,,,"一家公司在 Amazon S3 存储桶中存储数据，这些存储桶在三个不同的 AWS 区域中预置。  
The data is copied from the S3 buckets to the data center over the public internet using a VPN.  
数据通过 VPN 从 S3 存储桶复制到数据中心，使用公共互联网。  
The SysOps administrator notices that, occasionally, the transfers take longer than usual, and determines the issue is congestion within the company's ISP network.  
SysOps 管理员注意到，偶尔，传输时间比平常长，并且确定问题是公司 ISP 网络中的拥塞。  
What is the MOST cost-effective approach the administrator can take to ensure consistent transfer times from S3 to the data center?  
什么是管理员可以采取的最具成本效益的方法，以确保从 S3 到数据中心的传输时间一致？",建立一个 AWS Direct Connect 链接到每个 Region。创建一个私有虚拟接口在每个链接上。,建立一个 AWS Direct Connect 链接到每个 Region。创建一个公共虚拟接口在每个链接上。,建立一个 AWS Direct Connect 链接到其中一个 Regions。创建一个私有虚拟接口在那个链接上。,建立一个 AWS Direct Connect 链接到其中一个 Regions。创建一个公共虚拟接口在那个链接上。,nan,nan,"一家公司在 Amazon S3 存储桶中存储数据，这些存储桶在三个不同的 AWS 区域中预置。  
The data is copied from the S3 buckets to the data center over the public internet using a VPN.  
数据通过 VPN 从 S3 存储桶复制到数据中心，使用公共互联网。  
The SysOps administrator notices that, occasionally, the transfers take longer than usual, and determines the issue is congestion within the company's ISP network.  
SysOps 管理员注意到，偶尔，传输时间比平常长，并且确定问题是公司 ISP 网络中的拥塞。  
What is the MOST cost-effective approach the administrator can take to ensure consistent transfer times from S3 to the data center?  
什么是管理员可以采取的最具成本效益的方法，以确保从 S3 到数据中心的传输时间一致？"
395,"A company has an Amazon EC2 instance that supports a production system. The EC2 instance is backed by an Amazon Elastic Block Store (Amazon EBS) volume. The EBS volume's drive has filled to 100% capacity, which is causing the application on the EC2 instance to experience errors.  Which solution will remediate these errors in the LEAST amount of time?",A,Modify the EBS volume by adding additional drive space. Log on to the EC2 instance. Use the file system-specific commands to extend the file system.,"Create a snapshot of the existing EBS volume. When the snapshot is complete, create an EBS volume of a larger size from the snapshot in the same Availability Zone as the EC2 instance. Attach the new EBS volume to the EC2 instance. Mount the file system.",Create a new EBS volume of a larger size in the same Availability Zone as the EC2 instance. Attach the EBS volume to the EC2 instance. Copy the data from the existing EBS volume to the new EBS volume.,Stop the EC2 instance. Change the EC2 instance to a larger instance size that includes additional drive space. Start the EC2 instance.,,,一家公司拥有一个支持生产系统的 Amazon EC2 实例。 该 EC2 实例由一个 Amazon Elastic Block Store (Amazon EBS) 卷提供支持。 该 EBS 卷的驱动器已满至 100% 容量， 这导致 EC2 实例上的应用程序出现错误。 哪个解决方案将在最少时间内解决这些错误？,通过添加额外的驱动器空间，修改 EBS 卷。登录到 EC2 实例。使用文件系统特定的命令扩展文件系统。,创建一个现有的 EBS 卷的快照。 当快照完成时，从快照在与 EC2 实例相同的 Availability Zone 中创建一个更大尺寸的 EBS 卷。 将新的 EBS 卷附加到 EC2 实例。 挂载文件系统。,"在与 EC2 实例相同的可用区中创建一个更大尺寸的新 EBS 卷。  
将 EBS 卷附加到 EC2 实例。  
将数据从现有的 EBS 卷复制到新的 EBS 卷。",停止 EC2 实例。更改 EC2 实例为包含额外驱动器空间的更大实例大小。启动 EC2 实例。,nan,nan,"一家公司拥有一个支持生产系统的 Amazon EC2 实例。  
该 EC2 实例由一个 Amazon Elastic Block Store (Amazon EBS) 卷提供支持。  
该 EBS 卷的驱动器已满至 100% 容量，  
这导致 EC2 实例上的应用程序出现错误。  
哪个解决方案将在最少时间内解决这些错误？"
396,A company has several member accounts that are in an organization in AWS Organizations. The company recently discovered that administrators have been using account root user credentials. The company must prevent the administrators from using root user credentials to perform any actions on Amazon EC2 instances.  What should a SysOps administrator do to meet this requirement?,B,Create an identity-based IAM policy in each member account to deny actions on EC2 instances by the root user.,"In the organization's management account, create a service control policy (SCP) to deny actions on EC2 instances by the root user in all member accounts.",Use AWS Config to prevent any actions on EC2 instances by the root user.,Use Amazon Inspector in each member account to scan for root user logins and to prevent any actions on EC2 instances by the root user.,,,"一家公司有几个成员账户，这些账户在 AWS Organizations 的一个组织中。  
The company recently discovered that administrators have been using account root user credentials.  
这家公司最近发现，管理员一直在使用账户 root user 凭证。  
The company must prevent the administrators from using root user credentials to perform any actions on Amazon EC2 instances.  
这家公司必须阻止管理员使用 root user 凭证在 Amazon EC2 实例上执行任何操作。  
What should a SysOps administrator do to meet this requirement?  
一名 SysOps 管理员应该做什么以满足这个要求？",在每个成员账户中创建一个基于身份的 IAM 政策，以拒绝 root 用户对 EC2 实例的操作。,在组织的管理账户中，创建一个服务控制策略（SCP）以拒绝所有成员账户中 root 用户对 EC2 instances 的操作。,使用 AWS Config 来防止 任何 操作 在 EC2 实例 由 root 用户。,在每个成员账户中使用 Amazon Inspector 来扫描 root 用户登录，并防止 root 用户在 EC2 实例上执行任何操作。,nan,nan,"一家公司有几个成员账户，这些账户在 AWS Organizations 的一个组织中。  
The company recently discovered that administrators have been using account root user credentials.  
这家公司最近发现，管理员一直在使用账户 root user 凭证。  
The company must prevent the administrators from using root user credentials to perform any actions on Amazon EC2 instances.  
这家公司必须阻止管理员使用 root user 凭证在 Amazon EC2 实例上执行任何操作。  
What should a SysOps administrator do to meet this requirement?  
一名 SysOps 管理员应该做什么以满足这个要求？"
397,"A company is transitioning away from applications that are hosted on Amazon EC2 instances. The company wants to implement a serverless architecture that uses Amazon S3, Amazon API Gateway, AWS Lambda, and Amazon CloudFront. As part of this transition, the company has Elastic IP addresses that are unassociated with any EC2 instances after the EC2 instances are terminated.  A SysOps administrator needs to automate the process of releasing all unassociated Elastic IP addresses that remain after the EC2 instances are terminated.  Which solution will meet this requirement in the MOST operationally efficient way?",A,Activate the eip-attached AWS Config managed rule to run automatically when resource changes occur in the AWS account. Configure automatic remediation for the rule. Specify the AWS-ReleaseElasticIP AWS Systems Manager Automation runbook for remediation. Specify an appropriate role that has permission for the remediation.,"Create a custom Lambda function that calls the EC2 ReleaseAddress API operation and specifies the Elastic IP address AllocationId. Invoke the Lambda function by using an Amazon EventBridge rule. Specify AWS services as the event source, All Events as the event type, and AWS Trusted Advisor as the target.","Create an Amazon EventBridge rule. Specify AWS services as the event source, Instance State-change Notification as the event type, and Amazon EC2 as the service. Invoke a Lambda function that extracts the Elastic IP address from the notification. Use AWS CloudFormation to release the address by specifying the AllocationId as an input parameter.","Create a custom Lambda function that calls the EC2 ReleaseAddress API operation and specifies the Elastic IP address AllocationId. Invoke the Lambda function by using an Amazon EventBridge rule. Specify AWS services as the event source, Instance State-change Notification as the event type, and Amazon EC2 as the service.",,,一家公司正在从托管在 Amazon EC2 实例上的应用程序迁移。 这家公司想要实现一种无服务器架构，使用 Amazon S3、Amazon API Gateway、AWS Lambda 和 Amazon CloudFront。 作为此迁移的一部分，这家公司拥有在 EC2 实例终止后未与任何 EC2 实例关联的 Elastic IP 地址。  一名 SysOps 管理员需要自动化释放所有在 EC2 实例终止后仍未关联的 Elastic IP 地址的过程。  哪种解决方案将以最具操作效率的方式满足此需求？,"激活 eip-attached AWS Config 管理规则，以在 AWS 账户中的资源更改发生时自动运行。  
配置规则的自动修复。  
指定 AWS-ReleaseElasticIP AWS Systems Manager Automation 运行簿进行修复。  
指定具有修复权限的适当角色。","创建一个自定义的 Lambda 函数，该函数调用 EC2 ReleaseAddress API 操作，并指定 Elastic IP 地址 AllocationId。  
通过使用 Amazon EventBridge 规则调用该 Lambda 函数。  
指定 AWS 服务作为事件源，All Events 作为事件类型，以及 AWS Trusted Advisor 作为目标。",创建一个 Amazon EventBridge 规则。指定 AWS services 作为事件源，Instance State-change Notification 作为事件类型，和 Amazon EC2 作为服务。调用一个 Lambda function ，从通知中提取 Elastic IP address 。使用 AWS CloudFormation 通过指定 AllocationId 作为输入参数来释放该地址。,"创建一个自定义的 Lambda 函数，该函数调用 EC2 ReleaseAddress API 操作，并指定 Elastic IP 地址 AllocationId。  
通过使用 Amazon EventBridge 规则调用该 Lambda 函数。  
指定 AWS 服务作为事件源，Instance State-change Notification 作为事件类型，以及 Amazon EC2 作为服务。",nan,nan,"一家公司正在从托管在 Amazon EC2 实例上的应用程序迁移。  
这家公司想要实现一种无服务器架构，使用 Amazon S3、Amazon API Gateway、AWS Lambda 和 Amazon CloudFront。  
作为此迁移的一部分，这家公司拥有在 EC2 实例终止后未与任何 EC2 实例关联的 Elastic IP 地址。  
一名 SysOps 管理员需要自动化释放所有在 EC2 实例终止后仍未关联的 Elastic IP 地址的过程。  
哪种解决方案将以最具操作效率的方式满足此需求？"
398,"A company uses Amazon CloudFront to serve static content to end users. The company's marketing team recently deployed updates to 150 images on the company's website. However, the website is not displaying some of the new images.  A SysOps administrator reviews the CloudFront distribution's cache settings. The default TTL for the distribution is set to 1 week (604,800 seconds).  What should the SysOps administrator do to refresh the cache with the new images in the MOST operationally efficient way?",C,Create a new CloudFront distribution that has the same origin. Set the default TTL to 1 minute (60 seconds). Switch Amazon Route 53 DNS records to use the new distribution.,"Instruct the marketing team to upload the new images to a different location. When the new images are uploaded, update the website to locate the new images.",Issue a CloudFront invalidation request to immediately expire the new images from the marketing team's update.,"Update the existing CloudFront distribution to reconfigure the default TTL to 1 minute (60 seconds). During submission of the new configuration, include the flag to invalidate objects in the specified path.",,,"一家公司使用 Amazon CloudFront 来向终端用户提供静态内容。  
The company's marketing team 最近部署了更新到 150 张图片 在 公司的网站上。  
然而，网站没有显示一些新的图片。  
A SysOps administrator 审查了 CloudFront 分发的缓存设置。  
The default TTL for the distribution 被设置为 1 周（604,800 秒）。  
What 应该 SysOps administrator 做以刷新缓存 与 新的图片 在 最多操作效率的方式？",创建一个新的 CloudFront 分发，具有相同的 origin。设置默认 TTL 为 1 分钟（60 秒）。切换 Amazon Route 53 DNS 记录以使用新的分发。,指示市场营销团队上传新的图片到不同的位置。 当新的图片上传时，更新网站以定位新的图片。,向 CloudFront 发出无效请求，以立即使市场营销团队更新的新图像失效。,更新 现有的 CloudFront distribution 以重新配置 默认的 TTL 为 1 分钟 (60 秒)。 在 提交 新的配置 时， 包含 标志 以 使 在 指定路径 中的 对象 被 失效。,nan,nan,"一家公司使用 Amazon CloudFront 来向终端用户提供静态内容。  
The company's marketing team 最近部署了更新到 150 张图片 在 公司的网站上。  
然而，网站没有显示一些新的图片。  
A SysOps administrator 审查了 CloudFront 分发的缓存设置。  
The default TTL for the distribution 被设置为 1 周（604,800 秒）。  
What 应该 SysOps administrator 做以刷新缓存 与 新的图片 在 最多操作效率的方式？"
399,"A SysOps administrator is responsible for a company's disaster recovery procedures. The company has a source Amazon S3 bucket in a production account, and it wants to replicate objects from the source to a destination S3 bucket in a nonproduction account. The SysOps administrator configures S3 cross-Region, cross-account replication to copy the source S3 bucket to the destination S3 bucket. When the SysOps administrator attempts to access objects in the destination S3 bucket, they receive an Access Denied error.  Which solution will resolve this problem?",A,Modify the replication configuration to change object ownership to the destination S3 bucket owner.,Ensure that the replication rule applies to all objects in the source S3 bucket and is not scoped to a single prefix.,Retry the request when the S3 Replication Time Control (S3 RTC) has elapsed.,Verify that the storage class for the replicated objects did not change between the source S3 bucket and the destination S3 bucket.,,,"一名 SysOps 管理员负责公司的灾难恢复程序。  
The company 有一个源 Amazon S3 桶在生产账户中，  
and it 想要复制对象从源到一个目标 S3 桶在非生产账户中。  
The SysOps 管理员 配置 S3 跨区域，跨账户复制以复制源 S3 桶到目标 S3 桶。  
When the SysOps 管理员 尝试访问对象在目标 S3 桶中，  
they 收到一个 Access Denied 错误。  
Which 解决方案 将解决这个问题？",修改 复制 配置 以 改变 对象 所有权 到 目的地 S3 bucket 所有者。,确保复制规则适用于源 S3 bucket 中的所有对象，并且不局限于单个前缀。,当 S3 Replication Time Control (S3 RTC) 已经过去时，重试请求。,验证 确认 that the storage class for the replicated objects did not change between the source S3 bucket and the destination S3 bucket.,nan,nan,"一名 SysOps 管理员负责公司的灾难恢复程序。  
The company 有一个源 Amazon S3 桶在生产账户中，  
and it 想要复制对象从源到一个目标 S3 桶在非生产账户中。  
The SysOps 管理员 配置 S3 跨区域，跨账户复制以复制源 S3 桶到目标 S3 桶。  
When the SysOps 管理员 尝试访问对象在目标 S3 桶中，  
they 收到一个 Access Denied 错误。  
Which 解决方案 将解决这个问题？"
400,"A company is running Amazon RDS for PostgreSQL Multi-AZ DB clusters. The company uses an AWS CloudFormation template to create the databases individually with a default size of 100 GB. The company creates the databases every Monday and deletes the databases every Friday.  Occasionally, the databases run low on disk space and initiate an Amazon CloudWatch alarm. A SysOps administrator must prevent the databases from running low on disk space in the future.  Which solution will meet these requirements with the FEWEST changes to the application?",C,Modify the CloudFormation template to use Amazon Aurora PostgreSQL as the DB engine.,Modify the CloudFormation template to use Amazon DynamoDB as the database. Activate storage auto scaling during creation of the tables.,Modify the Cloud Formation template to activate storage auto scaling on the existing DB instances.,Create a CloudWatch alarm to monitor DB instance storage space. Configure the alarm to invoke the VACUUM command.,,,"一家公司正在运行 Amazon RDS for PostgreSQL Multi-AZ DB clusters。  
The company uses an AWS CloudFormation template to create the databases individually with a default size of 100 GB。  
该公司使用 AWS CloudFormation 模板逐个创建数据库，默认大小为 100 GB。  
The company creates the databases every Monday and deletes the databases every Friday。  
该公司每周一创建数据库，每周五删除数据库。  
Occasionally, the databases run low on disk space and initiate an Amazon CloudWatch alarm。  
偶尔，数据库磁盘空间不足并触发 Amazon CloudWatch 警报。  
A SysOps administrator must prevent the databases from running low on disk space in the future。  
一名 SysOps 管理员必须防止数据库将来磁盘空间不足。  
Which solution will meet these requirements with the FEWEST changes to the application?  
哪种解决方案将以最少的对应用程序的更改满足这些要求？",修改 CloudFormation 模板 以 使用 Amazon Aurora PostgreSQL 作为 数据库 引擎。,修改 CloudFormation 模板以使用 Amazon DynamoDB 作为数据库。 在创建表格期间激活存储自动缩放。,修改 CloudFormation 模板以激活存储自动缩放在现有的 DB 实例上。,创建一个 CloudWatch 警报以监控 DB 实例存储空间。配置该警报以调用 VACUUM 命令。,nan,nan,"一家公司正在运行 Amazon RDS for PostgreSQL Multi-AZ DB clusters。  
The company uses an AWS CloudFormation template to create the databases individually with a default size of 100 GB。  
该公司使用 AWS CloudFormation 模板逐个创建数据库，默认大小为 100 GB。  
The company creates the databases every Monday and deletes the databases every Friday。  
该公司每周一创建数据库，每周五删除数据库。  
Occasionally, the databases run low on disk space and initiate an Amazon CloudWatch alarm。  
偶尔，数据库磁盘空间不足并触发 Amazon CloudWatch 警报。  
A SysOps administrator must prevent the databases from running low on disk space in the future。  
一名 SysOps 管理员必须防止数据库将来磁盘空间不足。  
Which solution will meet these requirements with the FEWEST changes to the application?  
哪种解决方案将以最少的对应用程序的更改满足这些要求？"
401,A SysOps administrator wants to share a copy of a production database with a migration account. The production database is hosted on an Amazon RDS DB instance and is encrypted at rest with an AWS Key Management Service (AWS KMS) key that has an alias of production-rds-key.  What must the SysOps administrator do to meet these requirements with the LEAST administrative overhead?,A,Take a snapshot of the RDS DB instance in the production account. Amend the KMS key policy of the production-rds-key KMS key to give access to the migration account's root user. Share the snapshot with the migration account.,Create an RDS read replica in the migration account. Configure the KMS key policy to replicate the production-rds-key KMS key to the migration account.,"Take a snapshot of the RDS DB instance in the production account. Share the snapshot with the migration account. In the migration account, create a new KMS key that has an identical alias.",Use native database toolsets to export the RDS DB instance to Amazon S3. Create an S3 bucket and an S3 bucket policy for cross account access between the production account and the migration account. Use native database toolsets to import the database from Amazon S3 to a new RDS DB instance.,,,"一名 SysOps 管理员想要与迁移账户共享生产数据库的副本。  
The production database 是托管在一个 Amazon RDS DB instance 上，并且在静态时使用一个具有别名为 production-rds-key 的 AWS Key Management Service (AWS KMS) 密钥进行加密。  
什么必须 SysOps 管理员做以满足这些要求，且具有最低的管理开销？","在生产账户中对 RDS DB 实例进行快照。  
修改 production-rds-key KMS 密钥的 KMS 密钥策略，以授予迁移账户的 root 用户访问权限。  
与迁移账户共享快照。",在迁移账户中创建一个 RDS 只读副本。配置 KMS 密钥策略以将 production-rds-key KMS 密钥复制到迁移账户。,在生产账户中对 RDS DB 实例进行快照。与迁移账户共享该快照。在迁移账户中，创建一个具有相同别名的新 KMS 密钥。,使用本地数据库工具集将 RDS DB 实例导出到 Amazon S3。创建一个 S3 存储桶和一个 S3 存储桶策略，用于生产账户和迁移账户之间的跨账户访问。使用本地数据库工具集将数据库从 Amazon S3 导入到一个新的 RDS DB 实例。,nan,nan,"一名 SysOps 管理员想要与迁移账户共享生产数据库的副本。  
The 生产数据库 是托管在一个 Amazon RDS DB instance 上，并且在静态时使用一个具有别名为 production-rds-key 的 AWS Key Management Service (AWS KMS) 密钥进行加密。  
什么必须 SysOps 管理员做以满足这些要求，且具有最低的管理开销？"
402,"A company hosts a continuous integration and continuous delivery (CI/CD) environment on AWS. The CI/CD environment includes a Jenkins server that is hosted on an Amazon EC2 instance. A 500 GB General Purpose SSD (gp2) Amazon Elastic Block Store (Amazon EBS) volume is attached to the EC2 instance.  Because of disk throughput limitations, the Jenkins server reports performance issues that are resulting in slower builds on the server. The EBS volume needs to sustain 3,000 IOPS while performing nightly build tasks.  A SysOps administrator examines the server's history in Amazon CloudWatch. The BurstBalance metric has had a value of 0 during nightly builds. The SysOps administrator needs to improve the performance and meet the sustained throughput requirements.  Which solution will meet these requirements MOST cost-effectively?",B,"Double the gp2 EBS volume size from 500 GB to 1,000 GB.",Change the volume type from gp2 to General Purpose SSD (gp3).,Change the volume type from gp2 to Throughput Optimized HDD (st1).,Change the volume type from gp2 to Provisioned IOPS SSD (io2).,,,"一家公司在 AWS 上托管一个持续集成和持续交付（CI/CD）环境。  
该 CI/CD 环境包括一个 Jenkins 服务器，该服务器托管在一个 Amazon EC2 实例上。  
一个 500 GB 通用型 SSD（gp2） Amazon Elastic Block Store（Amazon EBS） 卷被连接到 EC2 实例上。  
由于磁盘吞吐量限制，Jenkins 服务器报告性能问题，导致服务器上的构建变慢。  
该 EBS 卷需要在执行夜间构建任务时维持 3,000 IOPS。  
一名 SysOps 管理员检查了 Amazon CloudWatch 中的服务器历史记录。  
BurstBalance 指标在夜间构建期间的值一直为 0。  
SysOps 管理员需要改善性能并满足持续吞吐量要求。  
哪种解决方案将以最具成本效益的方式满足这些要求？","将 gp2 EBS 卷的大小从 500 GB 翻倍到 1,000 GB。",将卷类型从 gp2 改为 General Purpose SSD (gp3)。,将 卷 类型 从 gp2 改为 Throughput Optimized HDD (st1)。,将 卷 类型 从 gp2 改为 Provisioned IOPS SSD (io2)。,nan,nan,"一家公司在 AWS 上托管一个持续集成和持续交付（CI/CD）环境。  
该 CI/CD 环境包括一个 Jenkins 服务器，该服务器托管在一个 Amazon EC2 实例上。  
一个 500 GB 通用型 SSD（gp2） Amazon Elastic Block Store（Amazon EBS） 卷被连接到 EC2 实例上。  
由于磁盘吞吐量限制，Jenkins 服务器报告性能问题，导致服务器上的构建变慢。  
该 EBS 卷需要在执行夜间构建任务时维持 3,000 IOPS。  
一名 SysOps 管理员检查了 Amazon CloudWatch 中的服务器历史记录。  
BurstBalance 指标在夜间构建期间的值一直为 0。  
SysOps 管理员需要改善性能并满足持续吞吐量要求。  
哪种解决方案将以最具成本效益的方式满足这些要求？"
403,A company is running an application on a group of Amazon EC2 instances behind an Application Load Balancer. The EC2 instances run across three Availability Zones. The company needs to provide the customers with a maximum of two static IP addresses for their applications.  How should a SysOps administrator meet these requirement?,A,Add AWS Global Accelerator in front of the Application Load Balancer.,Add an internal Network Load Balancer behind the Application Load Balancer.,Configure the Application Load Balancer in only two Availability Zones.,Create two Elastic IP addresses and assign them to the Application Load Balancer.,,,"一家公司正在一组 Amazon EC2 实例上运行一个应用程序，位于一个 Application Load Balancer 后面。  
该 EC2 实例跨越三个 Availability Zones 运行。  
该公司需要为客户提供最多两个静态 IP 地址，用于他们的应用程序。  
SysOps 管理员应如何满足这些要求？",在 Application Load Balancer 前添加 AWS Global Accelerator。,在 Application Load Balancer 后面添加一个内部的 Network Load Balancer。,在仅两个 Availability Zones 中配置 Application Load Balancer。,创建 两个 Elastic IP addresses 并 分配 它们 给 Application Load Balancer 。,nan,nan,"一家公司正在一组 Amazon EC2 实例上运行一个应用程序，位于一个 Application Load Balancer 后面。  
The company is running an application on a group of Amazon EC2 instances, behind an Application Load Balancer.  
该 EC2 实例跨越三个 Availability Zones 运行。  
The EC2 instances are running across three Availability Zones.  
该公司需要为客户提供最多两个静态 IP 地址，用于他们的应用程序。  
The company needs to provide up to two static IP addresses for their application to the customers.  
SysOps 管理员应如何满足这些要求？  
How should the SysOps administrator meet these requirements?"
404,"A SysOps administrator receives an alert that a production Auto Scaling group has been scaled down to two Amazon EC2 instances. The Auto Scaling group was originally configured with a minimum capacity of three instances. However, the SysOps administrator confirms that the configuration now reflects a minimum capacity of two instances.  Which AWS service will help identify who made the change?",A,AWS Config,Amazon Inspector,Amazon Macie,Amazon Cloud Watch Logs,,,"一名 SysOps 管理员收到一个警报，指出一个生产环境的 Auto Scaling group 已经缩减到两个 Amazon EC2 实例。  
该 Auto Scaling group 最初配置的最小容量为三个实例。  
然而，SysOps 管理员确认，配置现在反映的最小容量为两个实例。  
哪个 AWS 服务将帮助识别是谁进行了更改？",AWS Config,Amazon Inspector,Amazon Macie,Amazon Cloud Watch Logs,nan,nan,"一名 SysOps 管理员收到一个警报，指出一个生产环境的 Auto Scaling group 已经缩减到两个 Amazon EC2 实例。  
该 Auto Scaling group 最初配置的最小容量为三个实例。  
然而，SysOps 管理员确认，配置现在反映的最小容量为两个实例。  
哪个 AWS 服务将帮助识别是谁进行了更改？"
405,A company wants to store sensitive financial data within Amazon S3 buckets. The company has a corporate policy that does not allow public read or write access to the buckets. A SysOps administrator must create a solution to automatically remove S3 permissions that allow public read or write access.  Which AWS service should the SysOps administrator use to meet these requirements in the MOST operationally efficient manner?,A,AWS Config,AWS Security Hub,AWS Trusted Advisor,Amazon Inspector,,,"一家公司想要在 Amazon S3 buckets 中存储敏感的财务数据。  
The company has a corporate policy that does not allow public read or write access to the buckets.  
一家公司有一项企业政策，不允许公共读取或写入访问到这些 buckets。  
A SysOps administrator must create a solution to automatically remove S3 permissions that allow public read or write access.  
一名 SysOps 管理员必须创建一个解决方案，以自动删除允许公共读取或写入访问的 S3 权限。  
Which AWS service should the SysOps administrator use to meet these requirements in the MOST operationally efficient manner?  
SysOps 管理员应使用哪项 AWS 服务，以以最具操作效率的方式满足这些要求？",AWS Config,AWS Security Hub,AWS Trusted Advisor,Amazon Inspector,nan,nan,"一家公司想要在 Amazon S3 buckets 中存储敏感的财务数据。  
The company has a corporate policy that does not allow public read or write access to the buckets.  
一家公司有一项企业政策，不允许公共读取或写入访问到这些 buckets。  
A SysOps administrator must create a solution to automatically remove S3 permissions that allow public read or write access.  
一名 SysOps 管理员必须创建一个解决方案，以自动删除允许公共读取或写入访问的 S3 权限。  
Which AWS service should the SysOps administrator use to meet these requirements in the MOST operationally efficient manner?  
SysOps 管理员应使用哪项 AWS 服务，以以最具操作效率的方式满足这些要求？"
406,"A SysOps administrator must create an IAM policy for a developer who needs access to specific AWS services. Based on the requirements, the SysOps administrator creates the following policy:                  Which actions does this policy allow? (Choose two.)",D,Create an AWS Storage Gateway.,Create an IAM role for an AWS Lambda function.,Delete an Amazon Simple Queue Service (Amazon SQS) queue.,Describe AWS load balancers.,Invoke an AWS Lambda function.,,一名 SysOps 管理员必须为一名开发者创建一个 IAM 政策，该开发者需要访问特定的 AWS 服务。根据需求，SysOps 管理员创建了以下政策：                  这个政策允许哪些操作？（选择两个。）,创建 一个 AWS Storage Gateway。,为 AWS Lambda 函数创建一个 IAM 角色。,删除 一个 Amazon Simple Queue Service (Amazon SQS) 队列。,描述 AWS load balancers。,调用一个 AWS Lambda 函数。,nan,"一名 SysOps 管理员必须为一名开发者创建一个 IAM 政策，该开发者需要访问特定的 AWS 服务。  
根据需求，SysOps 管理员创建了以下政策：  
这个政策允许哪些操作？（选择两个。）"
407,"A SysOps administrator is re-architecting an application. The SysOps administrator has moved the database from a public subnet, where the database used a public endpoint, into a private subnet to restrict access from the public network. After this change, an AWS Lambda function that requires read access to the database cannot connect to the database. The SysOps administrator must resolve this issue without compromising security.  Which solution meets these requirements?",A,Create an AWS PrivateLink interface endpoint for the Lambda function. Connect to the database using its private endpoint.,Connect the Lambda function to the database VPC. Connect to the database using its private endpoint.,Attach an IAM role to the Lambda function with read permissions to the database.,Move the database to a public subnet. Use security groups for secure access.,,,"一名 SysOps 管理员正在重新架构一个应用程序。  
The SysOps administrator has moved the database from a public subnet, where the database used a public endpoint, into a private subnet to restrict access from the public network.  
在此更改之后，一个需要对数据库具有读取访问权限的 AWS Lambda 函数无法连接到数据库。  
After this change, an AWS Lambda function that requires read access to the database cannot connect to the database.  
SysOps 管理员必须在不影响安全性的情况下解决此问题。  
The SysOps administrator must resolve this issue without compromising security.  
哪个解决方案符合这些要求？",为 Lambda 函数创建一个 AWS PrivateLink 接口端点。连接到数据库，使用其私有端点。,将 Lambda 函数连接到数据库 VPC。连接到数据库，使用其私有端点。,将一个 IAM 角色附加到 Lambda 函数，具有对数据库的读取权限。,将数据库移动到公共子网。使用安全组以实现安全访问。,nan,nan,哪个解决方案符合这些要求？
408,Users are reporting consistent forced logouts from a stateful web application. The logouts occur before the expiration of a 15-minute application logout timer.  The web application is hosted on Amazon EC2 instances that are in an Auto Scaling group. The instances run behind an Application Load Balancer (ALB) that has a single target group. The ALB is configured as the origin in an Amazon CloudFront distribution. Session affinity (sticky sessions) is already enabled on the ALB target group and uses duration-based cookies. The web application generates its own application cookie.  Which combination of actions should a SysOps administrator take to resolve the logout problem? (Choose two.),BE,Change to the least outstanding requests algorithm on the ALB target group.,Configure cookie forwarding in the CloudFront distribution's cache behavior settings.,Configure the duration-based cookie to be named AWSALB.,Configure the ALB to use the expiration cookie header.,Change the ALB to use application-based cookies.,,用户报告持续强制登出来自一个有状态的 web 应用程序。 这些登出发生在一个 15 分钟应用程序登出计时器到期之前。 这个 web 应用程序托管在 Amazon EC2 实例上，这些实例在一个 Auto Scaling 组中。 这些实例在一个 Application Load Balancer (ALB) 后面运行，ALB 有一个目标组。 ALB 被配置为在 Amazon CloudFront 分发中的源。 会话亲和性（粘性会话）已经在 ALB 目标组上启用，并使用基于持续时间的 cookies。 这个 web 应用程序生成它自己的应用程序 cookie。 哪些行动组合应该由 SysOps 管理员采取以解决登出问题？（选择两个。）,切换到在 ALB 目标组上的最少未完成请求算法。,在 CloudFront distribution 的 cache behavior 设置中配置 cookie 转发。,配置 基于 持续时间 的 cookie 为 命名 AWSALB 。,配置 ALB 以使用 expiration cookie header。,将 ALB 改为使用基于应用程序的 cookies。,nan,"用户报告持续强制登出来自一个有状态的 web 应用程序。  
These logouts occur before a 15-minute application logout timer expires.  
这个 web 应用程序托管在 Amazon EC2 实例上，这些实例在一个 Auto Scaling 组中。  
This web application is hosted on Amazon EC2 instances, which are in an Auto Scaling group.  
这些实例在一个 Application Load Balancer (ALB) 后面运行，ALB 有一个目标组。  
These instances run behind an Application Load Balancer (ALB), which has a target group.  
ALB 被配置为在 Amazon CloudFront 分发中的源。  
The ALB is configured as the origin in an Amazon CloudFront distribution.  
会话亲和性（粘性会话）已经在 ALB 目标组上启用，并使用基于持续时间的 cookies。  
Session stickiness (sticky sessions) has been enabled on the ALB target group, using duration-based cookies.  
这个 web 应用程序生成它自己的应用程序 cookie。  
This web application generates its own application cookie.  
哪些行动组合应该由 SysOps 管理员采取以解决登出问题？（选择两个。）  
Which combination of actions should the SysOps administrator take to resolve the logout issue? (Choose two.)"
409,A company's social media application has strict data residency requirements. The company wants to use Amazon Route 53 to provide the application with DNS services.  A SysOps administrator must implement a solution that routes requests to a defined list of AWS Regions. The routing must be based on the user's location.  Which solution will meet these requirements?,C,Configure a Route 53 latency routing policy.,Configure a Route 53 multivalue answer routing policy.,Configure a Route 53 geolocation routing policy.,Configure a Route 53 IP-based routing policy.,,,"一家公司 的 社交媒体 应用程序 有 严格 的 数据 居留 要求。  
该 公司 想要 使用 Amazon Route 53 来 提供 该 应用程序 的 DNS 服务。  
一名 SysOps 管理员 必须 实现 一个 解决方案 ， 将 请求 路由 到 一个 定义 的 AWS Regions 列表。  
该 路由 必须 基于 用户 的 位置。  
哪 种 解决方案 将 满足 这些 要求？",配置 一个 Route 53 延迟 路由 策略。,配置 一个 Route 53 多值 答案 路由 策略。,配置 一个 Route 53 地理位置 路由 策略。,配置一个 Route 53 基于 IP 的路由策略。,nan,nan,"一家公司 的 社交媒体 应用程序 有 严格 的 数据 居留 要求。  
该 公司 想要 使用 Amazon Route 53 来 提供 该 应用程序 的 DNS 服务。  
一名 SysOps 管理员 必须 实现 一个 解决方案 ， 将 请求 路由 到 一个 定义 的 AWS Regions 列表。  
该 路由 必须 基于 用户 的 位置。  
哪 种 解决方案 将 满足 这些 要求？"
410,"A company has a cluster of Linux Amazon EC2 Spot Instances that read many files from and write many files to attached Amazon Elastic Block Store (Amazon EBS) volumes. The EC2 instances are frequently started and stopped. As part of the process when an EC2 instance starts, an EBS volume is restored from a snapshot.  EBS volumes that are restored from snapshots are experiencing initial performance that is lower than expected. The company's workload needs almost all the provisioned IOPS on the attached EBS volumes. The EC2 instances are unable to support the workload when the performance of the EBS volumes is too low. A SysOps administrator must implement a solution to ensure that the EBS volumes provide the expected performance when they are restored from snapshots.  Which solution will meet these requirements?",A,Configure fast snapshot restore (FSR) on the snapshots that are used.,Restore each snapshot onto an unencrypted EBS volume. Encrypt the EBS volume when the performance stabilizes.,Format the EBS volumes as XFS file systems before restoring the snapshots.,Increase the Linux read-ahead buffer to 1 MiB.,,,"一家公司拥有一组 Linux Amazon EC2 Spot Instances，它们从附加的 Amazon Elastic Block Store (Amazon EBS) 卷读取许多文件并写入许多文件。  
The EC2 instances are frequently started and stopped.  
当 EC2 实例启动时，作为流程的一部分，从快照恢复一个 EBS 卷。  
EBS 卷从快照恢复后，经历的初始性能低于预期。  
该公司的工作负载几乎需要所有的 provisioned IOPS 在附加的 EBS 卷上。  
当 EBS 卷的性能太低时，EC2 实例无法支持工作负载。  
一名 SysOps 管理员必须实施一个解决方案，以确保当 EBS 卷从快照恢复时提供预期的性能。  
哪种解决方案可以满足这些要求？",在快照上配置 fast snapshot restore (FSR) ，用于。,"将每个快照恢复到未加密的 EBS 卷上。  
当性能稳定时，对 EBS 卷进行加密。",在还原快照之前，将 EBS 卷格式化为 XFS 文件系统。,将 Linux 预读缓冲区 增加 到 1 MiB 。,nan,nan,"一家公司拥有一组 Linux Amazon EC2 Spot Instances，它们从附加的 Amazon Elastic Block Store (Amazon EBS) 卷读取许多文件并写入许多文件。  
The EC2 instances are frequently started and stopped.  
当 EC2 实例启动时，作为流程的一部分，从快照恢复一个 EBS 卷。  
EBS 卷从快照恢复后，经历的初始性能低于预期。  
该公司的工作负载几乎需要所有的 provisioned IOPS 在附加的 EBS 卷上。  
当 EBS 卷的性能太低时，EC2 实例无法支持工作负载。  
一名 SysOps 管理员必须实施一个解决方案，以确保当 EBS 卷从快照恢复时提供预期的性能。  
哪种解决方案可以满足这些要求？"
411,A company recently deployed an application in production. The production environment currently runs on a single Amazon EC2 instance that hosts the application's web application and a MariaDB database. Company policy states that all IT production environments must be highly available.  What should a SysOps administrator do to meet this requirement?,A,Migrate the database from the EC2 instance to an Amazon RDS for MariaDB Multi-AZ DB instance. Run the application on EC2 instances that are in an Auto Scaling group that extends across multiple Availability Zones. Place the EC2 instances behind a load balancer.,Migrate the database from the EC2 instance to an Amazon RDS for MariaDB Multi-AZ DB instance. Use AWS Application Migration Service to convert the application into an AWS Lambda function. Specify the Multi-AZ option for the Lambda function.,"Copy the database to a different EC2 instance in a different Availability Zone. Use AWS Backup to create Amazon Machine Images (AMIs) of the application EC2 instance and the database EC2 instance. Create an AWS Lambda function that performs health checks every minute. In case of failure, configure the Lambda function to launch a new EC2 instance from the AMIs that AWS Backup created.",Migrate the database to a different EC2 instance. Place the application EC2 instance in an Auto Scaling group that extends across multiple Availability Zones. Create an Amazon Machine Image (AMI) from the database EC2 instance. Use the AMI to launch a second database EC2 instance in a different Availability Zone. Put the second database EC2 instance in the stopped state. Use the second database EC2 instance as a standby.,,,"一家公司最近在生产环境中部署了一个应用程序。  
生产环境目前运行在一个单一的 Amazon EC2 实例上，该实例托管了应用程序的 web 应用程序和一个 MariaDB 数据库。  
公司政策规定所有 IT 生产环境必须具有高可用性。  
SysOps 管理员应该采取什么措施以满足这个要求？",将数据库从 EC2 实例迁移到 Amazon RDS for MariaDB Multi-AZ DB 实例。 在 EC2 实例上运行应用程序，这些实例位于跨多个 Availability Zones 的 Auto Scaling 组中。 将 EC2 实例放在负载均衡器后面。,将数据库从 EC2 实例迁移到 Amazon RDS for MariaDB Multi-AZ DB 实例。使用 AWS Application Migration Service 将应用程序转换为 AWS Lambda 函数。为 Lambda 函数指定 Multi-AZ 选项。,将数据库复制到不同的 EC2 实例中，在不同的 Availability Zone。使用 AWS Backup 创建应用程序 EC2 实例和数据库 EC2 实例的 Amazon Machine Images (AMIs)。创建一个 AWS Lambda 函数，每分钟执行一次健康检查。在失败的情况下，配置 Lambda 函数从 AWS Backup 创建的 AMIs 启动一个新的 EC2 实例。,将数据库迁移到不同的 EC2 实例。将应用程序 EC2 实例放置在跨多个 Availability Zones 的 Auto Scaling 组中。从数据库 EC2 实例创建一个 Amazon Machine Image (AMI)。使用该 AMI 在不同的 Availability Zone 启动第二个数据库 EC2 实例。将第二个数据库 EC2 实例置于停止状态。将第二个数据库 EC2 实例用作备用。,nan,nan,"一家公司最近在生产环境中部署了一个应用程序。  
生产环境目前运行在一个单一的 Amazon EC2 实例上，该实例托管了应用程序的 web 应用程序和一个 MariaDB 数据库。  
公司政策规定所有 IT 生产环境必须具有高可用性。  
SysOps 管理员应该采取什么措施以满足这个要求？"
412,A company is running workloads on premises and on AWS. A SysOps administrator needs to automate tasks across all servers on premises by using AWS services. The SysOps administrator must not install long-term credentials on the on-premises servers.  What should the SysOps administrator do to meet these requirements?,B,Create an IAM role and instance profile that include AWS Systems Manager permissions. Attach the role to the on-premises servers.,Create a managed-instance activation in AWS Systems Manager. Install the Systems Manager Agent (SSM Agent) on the on-premises servers. Register the servers with the activation code and ID from the instance activation.,Create an AWS managed IAM policy that includes the appropriate AWS Systems Manager permissions. Download the IAM policy to the on-premises servers.,Create an IAM user and an access key. Log on to the on-premises servers and install the AWS CLI. Configure the access key in the AWS credentials file after the AWS CLI is successfully installed.,,,一家公司正在本地和 AWS 上运行工作负载。一个 SysOps 管理员需要通过使用 AWS 服务自动化所有本地服务器上的任务。这个 SysOps 管理员不得在本地服务器上安装长期凭证。 他们应该做什么以满足这些要求？,"创建一个 IAM 角色和实例配置文件，包含 AWS Systems Manager 权限。  
将角色附加到本地服务器。","在 AWS Systems Manager 中创建一个 managed-instance 激活。  
在本地服务器上安装 Systems Manager Agent (SSM Agent)。  
使用实例激活中的激活码和 ID 注册这些服务器。",创建一个 AWS 管理的 IAM 策略，包含适当的 AWS Systems Manager 权限。下载 IAM 策略到本地服务器。,创建一个 IAM 用户和一个 access key。登录到本地服务器并安装 AWS CLI。成功安装 AWS CLI 后，在 AWS credentials 文件中配置 access key。,nan,nan,"一家公司正在本地和 AWS 上运行工作负载。  
一个 SysOps 管理员需要通过使用 AWS 服务自动化所有本地服务器上的任务。  
这个 SysOps 管理员不得在本地服务器上安装长期凭证。  
他们应该做什么以满足这些要求？"
414,A company has 50 AWS accounts and wants to create an identical Amazon VPC in each account. Any changes the company makes to the VPCs in the future must be implemented on every VPC.  What is the MOST operationally efficient method to deploy and update the VPCs in each account?,D,Create an AWS CloudFormation template that defines the VPC. Sign in to the AWS Management Console under each account. Create a stack from the template.,Create a shell script that configures the VPC using the AWS CLI. Provide a list of accounts to the shell script from a text file. Create the VPC in every account in the list.,Create an AWS Lambda function that configures the VPStore the account information in Amazon DynamoDB. Grant Lambda access to the DynamoDB table. Create the VPC in every account in the list.,Create an AWS CloudFormation template that defines the VPC. Create an AWS CloudFormation StackSet based on the template. Deploy the template to all accounts using the stack set.,,,一家公司拥有50个 AWS 账户，并且想在每个账户中创建一个相同的 Amazon VPC。 任何公司将来对 VPCs 所做的更改都必须在每个 VPC 上实施。 什么是最具操作效率的方法，用于部署和更新每个账户中的 VPCs？,"创建一个 AWS CloudFormation 模板，定义 VPC。  
登录到 AWS 管理控制台，在每个账户下。  
从模板创建一个堆栈。","创建一个 shell 脚本，该脚本使用 AWS CLI 配置 VPC。  
向 shell 脚本提供一个文本文件中的账户列表。  
在列表中的每个账户中创建 VPC。",创建一个 AWS Lambda 函数，该函数配置 VPStore 账户信息在 Amazon DynamoDB 中。授予 Lambda 访问权限到 DynamoDB 表。在列表中的每个账户中创建 VPC。,"创建一个 AWS CloudFormation 模板，定义 VPC。  
基于该模板创建一个 AWS CloudFormation StackSet。  
使用该 StackSet 将模板部署到所有账户。",nan,nan,一家公司拥有50个 AWS 账户， 并且想在每个账户中创建一个相同的 Amazon VPC。 任何公司将来对 VPCs 所做的更改都必须在每个 VPC 上实施。 什么是最具操作效率的方法，用于部署和更新每个账户中的 VPCs？
415,A company hosts a web application on an Amazon EC2 instance in a production VPC. Client connections to the application are failing. A SysOps administrator inspects the VPC flow logs and finds the following entry:      What is a possible cause of these failed connections?,C,A security group deny rule is blocking traffic on port 443.,The EC2 instance is shut down.,The network ACL is blocking HTTPS traffic.,The VPC has no internet gateway attached.,,,一家公司在生产 VPC 中的 Amazon EC2 实例上托管一个 web 应用程序。 客户端连接到该应用程序失败。 一名 SysOps 管理员检查 VPC 流日志并发现以下条目：      这些连接失败的可能原因是什么？,一个安全组拒绝规则正在阻止端口 443 上的流量。,The EC2 instance 是 关闭。,网络 ACL 正在阻止 HTTPS 流量。,VPC 没有 internet gateway 附加。,nan,nan,"一家公司在生产 VPC 中的 Amazon EC2 实例上托管一个 web 应用程序。  
Client 连接到该应用程序失败。  
一名 SysOps 管理员检查 VPC 流日志并发现以下条目：  
这些连接失败的可能原因是什么？"
416,"A media company hosts a public news and video portal on AWS. The portal uses an Amazon DynamoDB table with provisioned capacity to maintain an index of video files that are stored in an Amazon S3 bucket. During a recent event, millions of visitors came to the portal for news. This increase in traffic caused read requests to be throttled in the DynamoDB table. Videos could not be displayed in the portal.  The company's operations team manually increased the provisioned capacity on a temporary basis to meet the demand. The company wants the operations team to receive an alert before the table is throttled in the future. The company has created an Amazon Simple Notification Service (Amazon SNS) topic and has subscribed the operations team's email address to the SNS topic.  What should the company do next to meet these requirements?",A,Create an Amazon CloudWatch alarm that uses the ConsumedReadCapacityUnits metric. Set the alarm threshold to a value that is close to the DynamoDB table's provisioned capacity. Configure the alarm to publish notifications to the SNS topic.,Turn on auto scaling on the DynamoDB table. Configure an Amazon EventBridge rule to publish notifications to the SNS topic during scaling events.,Turn on Amazon CloudWatch Logs for the DynamoDB table. Create an Amazon CloudWatch metric filter to pattern match the THROTTLING_EXCEPTION status code from DynamoDB. Create a CloudWatch alarm for the metric. Select the SNS topic for notifications.,Configure the application to store logs in Amazon CloudWatch Logs. Create an Amazon CloudWatch metric filter to pattern match the THROTTLING_EXCEPTION status code from DynamoDB. Create a CloudWatch alarm for the metric. Select the SNS topic for notifications.,,,"一家媒体公司在 AWS 上托管一个公共新闻和视频门户网站。  
The portal 使用一个 Amazon DynamoDB 表，具有预配置容量，用于维护存储在 Amazon S3 桶中的视频文件的索引。  
During a recent event， 在一次最近的事件中，  
millions of visitors 来到门户网站， 为新闻。  
This increase in traffic 导致 DynamoDB 表中的读取请求被限制。  
Videos 不能在门户网站中显示。  
The company's operations team 手动增加了预配置容量， 临时以满足需求。  
The company 想让运营团队在表被限制之前收到警报。  
The company 已经创建了一个 Amazon Simple Notification Service (Amazon SNS) 主题，并已将运营团队的电子邮件地址订阅到 SNS 主题。  
What 应该公司接下来做什么，以满足这些要求？","创建一个 Amazon CloudWatch 警报，使用 ConsumedReadCapacityUnits 指标。  
设置警报阈值为接近 DynamoDB 表的预配置容量的值。  
配置警报以向 SNS 主题发布通知。",在 DynamoDB 表上开启自动扩展。配置一个 Amazon EventBridge 规则以在扩展事件期间向 SNS 主题发布通知。,为 DynamoDB 表开启 Amazon CloudWatch Logs。创建一个 Amazon CloudWatch metric filter 以模式匹配来自 DynamoDB 的 THROTTLING_EXCEPTION 状态码。为该指标创建一个 CloudWatch 警报。选择 SNS 主题以进行通知。,配置应用程序以在 Amazon CloudWatch Logs 中存储日志。创建一个 Amazon CloudWatch metric filter 以匹配 DynamoDB 的 THROTTLING_EXCEPTION 状态码的模式。为该指标创建一个 CloudWatch alarm。选择用于通知的 SNS 主题。,nan,nan,"一家媒体公司在 AWS 上托管一个公共新闻和视频门户网站。  
The portal 使用一个 Amazon DynamoDB 表，具有预配置容量，用于维护存储在 Amazon S3 桶中的视频文件的索引。  
During a recent event， 在一次最近的事件中，  
millions of visitors 来到门户网站， 为新闻。  
This increase in traffic 导致 DynamoDB 表中的读取请求被限制。  
Videos 不能在门户网站中显示。  
The company's operations team 手动增加了预配置容量， 临时以满足需求。  
The company 想让运营团队在表被限制之前收到警报。  
The company 已经创建了一个 Amazon Simple Notification Service (Amazon SNS) 主题，并已将运营团队的电子邮件地址订阅到 SNS 主题。  
What 应该公司接下来做什么，以满足这些要求？"
417,A company runs its web application on multiple Amazon EC2 instances that are part of an Auto Scaling group. The company wants the Auto Scaling group to scale out as soon as CPU utilization rises above 50% for the instances.  How should a SysOps administrator configure the Auto Scaling group to meet these requirements?,C,Configure the Auto Scaling group to scale based on events.,Configure the Auto Scaling group to scale based on a schedule.,Configure the Auto Scaling group to scale dynamically based on demand.,Configure the Auto Scaling group to use predictive scaling.,,,"一家公司在多个 Amazon EC2 实例上运行其网页应用程序，这些实例是 Auto Scaling 组的一部分。  
该公司希望 Auto Scaling 组在实例的 CPU 利用率超过 50% 时立即进行扩展。  
SysOps 管理员应如何配置 Auto Scaling 组以满足这些要求？",配置 自动缩放 组 以 根据 事件 进行 扩展。,配置 自动缩放 组 以 根据 一个 时间表 进行 扩展。,配置 Auto Scaling 组 以 根据 需求 动态 扩展。,配置 自动扩展 组 以 使用 预测 扩展。,nan,nan,"一家公司在多个 Amazon EC2 实例上运行其网页应用程序，这些实例是 Auto Scaling 组的一部分。  
该公司希望 Auto Scaling 组在实例的 CPU 利用率超过 50% 时立即进行扩展。  
SysOps 管理员应如何配置 Auto Scaling 组以满足这些要求？"
418,"A company's VPC has an existing IPv4 configuration. The IPv4 configuration includes public subnets, private subnets, NAT gateways, default route tables, and ACLs.  The company associates an IPv6 CIDR block with the VPC. The company adds IPv6 allocations to each existing subnet and adds routes to the route tables. The company updates the ACLs to allow all IPv6 traffic.  Public subnets are working as expected, but private subnets are not allowing internet IPv6 connections.  What should a SysOps administrator do to allow outbound-only connectivity for the new IPv6 subnets?",A,Configure an egress-only internet gateway and associate it with the VPC. Create a default route in the route tables that are associated with the private subnets. Configure the default route to point to the egress-only internet gateway.,Turn on IPv6 NAT on the NAT gateways. Create a default route in the route tables that are associated with the private subnets. Configure the default route to point to the NAT gateways.,Configure a new IPv6-only NAT gateway. Create a default route in the route tables that are associated with the private subnets. Configure the default route to point to the IPv6-only NAT gateway.,Create a default route in the route tables that are associated with the private subnets. Configure the default route to point to the existing internet gateway.,,,"一家公司 的 VPC 拥有 一个 现有 的 IPv4 配置。  
The IPv4 configuration 包含 公共 子网、私有 子网、NAT gateways、默认 路由表 和 ACLs。  
The company 将 一个 IPv6 CIDR block 关联 到 VPC。  
The company 添加 IPv6 分配 到 每个 现有 的 子网 并 添加 路由 到 路由表。  
The company 更新 ACLs 以 允许 所有 IPv6 流量。  
公共 子网 按预期 工作，但 私有 子网 不允许 互联网 IPv6 连接。  
什么 应该 一个 SysOps 管理员 做 以 允许 出站 仅 连接性 对于 新的 IPv6 子网？",配置一个 egress-only internet gateway，并将其与 VPC 关联。 在与 private subnets 关联的路由表中创建一个默认路由。 配置默认路由指向 egress-only internet gateway。,在 NAT gateways 上开启 IPv6 NAT。 在与私有子网相关联的路由表中创建一个默认路由。 配置默认路由指向 NAT gateways。,配置一个新的 IPv6-only NAT gateway。 在与私有子网相关联的路由表中创建一个默认路由。 配置默认路由指向 IPv6-only NAT gateway。,"在与私有子网相关联的路由表中创建一个默认路由。  
配置默认路由指向现有的 internet gateway。",nan,nan,"一家公司 的 VPC 拥有 一个 现有 的 IPv4 配置。  
The IPv4 configuration 包含 公共 子网、私有 子网、NAT gateways、默认 路由表 和 ACLs。  
The company 将 一个 IPv6 CIDR block 关联 到 VPC。  
The company 添加 IPv6 分配 到 每个 现有 的 子网 并 添加 路由 到 路由表。  
The company 更新 ACLs 以 允许 所有 IPv6 流量。  
公共 子网 按预期 工作，但 私有 子网 不允许 互联网 IPv6 连接。  
什么 应该 一个 SysOps 管理员 做 以 允许 出站 仅 连接性 对于 新的 IPv6 子网？"
419,A company runs a worker process on three Amazon EC2 instances. The instances are in an Auto Scaling group that is configured to use a simple scaling policy. The instances process messages from an Amazon Simple Queue Service (Amazon SQS) queue.  Random periods of increased messages are causing a decrease in the performance of the worker process. A SysOps administrator must scale the instances to accommodate the increased number of messages.  Which solution will meet these requirements?,B,Use CloudWatch to create a metric math expression to calculate the approximate age of the oldest message in the SQS queue. Create a target tracking scaling policy for the metric math expression to modify the Auto Scaling group.,Use CloudWatch to create a metric math expression to calculate the approximate number of messages visible in the SQS queue for each instance. Create a target tracking scaling policy for the metric math expression to modify the Auto Scaling group.,Create an Application Load Balancer (ALB). Attach the ALB to the Auto Scaling group. Create a target tracking scaling policy for the ALBRequestCountPerTarget metric to modify the Auto Scaling group.,Create an Application Load Balancer (ALB). Attach the ALB to the Auto Scaling group. Create a scheduled scaling policy for the Auto Scaling group.,,,"一家公司在三个 Amazon EC2 实例上运行一个 worker 进程。  
这些实例位于一个 Auto Scaling 组中，该组被配置为使用一个 simple scaling policy。  
这些实例处理来自 Amazon Simple Queue Service (Amazon SQS) 队列的消息。  
随机的消息增加时期导致 worker 进程的性能下降。  
一名 SysOps 管理员必须扩展实例以适应增加的消息数量。  
哪种解决方案可以满足这些要求？","使用 CloudWatch 来创建一个 metric math 表达式，以计算 SQS 队列中最旧消息的大致年龄。  
为该 metric math 表达式创建一个目标追踪缩放策略，以修改 Auto Scaling 组。",使用 CloudWatch 来创建一个 metric math 表达式，以计算每个实例中可见的 SQS 消息的大致数量。创建一个目标追踪缩放策略，用于根据该 metric math 表达式来修改 Auto Scaling 组。,创建一个 Application Load Balancer (ALB)。将 ALB 附加到 Auto Scaling group。创建一个针对 ALBRequestCountPerTarget 指标的目标追踪缩放策略，以修改 Auto Scaling group。,创建一个 Application Load Balancer (ALB)。将 ALB 附加到 Auto Scaling group。为 Auto Scaling group 创建一个计划的扩展策略。,nan,nan,"一家公司在三个 Amazon EC2 实例上运行一个 worker 进程。  
这些实例位于一个 Auto Scaling 组中，该组被配置为使用一个 simple scaling policy。  
这些实例处理来自 Amazon Simple Queue Service (Amazon SQS) 队列的消息。  
随机的消息增加时期导致 worker 进程的性能下降。  
一名 SysOps 管理员必须扩展实例以适应增加的消息数量。  
哪种解决方案可以满足这些要求？"
420,A company has created a NAT gateway in a public subnet in a VPC. The VPC also contains a private subnet that includes Amazon EC2 instances. The EC2 instances use the NAT gateway to access the internet to download patches and updates. The company has configured a VPC flow log for the elastic network interface of the NAT gateway. The company is publishing the output to Amazon CloudWatch Logs.  A SysOps administrator must identify the top five internet destinations that the EC2 instances in the private subnet communicate with for downloads.  What should the SysOps administrator do to meet this requirement in the MOST operationally efficient way?,C,Use AWS CloudTrail Insights events to identify the top five internet destinations.,Use Amazon CloudFront standard logs (access logs) to identify the top five internet destinations.,Use CloudWatch Logs Insights to identify the top five internet destinations.,Change the flow log to publish logs to Amazon S3. Use Amazon Athena to query the log files in Amazon S3.,,,"一家公司在 VPC 中的公共子网创建了一个 NAT gateway。  
The company has created a NAT gateway in a public subnet in a VPC.  

该 VPC 还包含一个私有子网，其中包括 Amazon EC2 instances。  
The VPC also contains a private subnet that includes Amazon EC2 instances.  

EC2 instances 使用 NAT gateway 访问互联网，以下载补丁和更新。  
The EC2 instances use the NAT gateway to access the internet to download patches and updates.  

该公司为 NAT gateway 的弹性网络接口配置了 VPC flow log。  
The company has configured a VPC flow log for the elastic network interface of the NAT gateway.  

该公司将输出发布到 Amazon CloudWatch Logs。  
The company is publishing the output to Amazon CloudWatch Logs.  

SysOps 管理员必须识别私有子网中的 EC2 instances 通信的前五大互联网目的地，以进行下载。  
A SysOps administrator must identify the top five internet destinations that the EC2 instances in the private subnet communicate with for downloads.  

SysOps 管理员应采取什么措施，以以最具操作效率的方式满足此要求？  
What should the SysOps administrator do to meet this requirement in the MOST operationally efficient way?",使用 AWS CloudTrail Insights 事件 来 识别 出 前 五 个 互联网 目的地 。,使用 Amazon CloudFront 标准日志（访问日志）来识别前五名互联网目的地。,使用 CloudWatch Logs Insights 来识别 前五名 的 互联网 目的地 。,将流日志更改为将日志发布到 Amazon S3。使用 Amazon Athena 查询存储在 Amazon S3 中的日志文件。,nan,nan,"该公司在 VPC 中的公共子网创建了一个 NAT gateway。  
The company has created a NAT gateway in a public subnet in a VPC.  

该 VPC 还包含一个私有子网，其中包括 Amazon EC2 instances。  
The VPC also contains a private subnet that includes Amazon EC2 instances.  

EC2 instances 使用 NAT gateway 访问互联网，以下载补丁和更新。  
The EC2 instances use the NAT gateway to access the internet to download patches and updates.  

该公司为 NAT gateway 的弹性网络接口配置了 VPC flow log。  
The company has configured a VPC flow log for the elastic network interface of the NAT gateway.  

该公司将输出发布到 Amazon CloudWatch Logs。  
The company is publishing the output to Amazon CloudWatch Logs.  

SysOps 管理员必须识别私有子网中的 EC2 instances 通信的前五大互联网目的地，以进行下载。  
A SysOps administrator must identify the top five internet destinations that the EC2 instances in the private subnet communicate with for downloads.  

SysOps 管理员应采取什么措施，以以最具操作效率的方式满足此要求？  
What should the SysOps administrator do to meet this requirement in the MOST operationally efficient way?"
421,A company manages its production applications across several AWS accounts. The company hosts the production applications on Amazon EC2 instances that run Amazon Linux 2. The EC2 instances are spread across multiple VPCs. Each VPC uses its own Amazon Route 53 private hosted zone for private DNS.  A VPC from Account A needs to resolve private DNS records from a private hosted zone that is associated with a different VPC in Account B.  What should a SysOps administrator do to meet these requirements?,D,In Account A create an AWS Systems Manager document that updates the /etc/resolv.conf file across all EC2 instances to point to the AWS provided default DNS resolver for the VPC in Account B,In Account A create an AWS CloudFormation template that associates the private hosted zone from Account B with the private hosted zone in Account A.,In Account A use the AWS CLI to create a VPC association authorization. When the association is created.use the AWS CLI in Account B to associate the VPC from Account A with the private hosted zone in Account B.,In Account B use the AWS CLI to create a VPC association authorization. When the association is created use the AWS CLI in Account A to associate the VPC from Account B with the private hosted zone in Account A.,,,"一家公司在多个 AWS 账户中管理其生产应用程序。  
The company 在 Amazon EC2 实例上托管其生产应用程序，这些实例运行 Amazon Linux 2。  
The EC2 实例分布在多个 VPCs 中。  
Each VPC 使用其自己的 Amazon Route 53 私有托管区域进行私有 DNS。  
A VPC 来自 Account A 需要解析来自与 Account B 中不同 VPC 相关联的私有托管区域的私有 DNS 记录。  
What 应该由 SysOps 管理员采取措施以满足这些要求？",在账户 A 创建一个 AWS Systems Manager 文档，该文档会更新所有 EC2 实例中的 /etc/resolv.conf 文件，使其指向账户 B 中 VPC 提供的默认 DNS 解析器。,在账户 A 创建一个 AWS CloudFormation 模板，该模板将账户 B 的私有托管区域与账户 A 的私有托管区域关联起来。,在账户 A 中，使用 AWS CLI 创建 VPC 关联授权。 当关联被创建时，使用 AWS CLI 在账户 B 中，将账户 A 的 VPC 与账户 B 中的私有托管区域关联。,在账户 B 使用 AWS CLI 来创建 VPC 关联授权。 当 关联 被 创建 时 使用 AWS CLI 在 账户 A 来 将 账户 B 的 VPC 与 账户 A 中的 私有托管区域 关联。,nan,nan,"一家公司 在多个 AWS 账户中 管理 其 生产 应用程序。  
The company 在 Amazon EC2 实例 上 托管 其 生产 应用程序， 这些 实例 运行 Amazon Linux 2。  
The EC2 实例 分布 在 多个 VPCs 中。  
Each VPC 使用 其 自己的 Amazon Route 53 私有托管区域 进行 私有 DNS。  
A VPC 来自 Account A 需要 解析 来自 与 Account B 中 不同 VPC 相关联 的 私有托管区域 的 私有 DNS 记录。  
What 应该 由 SysOps 管理员 采取 措施 以 满足 这些 要求？"
423,A company has an on-premises DNS solution and wants to resolve DNS records in an Amazon Route 53 private hosted zone for example.com. The company has set up an AWS Direct Connect connection for network connectivity between the on-premises network and the VPC. A SysOps administrator must ensure that an on-premises server can query records in the example.com domain.  What should the SysOps administrator do to meet these requirements?,A,Create a Route 53 Resolver inbound endpoint. Attach a security group to the endpoint to allow inbound traffic on TCP/UDP port 53 from the on-premises DNS servers.,Create a Route 53 Resolver inbound endpoint. Attach a security group to the endpoint to allow outbound traffic on TCP/UDP port 53 to the on-premises DNS servers.,Create a Route 53 Resolver outbound endpoint. Attach a security group to the endpoint to allow inbound traffic on TCP/UDP port 53 from the on-premises DNS servers.,Create a Route 53 Resolver outbound endpoint. Attach a security group to the endpoint to allow outbound traffic on TCP/UDP port 53 to the on-premises DNS servers.,,,"一家公司拥有一个本地的 DNS 解决方案，并且想要在 Amazon Route 53 private hosted zone for example.com 中解析 DNS 记录。  
该公司已经设置了一个 AWS Direct Connect 连接，用于本地网络与 VPC 之间的网络连接。  
一名 SysOps 管理员必须确保一个本地的服务器可以查询 example.com 域中的记录。  
SysOps 管理员应该做什么以满足这些要求？",创建一个 Route 53 Resolver 入站端点。附加一个安全组到端点以允许来自本地 DNS 服务器的 TCP/UDP 端口 53 的入站流量。,创建一个 Route 53 Resolver inbound endpoint。附加一个 security group 到该 endpoint 以允许 on-premises DNS servers 上的 TCP/UDP 端口 53 的 outbound traffic。,创建一个 Route 53 Resolver 出站端点。附加一个安全组到端点以允许来自本地 DNS 服务器的 TCP/UDP 端口 53 的入站流量。,创建一个 Route 53 Resolver 出站端点。附加一个安全组到端点以允许 TCP/UDP 端口 53 上的出站流量到本地的 DNS 服务器。,nan,nan,"一家公司拥有一个本地的 DNS 解决方案，并且想要在 Amazon Route 53 private hosted zone for example.com 中解析 DNS 记录。  
该公司已经设置了一个 AWS Direct Connect 连接，用于本地网络与 VPC 之间的网络连接。  
一名 SysOps 管理员必须确保一个本地的服务器可以查询 example.com 域中的记录。  
SysOps 管理员应该做什么以满足这些要求？"
424,"A company uses AWS CloudFormation to deploy its application infrastructure. Recently, a user accidentally changed a property of a database in a CloudFormation template and performed a stack update that caused an interruption to the application. A SysOps administrator must determine how to modify the deployment process to allow the DevOps team to continue to deploy the infrastructure, but prevent against accidental modifications to specific resources.  Which solution will meet these requirements?",C,Set up an AWS Config rule to alert based on changes to any CloudFormation stack. An AWS Lambda function can then describe the stack to determine if any protected resources were modified and cancel the operation.,Set up an Amazon EventBridge event with a rule to initiate based on any CloudFormation API call. An AWS Lambda function can then describe the stack to determine if any protected resources were modified and cancel the operation.,Launch the CloudFormation templates using a stack policy with an explicit allow for all resources and an explicit deny of the protected resources with an action of Update:*.,"Attach an IAM policy to the DevOps team role that prevents a CloudFormation stack from updating, with a condition based on the specific Amazon Resource Names (ARNs) of the protected resources.",,,一家公司使用 AWS CloudFormation 来部署其应用程序基础设施。最近，一个用户意外地更改了 CloudFormation 模板中数据库的一个属性，并执行了导致应用程序中断的堆栈更新。一名 SysOps 管理员必须确定如何修改部署流程，以允许 DevOps 团队继续部署基础设施，但防止对特定资源的意外修改。 哪个解决方案将满足这些要求？,设置一个 AWS Config 规则以基于对任何 CloudFormation stack 的更改发出警报。一个 AWS Lambda function 然后可以描述该 stack 以确定是否有任何受保护的资源被修改并取消操作。,设置一个 Amazon EventBridge 事件，带有一个规则以基于任何 CloudFormation API 调用启动。一个 AWS Lambda 函数然后可以描述这个堆栈，以确定是否有任何受保护的资源被修改，并取消这个操作。,使用堆栈策略启动 CloudFormation templates，具有对所有资源的明确允许和对受保护资源的明确拒绝，操作为 Update:*。,将一个 IAM 政策附加到 DevOps 团队角色，该政策阻止 CloudFormation 堆栈进行更新，具有基于受保护资源的特定 Amazon Resource Names (ARNs) 的条件。,nan,nan,"一家公司使用 AWS CloudFormation 来部署其应用程序基础设施。  
最近，一个用户意外地更改了 CloudFormation 模板中数据库的一个属性，并执行了导致应用程序中断的堆栈更新。  
一名 SysOps 管理员必须确定如何修改部署流程，以允许 DevOps 团队继续部署基础设施，但防止对特定资源的意外修改。  
哪个解决方案将满足这些要求？"
425,"A SysOps administrator has an AWS CloudFormation template of the company's existing infrastructure in us-west-2. The administrator attempts to use the template to launch a new stack in eu-west-1, but the stack only partially deploys, receives an error message, and then rolls back.  Why would this template fail to deploy? (Choose two.)",BD,The template referenced an IAM user that is not available in eu-west-1.,The template referenced an Amazon Machine Image (AMI) that is not available in eu-west-1.,The template did not have the proper level of permissions to deploy the resources.,The template requested services that do not exist in eu-west-1.,CloudFormation templates can be used only to update existing services.,,"一名 SysOps 管理员拥有一个 AWS CloudFormation 模板，描述公司在 us-west-2 的现有基础设施。  
The administrator 尝试使用该模板在 eu-west-1 启动一个新堆栈，但该堆栈仅部分部署，收到一个错误信息，然后回滚。  
为什么这个模板会部署失败？（选择两个。）",该模板引用了一个在 eu-west-1 中不可用的 IAM 用户。,该模板引用了一个 Amazon Machine Image (AMI)，该 AMI 在 eu-west-1 中不可用。,该模板没有具有适当级别的权限去部署资源。,该模板请求的服务在 eu-west-1 中不存在。,CloudFormation 模板 可以 用于 仅 以 更新 现有 服务。,nan,"一名 SysOps 管理员拥有一个 AWS CloudFormation 模板，描述公司在 us-west-2 的现有基础设施。  
The administrator 尝试使用该模板在 eu-west-1 启动一个新堆栈，但该堆栈仅部分部署，收到一个错误信息，然后回滚。  
为什么这个模板会部署失败？（选择两个。）"
426,"An application accesses data through a file system interface. The application runs on Amazon EC2 instances in multiple Availability Zones, all of which must share the same data. While the amount of data is currently small, the company anticipates that it will grow to tens of terabytes over the lifetime of the application.  What is the MOST scalable storage solution to fulfill this requirement?",B,Connect a large Amazon EBS volume to multiple instances and schedule snapshots.,Deploy Amazon EFS in the VPC and create mount targets in multiple subnets.,Launch an EC2 instance and share data using SMB/CIFS or NFS.,Deploy an AWS Storage Gateway cached volume on Amazon EC2.,,,"一个应用程序通过文件系统接口访问数据。  
The application runs on Amazon EC2 instances in multiple Availability Zones,  
该应用程序在多个可用区的 Amazon EC2 实例上运行，  
all of which must share the same data.  
所有这些必须共享相同的数据。  
While the amount of data is currently small,  
虽然目前数据量很小，  
the company anticipates that it will grow to tens of terabytes over the lifetime of the application.  
公司预期在应用程序的整个生命周期内，它的数据量将增长到数十 TB。  
What is the MOST scalable storage solution to fulfill this requirement?  
满足此需求的最具可扩展性的存储解决方案是什么？",连接 一个 大 的 Amazon EBS 卷 到 多个 实例 并 安排 快照。,在 VPC 中部署 Amazon EFS 并在多个子网中创建挂载目标。,启动一个 EC2 实例，并使用 SMB/CIFS 或 NFS 共享数据。,在 Amazon EC2 上部署一个 AWS Storage Gateway 缓存卷。,nan,nan,"该应用程序通过文件系统接口访问数据。  
The application runs on Amazon EC2 instances in multiple Availability Zones,  
该应用程序在多个可用区的 Amazon EC2 实例上运行，  
all of which must share the same data.  
所有这些必须共享相同的数据。  
While the amount of data is currently small,  
虽然目前数据量很小，  
the company anticipates that it will grow to tens of terabytes over the lifetime of the application.  
公司预期在应用程序的整个生命周期内，它的数据量将增长到数十 TB。  
What is the MOST scalable storage solution to fulfill this requirement?  
满足此需求的最具可扩展性的存储解决方案是什么？"
427,A company is deploying an ecommerce application to an AWS Region that is located in France. The company wants users from only France to be able to access the first version of the application. The company plans to add more countries for the next version of the application. A SysOps administrator needs to configure the routing policy in Amazon Route 53.  Which solution will meet these requirements?,B,Use a geoproximity routing policy. Select France as the location in the record.,Use a geolocation routing policy. Select France as the location in the record.,Use an IP-based routing policy. Select all IP addresses that are allocated to France in the record.,Use a geoproximity routing policy. Select all IP addresses that are allocated to France in the record.,,,"一家公司正在将一个电子商务应用程序部署到一个位于法国的 AWS 区域。  
The company wants users from only France to be able to access the first version of the application.  
该公司计划为应用程序的下一版本添加更多国家。  
A SysOps administrator needs to configure the routing policy in Amazon Route 53.  
哪种解决方案可以满足这些要求？",使用一个 geoproximity routing policy。选择 France 作为在记录中的位置。,使用一个 geolocation routing policy。选择 France 作为在记录中的位置。,使用一个基于IP的路由策略。选择所有在记录中分配给France的IP地址。,使用一个 geoproximity routing policy。选择所有在记录中分配给 France 的 IP 地址。,nan,nan,"一家公司正在将一个电子商务应用程序部署到一个位于 France 的 AWS 区域。  
The company wants users from only France to be able to access the first version of the application.  
该公司计划为应用程序的下一版本添加更多国家。  
A SysOps administrator needs to configure the routing policy in Amazon Route 53.  
哪种解决方案可以满足这些要求？"
428,A SysOps administrator is using IAM credentials to try to upload a file to a customer's Amazon S3 bucket that is named DOC-EXAMPLE-BUCKET. The SysOps administrator is receiving an AccessDenied message.  Which combination of configuration changes will correct this problem? (Choose two.),AB,Add this IAM policy to the SysOps administrator user:,Add this IAM policy to the customer S3 bucket:,Add this IAM policy to the SysOps administrator user:,Add this IAM policy to the customer account root user:,Add this IAM policy to the SysOps administrator account root user:,,"一名 SysOps 管理员正在使用 IAM 凭证尝试将文件上传到客户的 Amazon S3 存储桶，名为 DOC-EXAMPLE-BUCKET。  
该 SysOps 管理员收到一个 AccessDenied 消息。  
哪种配置更改的组合将纠正这个问题？（选择两个。）",将此 IAM 政策添加到 SysOps 管理员用户：,将此 IAM 政策添加到客户 S3 存储桶：,将此 IAM 政策添加到 SysOps 管理员用户：,将此 IAM 政策添加到客户账户 root 用户：,将此 IAM 政策添加到 SysOps 管理员账户 root 用户：,nan,"一名 SysOps 管理员正在使用 IAM 凭证尝试将文件上传到客户的 Amazon S3 存储桶，名为 DOC-EXAMPLE-BUCKET。  
The SysOps 管理员 is using IAM 凭证 trying to upload 文件 to the customer's Amazon S3 存储桶, named DOC-EXAMPLE-BUCKET。  
该 SysOps 管理员收到一个 AccessDenied 消息。  
The SysOps 管理员 received 一个 AccessDenied 消息。  
哪种配置更改的组合将纠正这个问题？（选择两个。）  
Which configuration 更改 的组合 will correct 这个问题? (选择两个。)"
430,A company wants to apply an existing Amazon Route 53 private hosted zone to a new VPC to allow for customized resource name resolution within the VPC. The SysOps administrator created the VPC and added the appropriate resource record sets to the private hosted zone.  Which step should the SysOps administrator take to complete the setup?,A,Associate the Route 53 private hosted zone with the VPC.,Create a rule in the default security group for the VPC that allows traffic to the Route 53 Resolver.,Ensure the VPC network ACLs allow traffic to the Route 53 Resolver.,Ensure there is a route to the Route 53 Resolver in each of the VPC route tables.,,,"一家公司想要将现有的 Amazon Route 53 私有托管区域应用到一个新的 VPC，以允许在 VPC 内进行定制的资源名称解析。  
SysOps 管理员创建了 VPC 并向私有托管区域添加了适当的资源记录集。  
哪个步骤 SysOps 管理员应该采取以完成设置？",将 Route 53 私有托管区域与 VPC 关联。,在 VPC 的默认安全组中创建一条规则，允许流量到 Route 53 Resolver。,确保 VPC 网络 ACLs 允许 流量 到达 Route 53 Resolver。,确保 在 每个 的 VPC 路由表 中 有 一 条 到 Route 53 Resolver 的 路由。,nan,nan,"一家公司想要将现有的 Amazon Route 53 私有托管区域应用到一个新的 VPC，以允许在 VPC 内进行定制的资源名称解析。  
SysOps 管理员创建了 VPC 并向私有托管区域添加了适当的资源记录集。  
哪个步骤 SysOps 管理员应该采取以完成设置？"
431,A company has an AWS Site-to-Site VPN connection between on-premises resources and resources that are hosted in a VPC. A SysOps administrator launches an Amazon EC2 instance that has only a private IP address into a private subnet in the VPC. The EC2 instance runs Microsoft Windows Server.  A security group for the EC2 instance has rules that allow inbound traffic from the on-premises network over the VPN connection. The on-premises environment contains a third-party network firewall. Rules in the third-party network firewall allow Remote Desktop Protocol (RDP) traffic to flow between the on-premises users over the VPN connection.  The on-premises users are unable to connect to the EC2 instance and receive a timeout error.  What should the SysOps administrator do to troubleshoot this issue?,C,Create Amazon CloudWatch logs for the EC2 instance to check for blocked traffic.,Create Amazon CloudWatch logs for the Site-to-Site VPN connection to check for blocked traffic.,Create VPC flow logs for the EC2 instance's elastic network interface to check for rejected traffic.,Instruct users to use EC2 Instance Connect as a connection method.,,,"一家公司在本地资源和托管在 VPC 中的资源之间拥有一个 AWS Site-to-Site VPN 连接。  
一名 SysOps 管理员在 VPC 的私有子网中启动了一个只有私有 IP 地址的 Amazon EC2 实例。  
该 EC2 实例运行 Microsoft Windows Server。  
该 EC2 实例的安全组具有允许来自 VPN 连接的本地网络的入站流量的规则。  
本地环境包含一个第三方网络防火墙。  
第三方网络防火墙中的规则允许远程桌面协议（RDP）流量通过 VPN 连接在本地用户之间流动。  
本地用户无法连接到 EC2 实例并收到超时错误。  
 SysOps 管理员应采取什么措施来排查此问题？",为 EC2 实例创建 Amazon CloudWatch logs 以检查被阻止的流量。,为 Site-to-Site VPN 连接创建 Amazon CloudWatch logs 以检查被阻止的流量。,为 EC2 实例的 elastic network interface 创建 VPC flow logs 以 检查 被 拒绝 的 流量。,指示用户使用 EC2 Instance Connect 作为连接方法。,nan,nan,"一家公司在本地资源和托管在 VPC 中的资源之间拥有一个 AWS Site-to-Site VPN 连接。  
One company has an AWS Site-to-Site VPN connection between local resources and resources hosted in VPC.  
一名 SysOps 管理员在 VPC 的私有子网中启动了一个只有私有 IP 地址的 Amazon EC2 实例。  
A SysOps administrator launched an Amazon EC2 instance with only private IP addresses in the private subnet of VPC.  
该 EC2 实例运行 Microsoft Windows Server。  
The EC2 instance runs Microsoft Windows Server.  
该 EC2 实例的安全组具有允许来自 VPN 连接的本地网络的入站流量的规则。  
The security group of the EC2 instance has rules that allow inbound traffic from the local network of the VPN connection.  
本地环境包含一个第三方网络防火墙。  
The local environment contains a third-party network firewall.  
第三方网络防火墙中的规则允许远程桌面协议（RDP）流量通过 VPN 连接在本地用户之间流动。  
Rules in the third-party network firewall allow Remote Desktop Protocol (RDP) traffic to flow between local users through the VPN connection.  
本地用户无法连接到 EC2 实例并收到超时错误。  
Local users cannot connect to the EC2 instance and receive a timeout error.  
SysOps 管理员应采取什么措施来排查此问题？  
What measures should the SysOps administrator take to troubleshoot this issue?"
432,"A SysOps administrator has set up a new Amazon EC2 instance as a web server in a public subnet. The instance uses HTTP port 80 and HTTPS port 443.  The SysOps administrator has confirmed internet connectivity by downloading operating system updates and software from public repositories. However, the SysOps administrator cannot access the instance from a web browser on the internet.  Which combination of steps should the SysOps administrator take to troubleshoot this issue? (Choose three.)",ADE,Ensure that the inbound rules of the instance's security group allow traffic on ports 80 and 443.,Ensure that the outbound rules of the instance's security group allow traffic on ports 80 and 443.,Ensure that ephemeral ports 1024-65535 are allowed in the inbound rules of the network ACL that is associated with the instance's subnet.,Ensure that ephemeral ports 1024-65535 are allowed in the outbound rules of the network ACL that is associated with the instance's subnet.,Ensure that the filtering rules for any firewalls that are running on the instance allow inbound traffic on ports 80 and 443.,Ensure that AWS WAF is turned on for the instance and is blocking web traffic.,"一名 SysOps 管理员已经在公共子网中设置了一个新的 Amazon EC2 实例作为 Web 服务器。  
The instance 使用 HTTP 端口 80 和 HTTPS 端口 443。  
The SysOps 管理员已经确认互联网连接性，通过从公共仓库下载操作系统更新和软件。  
然而，SysOps 管理员无法从互联网的网页浏览器访问该实例。  
哪个步骤组合应该由 SysOps 管理员采取以排查此问题？（选择三个。）",确保 that the inbound rules of the instance's security group allow traffic on ports 80 and 443。,确保 that the 出站 rules of the 实例的 security group 允许 traffic on 端口 80 和 443。,确保 ephemeral 端口 1024-65535 在与实例的子网关联的网络 ACL 的入站规则中被允许。,确保 ephemeral 端口 1024-65535 被允许在与实例的子网关联的网络 ACL 的出站规则中。,确保， 那些， 在， 实例， 上， 运行， 的， 防火墙， 的， 过滤规则， 允许， 入站， 流量， 在， 端口， 80， 和， 443。,确保 AWS WAF 被开启用于 实例，并且 正在 阻止 网络流量。,"一名 SysOps 管理员已经在公共子网中设置了一个新的 Amazon EC2 实例作为 Web 服务器。  
The instance 使用 HTTP 端口 80 和 HTTPS 端口 443。  
The SysOps 管理员已经确认互联网连接性，通过从公共仓库下载操作系统更新和软件。  
然而，SysOps 管理员无法从互联网的网页浏览器访问该实例。  
哪个步骤组合应该由 SysOps 管理员采取以排查此问题？（选择三个。）"
433,"A SysOps administrator needs to monitor a process that runs on Linux Amazon EC2 instances. If the process stops, the process must restart automatically. The Amazon CloudWatch agent is already installed on all the EC2 instances.  Which solution will meet these requirements?",A,Add a procstat monitoring configuration to the CloudWatch agent for the process. Create an Amazon EventBridge event rule that initiates an AWS Systems Manager Automation runbook to restart the process after the process stops.,Add a StatsD monitoring configuration to the CloudWatch agent for the process. Create a CloudWatch alarm that initiates an AWS Systems Manager Automation runbook to restart the process after the process stops.,Add a StatsD monitoring configuration to the CloudWatch agent for the process. Create an Amazon EventBridge event rule that initiates an AWS Systems Manager Automation runbook to restart the process after the process stops.,Add a procstat monitoring configuration to the CloudWatch agent for the process. Create a CloudWatch alarm that initiates an AWS Systems Manager Automation runbook to restart the process after the process stops.,,,"一名 SysOps 管理员需要监控在 Linux Amazon EC2 实例上运行的一个进程。  
如果该进程停止，必须自动重新启动该进程。  
Amazon CloudWatch agent 已经安装在所有 EC2 实例上。  
哪种解决方案可以满足这些要求？",为该进程添加一个 procstat 监控配置到 CloudWatch agent。创建一个 Amazon EventBridge 事件规则，启动一个 AWS Systems Manager Automation runbook，以在该进程停止后重新启动该进程。,为该进程添加一个 StatsD 监控配置到 CloudWatch agent。创建一个 CloudWatch alarm，该 alarm 会启动一个 AWS Systems Manager Automation runbook，以在该进程停止后重新启动该进程。,为该进程添加一个 StatsD 监控配置到 CloudWatch agent。创建一个 Amazon EventBridge 事件规则，启动一个 AWS Systems Manager Automation runbook，以在该进程停止后重新启动该进程。,为该进程添加一个 procstat 监控配置到 CloudWatch agent。创建一个 CloudWatch alarm，该 alarm 会启动一个 AWS Systems Manager Automation runbook，以在该进程停止后重新启动该进程。,nan,nan,"一名 SysOps 管理员 需要 监控 在 Linux Amazon EC2 实例 上 运行 的 一个 进程。  
如果 该 进程 停止， 必须 自动 重新 启动 该 进程。  
Amazon CloudWatch agent 已经 安装 在 所有 EC2 实例 上。  
哪 种 解决方案 可以 满足 这些 要求？"
434,A company has an application that uses an Amazon RDS for MariaDB Multi-AZ database. The application becomes unavailable for several minutes every time the database experiences a failover during a planned maintenance event.  What should a SysOps administrator do to reduce the downtime of the application during failover?,D,Create an RDS for MariaDB DB cluster that has multiple writer instances. Configure the application to retry failed queries on another primary node during maintenance events.,Configure the RDS maintenance window settings to pool connections while a failover is in process.,Configure an Amazon ElastiCache write-through cache for the database. Configure the application to connect to the cache instead of directly to the database.,Create an RDS proxy that is associated with the database. Configure the application to connect to the proxy instead of directly to the database.,,,"一家公司有一个应用程序，使用 Amazon RDS for MariaDB Multi-AZ 数据库。  
该应用程序在计划维护事件期间，每次数据库发生故障转移时，都会变得不可用几分钟。  
SysOps 管理员应该做什么，以减少故障转移期间应用程序的停机时间？",为 MariaDB DB 集群创建一个 RDS，具有多个 writer 实例。配置应用程序在维护事件期间在另一个 primary 节点上重试失败的查询。,配置 RDS 维护窗口设置，以在故障转移过程中池连接。,"为数据库配置一个 Amazon ElastiCache 写入穿透缓存。  
配置应用程序以连接到缓存而不是直接连接到数据库。",创建一个与数据库相关联的 RDS proxy。配置应用程序以连接到 proxy 而不是直接连接到数据库。,nan,nan,"一家公司有一个应用程序，使用 Amazon RDS for MariaDB Multi-AZ 数据库。  
该应用程序在计划维护事件期间，每次数据库发生故障转移时，都会变得不可用几分钟。  
SysOps 管理员应该做什么，以减少故障转移期间应用程序的停机时间？"
435,A SysOps administrator has noticed millions of LIST requests on an Amazon S3 bucket.  Which services or features can the administrator use to investigate where the requests are coming from? (Choose two.),AD,AWS CloudTrail data events,Amazon EventBridge,AWS Health Dashboard,Amazon S3 server access logging,AWS Trusted Advisor,,"一名 SysOps 管理员注意到在一个 Amazon S3 bucket 上有数百万的 LIST 请求。  
哪个服务或功能可以让管理员用来调查请求来自哪里？（选择两个。）",AWS CloudTrail 数据事件,Amazon EventBridge,AWS Health Dashboard,Amazon S3 服务器 访问 记录,AWS Trusted Advisor,nan,"一名 SysOps 管理员注意到在一个 Amazon S3 bucket 上有数百万的 LIST 请求。  
哪个服务或功能可以让管理员用来调查请求来自哪里？（选择两个。）"
436,"A SysOps administrator configures VPC flow logs to publish to Amazon CloudWatch Logs. The SysOps administrator reviews the logs in CloudWatch Logs and notices less traffic than expected. After the SysOps administrator compares the VPC flow logs to logs that were captured on premises, the SysOps administrator believes that the VPC flow logs are incomplete.  Which of the following is a possible reason for the difference in traffic?",D,CloudWatch Logs throttling has been applied.,The CloudWatch IAM role does not have a trust relationship with the VPC flow logs service.,The VPC flow log is still in the process of being created.,VPC flow logs cannot capture traffic from on-premises servers to a VPC.,,,"一名 SysOps 管理员配置 VPC flow logs 以发布到 Amazon CloudWatch Logs。  
The SysOps administrator reviews the logs in CloudWatch Logs and notices less traffic than expected.  
SysOps 管理员在 CloudWatch Logs 中查看日志并注意到比预期更少的流量。  
After the SysOps administrator compares the VPC flow logs to logs that were captured on premises, the SysOps administrator believes that the VPC flow logs are incomplete.  
在 SysOps 管理员将 VPC flow logs 与在本地捕获的日志进行比较后，SysOps 管理员相信 VPC flow logs 不完整。  
Which of the following is a possible reason for the difference in traffic?  
以下哪一项可能是流量差异的原因？",CloudWatch Logs 限流 已经 被 应用。,The CloudWatch IAM role 不具有 信任 关系 与 VPC flow logs 服务。,VPC 流日志 仍然 在 创建 过程 中。,VPC 流量日志 不能 记录 捕获 流量 从 本地 服务器 到 一个 VPC 。,nan,nan,"一名 SysOps 管理员配置 VPC flow logs 以发布到 Amazon CloudWatch Logs。  
The SysOps administrator reviews the logs in CloudWatch Logs and notices less traffic than expected.  
SysOps 管理员在 CloudWatch Logs 中查看日志并注意到比预期更少的流量。  
After the SysOps administrator compares the VPC flow logs to logs that were captured on premises, the SysOps administrator believes that the VPC flow logs are incomplete.  
在 SysOps 管理员将 VPC flow logs 与在本地捕获的日志进行比较后，SysOps 管理员相信 VPC flow logs 不完整。  
Which of the following is a possible reason for the difference in traffic?  
以下哪一项可能是流量差异的原因？"
437,"A company's SysOps administrator uses AWS IAM Identity Center (AWS Single Sign-On) to connect to an Active Directory. The SysOps administrator creates a new account that all the company's users need to access.  The SysOps administrator uses the Active Directory Domain Users group for permissions to the new account because all users are already members of the group. When users try to log in, their access is denied.  Which action will resolve this access issue?",D,Create a new group. Add users to the new group to provide access.,Correct the time on the Active Directory domain controllers.,Remove the account. Re-add the account to the organization that is integrated with IAM Identity Center.,Correct the permissions on the Active Directory group so that IAM Identity Center has read access.,,,"一家公司 的 SysOps 管理员 使用 AWS IAM Identity Center (AWS Single Sign-On) 来 连接 到 一个 Active Directory 。  
SysOps 管理员 创建 一个 新的 账户 ， 这个 账户 所有 的 公司的 用户 需要 访问 。  
SysOps 管理员 使用 Active Directory Domain Users 组 来 获取 权限 给 新的 账户 ， 因为 所有 用户 已经 是 该 组 的 成员 。  
当 用户 尝试 登录 时 ， 他们 的 访问 被 拒绝 。  
哪个 操作 将 解决 这个 访问 问题 ？",创建 一个 新的 组。 添加 用户 到 新的 组 以 提供 访问。,纠正 活动目录 域控制器 上 的 时间 。,删除 该 账户 。 重新 添加 该 账户 到 与 IAM Identity Center 集成 的 组织 。,修正 权限 在 Active Directory 组 以便 IAM Identity Center 拥有 读取 访问。,nan,nan,"一家公司 的 SysOps 管理员 使用 AWS IAM Identity Center (AWS Single Sign-On) 来 连接 到 一个 Active Directory 。  
SysOps 管理员 创建 一个 新的 账户 ， 这个 账户 所有 的 公司的 用户 需要 访问 。  
SysOps 管理员 使用 Active Directory Domain Users 组 来 获取 权限 给 新的 账户 ， 因为 所有 用户 已经 是 该 组 的 成员 。  
当 用户 尝试 登录 时 ， 他们 的 访问 被 拒绝 。  
哪个 操作 将 解决 这个 访问 问题 ？"
438,A SysOps administrator has an Amazon S3 website and wants to restrict access to a single Amazon CloudFront distribution. Visitors to the website should not be able to circumvent CloudFront or view the S3 website directly from the bucket.  Which AWS service or feature will meet these requirements?,D,S3 bucket ACL,AWS Firewall Manager,Amazon Route 53 private hosted zone,Origin access identity (OAI),,,一名 SysOps 管理员拥有一个 Amazon S3 网站，并且想要限制访问到单一的 Amazon CloudFront 分发。访问该网站的访客不应该能够绕过 CloudFront 或直接从存储桶中查看 S3 网站。 哪个 AWS 服务或功能将满足这些要求？,S3 bucket ACL,AWS Firewall Manager,Amazon Route 53 私有托管区域,源访问身份（OAI）,nan,nan,一名 SysOps 管理员拥有一个 Amazon S3 网站， 并且想要限制访问到单一的 Amazon CloudFront 分发。 访问该网站的访客不应该能够绕过 CloudFront 或直接从存储桶中查看 S3 网站。 哪个 AWS 服务或功能将满足这些要求？
440,"A global company wants to allow anyone in the world to upload videos from a mobile phone. The company's mobile app uploads the videos across the public internet to an Amazon S3 bucket in the us-east-1 Region for further processing.Videos that users upload from locations that are distant from us-east-1 have slower upload speeds than videos that users upload from close to us-east-1. In many cases, the slow uploads cause users from the distant locations to cancel their uploads.Which solution will improve the upload speeds for the users from distant locations?",A,Enable S3 Transfer Acceleration on the S3 bucket. Change the mobile app to use the S3 Transfer Acceleration endpoint for uploads.,Create an S3 access point for the S3 bucket in several AWS Regions across the world. Change the mobile app to use the S3 access point endpoint for uploads.,Use S3 Select on the S3 bucket. Change the mobile app to use the S3 Select global endpoint for uploads. ,Create new public Network Load Balancers (NLBs) in several AWS Regions across the world. Specify the S3 bucket as the target of the NLBs. Change the mobile app to use the closest NLB for uploads.,,,一个全球公司想要允许世界上的任何人用手机上传视频。 该公司的移动应用程序通过公共互联网将视频上传到位于 us-east-1 区域的 Amazon S3 桶，以进行进一步处理。 来自远离 us-east-1 地点的用户上传的视频比来自靠近 us-east-1 的用户上传的视频速度更慢。 在许多情况下，缓慢的上传导致来自远距离地点的用户取消他们的上传。 哪个解决方案将改善来自远距离地点用户的上传速度？,在 S3 bucket 上启用 S3 Transfer Acceleration。将移动应用程序更改为使用 S3 Transfer Acceleration endpoint 进行上传。,"在全球多个 AWS 区域为 S3 bucket 创建一个 S3 access point。  
更改移动应用程序以使用 S3 access point endpoint 进行上传。",在 S3 bucket 上使用 S3 Select。将移动应用程序更改为使用 S3 Select 全局端点进行上传。,在全球多个 AWS Regions 中创建新的公共 Network Load Balancers (NLBs)。 指定 S3 bucket 作为 NLBs 的目标。 改变移动应用程序以使用最近的 NLB 进行上传。,nan,nan,"一个全球公司想要允许世界上的任何人用手机上传视频。  
The company wants to allow anyone in the world to upload videos using their mobile phones.  

该公司的移动应用程序通过公共互联网将视频上传到位于 us-east-1 区域的 Amazon S3 桶，以进行进一步处理。  
The company's mobile application uploads videos to Amazon S3 buckets located in the us-east-1 region via the public internet for further processing.  

来自远离 us-east-1 地点的用户上传的视频比来自靠近 us-east-1 的用户上传的视频速度更慢。  
Videos uploaded by users far from the us-east-1 location are slower than videos uploaded by users close to us-east-1.  

在许多情况下，缓慢的上传导致来自远距离地点的用户取消他们的上传。  
In many cases, slow uploads cause users from distant locations to cancel their uploads.  

哪个解决方案将改善来自远距离地点用户的上传速度？  
Which solution will improve upload speeds for users from distant locations?"
441,A company is using AWS Certificate Manager (ACM) to manage public SSL/TLS certificates. A SysOps administrator needs to send an email notification when a certificate has less than 14 days until expiration.  Which solution will meet this requirement with the LEAST operational overhead?,B,Create an Amazon CloudWatch custom metric to monitor certificate expiration for all ACM certificates. Create an Amazon EventBridge rule that has an event source of aws.cloudwatch. Configure the rule to send an event to a target Amazon Simple Notification Service (Amazon SNS) topic if the DaysToExpiry metric is less than 14. Subscribe the appropriate email addresses to the SNS topic.,Create an Amazon EventBridge rule that has an event source of aws.acm. Configure the rule to evaluate the DaysToExpiry metric for all ACM certificates. Configure the rule to send an event to a target Amazon Simple Notification Service (Amazon SNS) topic if DaysToExpiry is less than 14. Subscribe the appropriate email addresses to the SNS topic.,"Create an Amazon CloudWatch dashboard that displays the DaysToExpiry metric for all ACM certificates. If DaysToExpiry is less than 14, send an email message to the appropriate email addresses. Send the email message by running a predefined CLI command to publish to an Amazon Simple Notification Service (Amazon SNS) topic.",Create an Amazon EventBridge rule that has an event source of aws.acm. Configure the rule to evaluate the DaysToExpiry metric for all ACM certificates. Configure a target SMS identity that uses a predefined email template. Configure the rule to send an event to the target SMS identity if DaysToExpiry is less than 14.,,,"一家公司正在使用 AWS Certificate Manager (ACM) 来管理公共 SSL/TLS 证书。  
一名 SysOps 管理员需要在证书距离到期少于 14 天时发送电子邮件通知。  
哪种解决方案将以最少的运营开销满足此要求？","创建一个 Amazon CloudWatch 自定义指标，用于监控所有 ACM 证书的到期时间。  
创建一个 Amazon EventBridge 规则，其事件源为 aws.cloudwatch。  
配置该规则，当 DaysToExpiry 指标小于 14 时，将事件发送到目标 Amazon Simple Notification Service (Amazon SNS) 主题。  
将适当的电子邮件地址订阅到 SNS 主题。",创建一个 Amazon EventBridge 规则，该规则的事件源为 aws.acm。配置该规则以评估所有 ACM 证书的 DaysToExpiry 指标。配置该规则以在 DaysToExpiry 小于 14 时向目标 Amazon Simple Notification Service (Amazon SNS) 主题发送事件。将适当的电子邮件地址订阅到 SNS 主题。,"创建一个 Amazon CloudWatch dashboard，该 dashboard 显示所有 ACM 证书的 DaysToExpiry 指标。  
如果 DaysToExpiry 小于 14，向适当的电子邮件地址发送电子邮件消息。  
通过运行预定义的 CLI 命令向 Amazon Simple Notification Service (Amazon SNS) 主题发布，发送电子邮件消息。",创建一个 Amazon EventBridge 规则，该规则具有事件源 aws.acm。配置该规则以评估所有 ACM 证书的 DaysToExpiry 指标。配置一个使用预定义电子邮件模板的目标 SMS 身份。配置该规则以在 DaysToExpiry 小于 14 时向目标 SMS 身份发送事件。,nan,nan,"一家公司正在使用 AWS Certificate Manager (ACM) 来管理公共 SSL/TLS 证书。  
一名 SysOps 管理员需要在证书距离到期少于 14 天时发送电子邮件通知。  
哪种解决方案将以最少的运营开销满足此要求？"
442,"A SysOps administrator created an AWS CloudFormation template that provisions an Amazon EventBridge rule that invokes an AWS Lambda function. The Lambda function is designed to write event details to an Amazon CloudWatch log group. The function has permissions to write events to Amazon CloudWatch Logs. However, the SysOps administrator discovered that the Lambda function is not running.  How should the SysOps administrator resolve the problem?",C,Update the CloudFormation stack to include an AWS::IAM::Role resource with the required IAM permissions for EventBridge to invoke the function. Assign the role to the EventBridge rule.,Update the CloudFormation stack to include an AWS::IAM::Role resource with the required IAM permissions for the function. Assign the role as the function execution role.,Update the CloudFormation stack with an AWS::Lambda::Permission resource to ensure events.amazonaws.com has permissions to invoke the function.,Update the CloudFormation stack with an AWS::Lambda::Permission resource to ensure lambda.amazonaws.com has permissions to invoke the function.,,,"一名 SysOps 管理员创建了一个 AWS CloudFormation 模板，该模板配置了一个 Amazon EventBridge 规则，该规则调用一个 AWS Lambda 函数。  
该 Lambda 函数被设计为将事件详情写入 Amazon CloudWatch 日志组。  
该函数具有向 Amazon CloudWatch Logs 写入事件的权限。  
然而，SysOps 管理员发现 Lambda 函数没有运行。  
SysOps 管理员应该如何解决这个问题？",更新 CloudFormation 堆栈以包括一个 AWS::IAM::Role 资源，具有 EventBridge 调用函数所需的 IAM 权限。将角色分配给 EventBridge 规则。,更新 CloudFormation 堆栈以包括一个 AWS::IAM::Role 资源，具有函数所需的 IAM 权限。将该角色分配为函数执行角色。,使用 AWS::Lambda::Permission 资源更新 CloudFormation 堆栈，以确保 events.amazonaws.com 拥有调用该函数的权限。,使用 AWS::Lambda::Permission 资源更新 CloudFormation 堆栈，以确保 lambda.amazonaws.com 拥有调用该函数的权限。,nan,nan,"一名 SysOps 管理员创建了一个 AWS CloudFormation 模板，该模板配置了一个 Amazon EventBridge 规则，该规则调用一个 AWS Lambda 函数。  
该 Lambda 函数被设计为将事件详情写入 Amazon CloudWatch 日志组。  
该函数具有向 Amazon CloudWatch Logs 写入事件的权限。  
然而，SysOps 管理员发现 Lambda 函数没有运行。  
SysOps 管理员应该如何解决这个问题？"
443,A company has an Amazon EC2 instance that has high CPU utilization. The EC2 instance is a t3.large instance and is running a test web application. The company discovers that the web application would operate better on a compute optimized large instance.  What should a SysOps administrator do to make this change?,C,Migrate the EC2 instance to a compute optimized instance by using AWS VM Import/Export.,Enable hibernation on the EC2 instance. Change the instance type to a compute optimized instance. Disable hibernation on the EC2 instance.,Stop the EC2 instance. Change the instance type to a compute optimized instance. Start the EC2 instance.,Change the instance type to a compute optimized instance while the EC2 instance is running.,,,"一家公司拥有一个 Amazon EC2 实例，该实例具有高 CPU 利用率。  
该 EC2 实例是一个 t3.large 实例，并且正在运行一个测试网页应用程序。  
该公司发现，网页应用程序在一个计算优化的大实例上会运行得更好。  
SysOps 管理员应该做什么以实现这个更改？",通过使用 AWS VM Import/Export 将 EC2 实例迁移到计算优化实例。,在 EC2 实例上启用休眠。将实例类型更改为计算优化实例。在 EC2 实例上禁用休眠。,停止 EC2 实例。更改实例类型为计算优化实例。启动 EC2 实例。,在 EC2 实例正在运行时，将实例类型更改为计算优化实例。,nan,nan,"一家公司拥有一个 Amazon EC2 实例，该实例具有高 CPU 利用率。  
该 EC2 实例是一个 t3.large 实例，并且正在运行一个测试网页应用程序。  
该公司发现，网页应用程序在一个计算优化的大实例上会运行得更好。  
SysOps 管理员应该做什么以实现这个更改？"
444,"A development team created and deployed a new AWS Lambda function 15 minutes ago. Although the function was invoked many times, Amazon CloudWatch Logs are not showing any log messages.  What is one cause of this?",B,The developers did not enable log messages for this Lambda function.,The Lambda function's role does not include permissions to create CloudWatch Logs items.,The Lambda function raises an exception before the first log statement has been reached.,The Lambda functions creates local log files that have to be shipped to CloudWatch Logs first before becoming visible.,,,"一个开发团队创建并部署了一个新的 AWS Lambda 函数 15 分钟前。  
虽然该函数被调用了多次，  
Amazon CloudWatch Logs 并没有显示任何日志消息。  
这是什么原因之一？",开发者 did not enable log messages for this Lambda function。,Lambda 函数的角色 does not 包含 permissions to 创建 CloudWatch Logs 项目。,Lambda 函数 在 达到 第一个 日志 语句 之前 引发 了 一个 异常 。,Lambda functions 创建 本地 日志 文件 ， 这些 必须 被 传送 到 CloudWatch Logs 首先 ， 之后 才 能 变得 可见 。,nan,nan,"一个开发团队创建并部署了一个新的 AWS Lambda 函数 15 分钟前。  
虽然该函数被调用了多次，  
Amazon CloudWatch Logs 并没有显示任何日志消息。  
这是什么原因之一？"
445,"A company observes that a newly created Amazon CloudWatch alarm is not transitioning out of the INSUFFICIENT_DATA state. The alarm was created to track the mem_used_percent metric from an Amazon EC2 instance that is deployed in a public subnet.  A review of the EC2 instance shows that the unified CloudWatch agent is installed and is running. However, the metric is not available in CloudWatch. A SysOps administrator needs to implement a solution to resolve this problem.  Which solution will meet these requirements?",B,Enable CloudWatch detailed monitoring for the EC2 instance,Create an IAM instance profile that contains CloudWatch permissions. Add the instance profile to the EC2 instance,Migrate the EC2 instance into a private subnet,Create an IAM user that has an access key ID and a secret access key. Update the unified CloudWatch agent configuration file to use those credentials,,,"一家公司观察到一个新创建的 Amazon CloudWatch alarm 没有从 INSUFFICIENT_DATA 状态过渡出来。  
该 alarm 被创建用来跟踪来自部署在公共子网中的 Amazon EC2 实例的 mem_used_percent metric。  
对 EC2 实例的审查显示，已安装并运行了统一的 CloudWatch agent。  
然而，metric 在 CloudWatch 中不可用。  
一名 SysOps administrator 需要实施一个解决方案以解决这个问题。  
哪种解决方案可以满足这些要求？",启用 CloudWatch 详细监控 对于 EC2 实例,创建 一个 IAM 实例配置文件 ， 其中 包含 CloudWatch 权限 。 添加 该 实例配置文件 到 EC2 实例,将 EC2 实例迁移到私有子网,创建 一个 IAM 用户 那个 有 一个 access key ID 和 一个 secret access key 。 更新 那个 统一 的 CloudWatch agent 配置文件 以 使用 那些 凭证,nan,nan,"一家公司观察到一个新创建的 Amazon CloudWatch alarm 没有从 INSUFFICIENT_DATA 状态过渡出来。  
该 alarm 被创建用来跟踪来自部署在公共子网中的 Amazon EC2 实例的 mem_used_percent metric。  
对 EC2 实例的审查显示，已安装并运行了统一的 CloudWatch agent。  
然而，metric 在 CloudWatch 中不可用。  
一名 SysOps administrator 需要实施一个解决方案以解决这个问题。  
哪种解决方案可以满足这些要求？"
446,A company is uploading important files as objects to Amazon S3. The company needs to be informed if an object is corrupted during the upload.  What should a SysOps administrator do to meet this requirement?,B,Pass the Content-Disposition value as a request body during the object upload,Pass the Content-MD5 value as a request header during the object upload,Pass x-amz-object-lock-mode as a request header during the object upload,Pass x-amz-server-side-encryption-customer-algorithm as a request body during the object upload,,,"一家公司正在将重要文件作为对象上传到 Amazon S3。  
该公司需要在对象在上传过程中被损坏时得到通知。  
SysOps 管理员应该做什么以满足这个要求？",在对象上传期间，将 Content-Disposition 值作为请求体传递,在对象上传期间，将 Content-MD5 值作为请求头传递,在对象上传期间，将 x-amz-object-lock-mode 作为请求头传递,在对象上传期间，将 x-amz-server-side-encryption-customer-algorithm 作为请求正文传递,nan,nan,"一家公司正在将重要文件作为对象上传到 Amazon S3。  
The company is uploading important files as objects to Amazon S3。  
该公司需要在对象在上传过程中被损坏时得到通知。  
The company needs to be notified when objects are corrupted during the upload process。  
SysOps 管理员应该做什么以满足这个要求？  
What should the SysOps administrator do to meet this requirement？"
447,A SysOps administrator needs to create a report that shows how many bytes are sent to and received from each target group member for an Application Load Balancer (ALB).  Which combination of steps should the SysOps administrator take to meet these requirements? (Choose two.),AC,Enable access logging for the ALB. Save the logs to an Amazon S3 bucket.,Install the Amazon CloudWatch agent on the instances in the target group.,Use Amazon Athena to query the ALB logs. Query the table. Use the received_bytes and sent_bytes fields to calculate the total bytes grouped by the target port field.,Use Amazon Athena to query the ALB logs. Query the table. Use the received_bytes and sent_bytes fields to calculate the total bytes grouped by the client port field.,Create an Amazon CloudWatch dashboard that shows the Sum statistic of the ProcessedBytes metric for the ALB.,,"一名 SysOps 管理员需要创建一份报告，显示每个目标组成员向 Application Load Balancer (ALB) 发送和接收了多少字节。  
哪一组合步骤，SysOps 管理员应采取以满足这些要求？（选择两个。）",为 ALB 启用访问日志记录。将日志保存到一个 Amazon S3 bucket。,在目标组中的实例上安装 Amazon CloudWatch agent。,使用 Amazon Athena 来查询 ALB 日志。查询 表。使用 received_bytes 和 sent_bytes 字段 来 计算 总字节 数，按 目标端口 字段 分组。,使用 Amazon Athena 来查询 ALB 日志。查询 表。使用 received_bytes 和 sent_bytes 字段 来 计算 总字节 数 按 客户端端口 字段 分组。,创建一个 Amazon CloudWatch 仪表板，显示 ALB 的 ProcessedBytes 指标的 Sum 统计。,nan,"一名 SysOps 管理员 需要 创建 一份 报告，显示 每个 目标组 成员 向 Application Load Balancer (ALB)  发送 和 接收 了 多少 字节。  
哪一 组合 步骤，SysOps 管理员 应 采取 以 满足 这些 要求？（选择 两个。）"
448,A company runs thousands of Amazon EC2 instances that are based on the Amazon Linux 2 Amazon Machine Image (AMI). A SysOps administrator must implement a solution to record commands and output from any user that needs an interactive session on one of the EC2 instances. The solution must log the data to a durable storage location. The solution also must provide automated notifications and alarms that are based on the log data.  Which solution will meet these requirements with the MOST operational efficiency?,C,Configure command session logging on each EC2 instance. Configure the unified Amazon CloudWatch agent to send session logs to Amazon CloudWatch Logs. Set up query filters and alerts by using Amazon Athena.,Require all users to use a central bastion host when they need command line access to an EC2 instance. Configure the unified Amazon CloudWatch agent on the bastion host to send session logs to Amazon CloudWatch Logs. Set up a metric filter and a metric alarm for relevant security findings in CloudWatch Logs.,Require all users to use AWS Systems Manager Session Manager when they need command line access to an EC2 instance. Configure Session Manager to stream session logs to Amazon CloudWatch Logs. Set up a metric filter and a metric alarm for relevant security findings in CloudWatch Logs.,Configure command session logging on each EC2 instance. Require all users to use AWS Systems Manager Run Command documents when they need command line access to an EC2 instance. Configure the unified Amazon CloudWatch agent to send session logs to Amazon CloudWatch Logs. Set up CloudWatch alarms that are based on Amazon Athena query results.,,,一家公司运行数千个基于 Amazon Linux 2 Amazon Machine Image (AMI) 的 Amazon EC2 实例。 一名 SysOps 管理员必须实施一个解决方案，以记录任何需要在其中一个 EC2 实例上进行交互式会话的用户的命令和输出。 该解决方案必须将数据记录到一个持久存储位置。 该解决方案还必须提供基于日志数据的自动通知和警报。 哪个解决方案将以最高的操作效率满足这些要求？,"在每个 EC2 实例上配置命令会话日志记录。  
配置统一的 Amazon CloudWatch agent 以将会话日志发送到 Amazon CloudWatch Logs。  
使用 Amazon Athena 设置查询过滤器和警报。",要求所有用户在需要命令行访问 EC2 实例时使用一个中央 bastion host。 配置在 bastion host 上的统一 Amazon CloudWatch agent 以将会话日志发送到 Amazon CloudWatch Logs。 设置一个指标过滤器和一个指标警报，用于 CloudWatch Logs 中相关的安全发现。,要求所有用户在需要对 EC2 实例进行命令行访问时都使用 AWS Systems Manager Session Manager。配置 Session Manager 以将会话日志流式传输到 Amazon CloudWatch Logs。设置一个指标过滤器和一个指标警报，用于 CloudWatch Logs 中相关的安全发现。,在每个 EC2 实例上配置命令会话日志记录。要求所有用户在需要命令行访问 EC2 实例时使用 AWS Systems Manager Run Command 文档。配置统一的 Amazon CloudWatch agent 以将会话日志发送到 Amazon CloudWatch Logs。设置基于 Amazon Athena 查询结果的 CloudWatch 警报。,nan,nan,"一家公司运行数千个基于 Amazon Linux 2 Amazon Machine Image (AMI) 的 Amazon EC2 实例。  
一名 SysOps 管理员必须实施一个解决方案，以记录任何需要在其中一个 EC2 实例上进行交互式会话的用户的命令和输出。  
该解决方案必须将数据记录到一个持久存储位置。  
该解决方案还必须提供基于日志数据的自动通知和警报。  
哪个解决方案将以最高的操作效率满足这些要求？"
449,A company that uses AWS Organizations recently implemented AWS Control Tower'The company now needs to centralize identity management. A SysOps administrator must federate AWS 'AM Identity Center with an external SAML 2.0 identity provider (IdP) to centrally manage access to all the company's accounts and cloud applications.  Which prerequisites must the SysOps administrator have so that the SysOps administrator can connect to the external IdP? (Choose two.),AB,A copy of the IAM identity Center SAML metadata,The IdP metadata including the public X 509 certificate,The IP address of the IdP,Root access to the management account,Administrative permissions to the member accounts of the organization,,一家公司最近实施了 AWS Control Tower，使用 AWS Organizations，The company 现在需要集中管理身份。一个 SysOps 管理员必须联合 AWS 'AM Identity Center 与一个外部的 SAML 2.0 身份提供者（IdP），以集中管理对所有公司的账户和云应用程序的访问。 哪些先决条件必须由 SysOps 管理员具备，以便 SysOps 管理员可以连接到外部的 IdP？（选择两个。）,一份 IAM identity Center SAML 元数据的副本,IdP 元数据 包括 公共 X 509 证书,IdP 的 IP 地址,对管理账户的Root访问权限,对组织的成员账户的管理权限,nan,"一家公司最近实施了 AWS Control Tower，使用 AWS Organizations，  
The company 现在需要集中管理身份。  
一个 SysOps 管理员必须联合 AWS IAM Identity Center 与一个外部的 SAML 2.0 身份提供者（IdP），  
以集中管理对所有公司的账户和云应用程序的访问。  
哪些先决条件必须由 SysOps 管理员具备，  
以便 SysOps 管理员可以连接到外部的 IdP？（选择两个。）"
450,A company recently moved its server infrastructure to Amazon EC2 instances. The company wants to use Amazon CloudWatch Logs to track the instance logs.  What should a SysOps administrator do to meet this requirement in compliance with AWS best practices?,B,Configure CloudWatch from the AWS Management Console for the instances. Wait for AWS to automatically install and configure the agents for the instances,Install and configure the CloudWatch agent on the instances. Attach an IAM role to allow the instances to write logs to CloudWatch,Install and configure the CloudWatch agent on the instances. Attach an IAM user to allow the instances to write logs to CloudWatch,Install and configure the CloudWatch agent on the instances. Attach the necessary security groups to allow the instances to write logs to CloudWatch,,,"一家公司最近将其服务器基础设施迁移到 Amazon EC2 实例。  
该公司想要使用 Amazon CloudWatch Logs 来跟踪实例日志。  
SysOps 管理员应该做什么以满足这个要求并符合 AWS 最佳实践？",从 AWS 管理控制台为实例配置 CloudWatch。等待 AWS 自动安装并配置实例的 agents。,在实例上安装并配置 CloudWatch agent。 附加一个 IAM role 以允许实例写入日志到 CloudWatch,在实例上安装并配置 CloudWatch agent。 附加一个 IAM 用户以允许实例写入日志到 CloudWatch,在实例上安装并配置 CloudWatch agent。附加必要的安全组以允许实例向 CloudWatch 写入日志。,nan,nan,"一家公司最近将其服务器基础设施迁移到 Amazon EC2 实例。  
该公司想要使用 Amazon CloudWatch Logs 来跟踪实例日志。  
SysOps 管理员应该做什么以满足这个要求并符合 AWS 最佳实践？"
451,"A company uses AWS CloudFormation to deploy its infrastructure. The company recently retired an application. A cloud operations engineer initiates CloudFormation stack deletion, and the stack gets stuck in DELETE_FAILED status.  A SysOps administrator discovers that the stack had deployed a security group. The security group is referenced by other security groups in the environment. The SysOps administrator needs to delete the stack without affecting other applications.  Which solution will meet these requirements in the MOST operationally efficient manner?",C,Create a new security group that has a different name. Apply identical rules to the new security group. Replace all other security groups that reference the new security group Delete the stack.,Create a CloudFormation change set to delete the security group. Deploy the change set.,Delete the stack again. Specify that the security group be retained.,Perform CloudFormation drift detection. Delete the stack.,,,"一家公司使用 AWS CloudFormation 来部署其基础设施。  
The company recently retired an application.  
一家公司最近退役了一个应用程序。  
A cloud operations engineer initiates CloudFormation stack deletion, and the stack gets stuck in DELETE_FAILED status.  
一名云操作工程师启动 CloudFormation stack 删除，且该堆栈卡在 DELETE_FAILED 状态。  
A SysOps administrator discovers that the stack had deployed a security group.  
一名 SysOps 管理员发现该堆栈曾部署一个 security group。  
The security group is referenced by other security groups in the environment.  
该 security group 被环境中的其他 security groups 引用。  
The SysOps administrator needs to delete the stack without affecting other applications.  
SysOps 管理员需要删除该堆栈而不影响其他应用程序。  
Which solution will meet these requirements in the MOST operationally efficient manner?  
哪种解决方案将以最具操作效率的方式满足这些要求？",创建一个具有不同名称的新 security group。应用相同的规则到新的 security group。替换所有引用新 security group 的其他 security groups。删除 stack。,创建一个 CloudFormation 变更集以删除 security group。 部署 变更集。,再次删除该堆栈。 指定该安全组被保留。,执行 CloudFormation 漂移检测。删除 该 堆栈。,nan,nan,"一家公司使用 AWS CloudFormation 来部署其基础设施。  
The company recently retired an application.  
一家公司最近退役了一个应用程序。  
A cloud operations engineer initiates CloudFormation stack deletion, and the stack gets stuck in DELETE_FAILED status.  
一名云操作工程师启动 CloudFormation stack 删除，且该堆栈卡在 DELETE_FAILED 状态。  
A SysOps administrator discovers that the stack had deployed a security group.  
一名 SysOps 管理员发现该堆栈曾部署一个 security group。  
The security group is referenced by other security groups in the environment.  
该 security group 被环境中的其他 security groups 引用。  
The SysOps administrator needs to delete the stack without affecting other applications.  
SysOps 管理员需要删除该堆栈而不影响其他应用程序。  
Which solution will meet these requirements in the MOST operationally efficient manner?  
哪种解决方案将以最具操作效率的方式满足这些要求？"
452,A company needs to monitor its website's availability to end users. The company needs a solution to provide an Amazon Simple Notification Service (Amazon SNS) notification if the website's uptime decreases to less than 99%. The monitoring must provide an accurate view of the user experience on the website.  Which solution will meet these requirements?,C,Create an Amazon CloudWatch alarm that is based on the website's logs that are published to a CloudWatch Logs log group. Configure the alarm to publish an SNS notification if the number of HTTP 4xx errors and 5xx errors exceeds a specified threshold.,Create an Amazon CloudWatch alarm that is based on the website's published metrics in CloudWatch. Configure the alarm to publish an SNS notification that is based on anomaly detection.,Create an Amazon CloudWatch Synthetics heartbeat monitoring canary. Associate the canary with the website's URL for end users. Create a CloudWatch alarm for the canary. Configure the alarm to publish an SNS notification if the value of the SuccessPercent metric is less than 99%.,Create an Amazon CloudWatch Synthetics broken link checker monitoring canary. Associate the canary with the website's URL for end users. Create a CloudWatch alarm for the canary. Configure the alarm to publish an SNS notification if the value of the SuccessPercent metric is less than 99%.,,,"一家公司需要监控其网站的可用性给终端用户。  
The company needs a solution to provide an Amazon Simple Notification Service (Amazon SNS) notification if the website's uptime decreases to less than 99%。  
该监控必须提供网站上用户体验的准确视图。  
Which solution will meet these requirements?","创建一个基于发布到 Amazon CloudWatch Logs 日志组的网页日志的 Amazon CloudWatch alarm。  
配置该 alarm 以在 HTTP 4xx 错误和 5xx 错误的数量超过指定阈值时发布 SNS 通知。","创建一个 Amazon CloudWatch 警报，该警报基于在 CloudWatch 中发布的网站指标。  
配置该警报以发布一个 SNS 通知，该通知基于异常检测。",创建一个 Amazon CloudWatch Synthetics heartbeat 监控 canary。将 canary 与终端用户的网站的 URL 关联。为 canary 创建一个 CloudWatch 警报。配置该警报，如果 SuccessPercent 指标的值小于 99%，则发布 SNS 通知。,创建一个 Amazon CloudWatch Synthetics broken link checker 监控 canary。将 canary 与终端用户的网站的 URL 关联。为 canary 创建一个 CloudWatch 警报。配置该警报，如果 SuccessPercent 指标的值小于 99%，则发布 SNS 通知。,nan,nan,"一家公司需要监控其网站的可用性给终端用户。  
The company needs a solution to provide an Amazon Simple Notification Service (Amazon SNS) notification if the website's uptime decreases to less than 99%。  
该监控必须提供网站上用户体验的准确视图。  
Which solution will meet these requirements?"
453,A company needs to track spending in its AWS account. The company must receive a notification when current costs and forecasted costs exceed specific thresholds.  Which solution will meet these requirements with the LEAST operational overhead?,D,Create a new IAM role. Attach the AWSPurchaseOrdersServiceRolePolicy AWS managed policy to the role. Check AWS Cost Explorer on a regular basis to monitor current costs and forecasted costs.,Create an AWS Cost and Usage Report. Create an AWS Step Functions state machine that runs when a new usage file is generated. Configure the state machine to pass the data to Amazon Forecast and to invoke an AWS Lambda function. Configure the Lambda function to parse the data and to send a notification to an Amazon Simple Notification Service (Amazon SNS) topic if costs exceed the thresholds.,Create an AWS Cost and Usage Report. Separate the current costs and forecasted costs by service. Schedule the report to be sent to an Amazon Simple Notification Service (Amazon SNS) topic each month.,Create a recurring cost budget in AWS Budgets. Create an alert for the actual cost. Create a second alert for the forecasted costs. Configure an Amazon Simple Notification Service (Amazon SNS) topic to receive the alerts.,,,"一家公司需要跟踪其 AWS 账户中的支出。  
该公司必须在当前成本和预测成本超过特定阈值时接收通知。  
哪种解决方案将以最少的操作开销满足这些要求？",创建 一个 新的 IAM 角色。 附加 一个 AWSPurchaseOrdersServiceRolePolicy AWS 管理 策略 到 该 角色。 定期 检查 AWS Cost Explorer 以 监控 当前 成本 和 预测 成本。,创建一个 AWS Cost and Usage Report。创建一个 AWS Step Functions state machine，当生成新的 usage 文件时运行。配置该 state machine 将数据传递给 Amazon Forecast 并调用一个 AWS Lambda function。配置该 Lambda function 以解析数据并在成本超过阈值时向 Amazon Simple Notification Service (Amazon SNS) 主题发送通知。,创建一个 AWS Cost and Usage Report。将当前成本和预测成本按服务分开。安排报告每个月发送到一个 Amazon Simple Notification Service (Amazon SNS) 主题。,"在 AWS Budgets 中创建一个循环的成本预算。  
为实际成本创建一个警报。  
为预测成本创建第二个警报。  
配置一个 Amazon Simple Notification Service (Amazon SNS) 主题以接收这些警报。",nan,nan,"一家公司需要跟踪其 AWS 账户中的支出。  
该公司必须在当前成本和预测成本超过特定阈值时接收通知。  
哪种解决方案将以最少的操作开销满足这些要求？"
454,A company uses a multi-account structure in the AWS Cloud. The company's environment includes a shared account for common resources. The environment also includes a development account for new application development. The company uses Amazon Route 53 for DNS management. The company manages all its Route 53 hosted zones from the shared account.  A SysOps administrator needs to obtain a new SSL/TLS certificate for an application that is deployed in the development account.  What must the SysOps administrator do to meet this requirement?,C,Create a new AWS Key Management Service (AWS KMS) key in the shared account. Configure the key policy to give read access to the development account's root principal.,Request a new certificate by using AWS Certificate Manager (ACM) from the shared account. Use Route 53 from the shared account to create validation record sets in the relevant hosted zone.,Request a new certificate by using AWS Certificate Manager (ACM) from the development account. Use Route 53 from the shared account to create validation record sets in the relevant hosted zone.,Create a new AWS Key Management Service (AWS KMS) key in the development account. Configure the key policy to give read access to the shared account's root principal. Use Route 53 from the shared account to create a validation record set that references the Amazon Resource Name (ARN) of the KMS key.,,,"一家公司在 AWS Cloud 中使用多账户结构。  
The company's environment includes a shared account for common resources.  
该公司的环境还包括一个用于新应用程序开发的 development account。  
The company uses Amazon Route 53 for DNS management.  
该公司管理所有的 Route 53 hosted zones 从 shared account。  
A SysOps administrator needs to obtain a new SSL/TLS certificate for an application that is deployed in the development account。  
SysOps 管理员必须做什么以满足这个需求？","在共享账户中创建一个新的 AWS Key Management Service (AWS KMS) 密钥。  
配置密钥策略以授予开发账户的 root principal 读取访问权限。","通过使用 AWS Certificate Manager (ACM) 从共享账户请求一个新证书。  
使用 Route 53 从共享账户在相关的托管区域中创建验证记录集。","通过使用 AWS Certificate Manager (ACM) 从开发账户请求一个新证书。  
使用 Route 53 从共享账户在相关的托管区域中创建验证记录集。","在开发账户中创建一个新的 AWS Key Management Service (AWS KMS) 密钥。  
配置密钥策略以授予共享账户的 root principal 读取访问权限。  
使用 Route 53 从共享账户创建一个验证记录集，该记录集引用 KMS 密钥的 Amazon Resource Name (ARN)。",nan,nan,"一家公司在 AWS Cloud 中使用多账户结构。  
The 公司的 environment 包含 shared account 用于 common resources。  
该 公司的 environment 还包括 一个用于 new application 开发的 development account。  
The  company 使用 Amazon Route 53 用于 DNS management。  
该  company 管理 所有的 Route 53 hosted zones 从 shared account。  
A SysOps administrator 需要 获取 一个 new SSL/TLS certificate 用于 一个 在 development account 部署的 application。  
SysOps 管理员 必须 做 什么 以 满足 这个 需求？"
455,"A company's SysOps administrator is troubleshooting communication between the components of an application. The company configured VPC flow logs to be published to Amazon CloudWatch Logs. However, there are no logs in CloudWatch Logs.  What could be blocking the VPC flow logs from being published to CloudWatch Logs?",A,The IAM policy that is attached to the IAM role for the flow log is missing the logs CreateLogGroup permission,The IAM policy that is attached to the IAM role for the flow log is missing the logs CreateExportTask permission,The VPC is configured for IPv6 addresses,The VPC is peered with another VPC in the AWS account,,,"一家公司 的 SysOps 管理员 正在 排查 通信 之间 的 组件 的 应用程序。  
The company 配置 了 VPC flow logs 以 被 发布 到 Amazon CloudWatch Logs。  
然而， 目前 在 CloudWatch Logs 中 没有 日志。  
什么 可能 阻止 了 VPC flow logs 被 发布 到 CloudWatch Logs？",附加到 flow log 的 IAM 角色的 IAM policy 缺少 logs CreateLogGroup 权限,附加到 flow log 的 IAM 角色的 IAM policy 缺少 logs CreateExportTask 权限,VPC 被配置为 IPv6 地址,VPC 与另一个 VPC 在 AWS 账户中建立了对等连接,nan,nan,"一家公司 的 SysOps 管理员 正在 排查 通信 之间 的 组件 的 应用程序。  
The company 配置 了 VPC flow logs 以 被 发布 到 Amazon CloudWatch Logs。  
然而， 目前 在 CloudWatch Logs 中 没有 日志。  
什么 可能 阻止 了 VPC flow logs 被 发布 到 CloudWatch Logs？"
456,A company deploys a new application on three Amazon EC2 instances across three Availability Zones. The company uses a Network Load Balancer (NLB) to route traffic to the EC2 instances. A SysOps administrator must implement a solution so that the EC2 instances allow traffic from only the NLB.  What should the SysOps administrator do to meet these requirements with the LEAST operational overhead?,A,Configure the security group that is associated with the EC2 instances to allow traffic from only the security group that is associated with the NLB,Configure the security group that is associated with the EC2 instances to allow traffic from only the elastic network interfaces that are associated with the NLB,Create a network ACL Associate the network ACL with the application subnets. Configure the network ACL to allow inbound traffic from only the CIDR ranges of the NLB,Use a third-party firewall solution that is installed on a separate EC2 instance. Configure a firewall rule that allows traffic to the application's EC2 instances from only the subnets where the NLB is deployed.,,,"一家公司在三个 Amazon EC2 实例上部署一个新应用程序，跨越三个 Availability Zones。  
该公司使用一个 Network Load Balancer (NLB) 来路由流量到 EC2 实例。  
一个 SysOps 管理员必须实施一个解决方案，使得 EC2 实例只允许来自 NLB 的流量。  
该 SysOps 管理员应该做什么以以最少的操作开销满足这些要求？",配置与 EC2 实例相关联的安全组，以允许仅来自与 NLB 相关联的安全组的流量,配置 与 之 相关联 的 安全组 该 安全组 允许 流量 从 仅 这些 弹性 网络接口 与 之 相关联 的 NLB,创建一个网络ACL，将网络ACL与应用子网关联。配置网络ACL以仅允许来自NLB的CIDR范围的入站流量。,使用第三方防火墙解决方案，该方案安装在单独的 EC2 实例上。配置防火墙规则，允许流量仅从部署 NLB 的子网到应用程序的 EC2 实例。,nan,nan,"一家公司在三个 Amazon EC2 实例上部署一个新应用程序，跨越三个 Availability Zones。  
该公司使用一个 Network Load Balancer (NLB) 来路由流量到 EC2 实例。  
一个 SysOps 管理员必须实施一个解决方案，使得 EC2 实例只允许来自 NLB 的流量。  
该 SysOps 管理员应该做什么以以最少的操作开销满足这些要求？"
457,A company that uses ServiceNow has an AWS account where a sensitive workload runs. The necessary security groups are in place. The company needs to implement a solution to create an incident in ServiceNow every time the rules change in any security group.  Which solution will meet this requirement with the LEAST operational effort?,C,Create an Amazon CloudWatch alarm that enters ALARM state when security groups change. Configure the alarm to invoke an AWS Lambda function that connects to ServiceNow to create an incident.,Enable AWS Security Hub. Create an AWS Lambda function that connects to ServiceNow to create an incident. Create an Amazon EventBridge rule to detect security group changes. Configure the event type as Security Hub Findings - Custom Action. Configure the EventBridge rule to invoke the Lambda function.,Create an Amazon EventBridge rule to detect security group changes. Configure the event type as AWS API Call via CloudTrail. Configure the EventBridge rule to run the AWS-CreateServiceNowIncidentAWS Systems Manager Automation runbook to create an incident in ServiceNow.,Launch an Amazon EC2 instance that has a persistent connection to ServiceNow to detect security group changes. Export AWS CloudTrail logs to the EC2 instance. Write a bash script to run a scheduled cron job every 30 minutes to search the CloudTrail logs for security groups changes. Configure the EC2 instance to create an incident in ServiceNow when a change is detected.,,,"一家公司使用 ServiceNow 有一个 AWS 账户，在那里运行一个敏感的工作负载。  
The necessary security groups are in place.  
该公司需要实施一个解决方案，以在每次任何 security group 中的规则更改时在 ServiceNow 中创建一个 incident。  
Which solution will meet this requirement with the LEAST operational effort?",创建一个 Amazon CloudWatch 警报，当安全组更改时进入 ALARM 状态。配置该警报以调用一个 AWS Lambda 函数，该函数连接到 ServiceNow 以创建一个事件。,启用 AWS Security Hub。创建一个 AWS Lambda 函数，该函数连接到 ServiceNow 以创建一个事件。创建一个 Amazon EventBridge 规则以检测安全组更改。配置事件类型为 Security Hub Findings - Custom Action。配置 EventBridge 规则以调用 Lambda 函数。,创建一个 Amazon EventBridge 规则以检测安全组更改。配置事件类型为通过 CloudTrail 的 AWS API Call。配置 EventBridge 规则以运行 AWS-CreateServiceNowIncidentAWS Systems Manager Automation 运行簿，以在 ServiceNow 中创建事件。,"启动一个具有持久连接到 ServiceNow 的 Amazon EC2 实例，以检测安全组更改。  
导出 AWS CloudTrail 日志到 EC2 实例。  
编写一个 bash 脚本，每 30 分钟运行一次计划的 cron 任务，以搜索 CloudTrail 日志中的安全组更改。  
配置 EC2 实例，在检测到更改时在 ServiceNow 中创建一个事件。",nan,nan,"一家公司使用 ServiceNow 有一个 AWS 账户，在那里运行一个敏感的工作负载。  
The necessary security groups are in place.  
该公司需要实施一个解决方案，以在每次任何 security group 中的规则更改时在 ServiceNow 中创建一个 incident。  
Which solution will meet this requirement with the LEAST operational effort?"
458,A company needs to enforce tagging requirements for Amazon DynamoDB tables in its AWS accounts. A SysOps administrator must implement a solution to identify and remediate all DynamoDB tables that do not have the appropriate tags.  Which solution will meet these requirements with the LEAST operational overhead?,C,Create a custom AWS Lambda function to evaluate and remediate all DynamoDB tables. Create an Amazon EventBridge scheduled rule to invoke the Lambda function.,Create a custom AWS Lambda function to evaluate and remediate ail DynamoDB tables. Create an AWS Config custom rule to invoke the Lambda function.,Use the required-tags AWS Config managed rule to evaluate all DynamoDB tables for the appropriate tags. Configure an automatic remediation action that uses an AWS Systems Manager Automation custom runbook.,Create an Amazon EventBridge managed rule to evaluate all DynamoDB tables for the appropriate tags. Configure the EventBridge rule to run an AWS Systems Manager Automation custom runbook for remediation.,,,一家公司需要在其 AWS 账户中强制执行 Amazon DynamoDB 表的标签要求。 一名 SysOps 管理员必须实施一个解决方案，以识别并修复所有没有适当标签的 DynamoDB 表。 哪个解决方案将以最少的操作开销满足这些要求？,创建 一个 自定义 的 AWS Lambda 函数 ， 用于 评估 和 修复 所有 的 DynamoDB 表 。 创建 一个 Amazon EventBridge 定时 规则 ， 以 调用 该 Lambda 函数 。,"创建 一个 自定义 的 AWS Lambda 函数 用于 评估 和 修复 所有 DynamoDB 表。  
创建 一个 AWS Config 自定义 规则 用于 调用 该 Lambda 函数。",使用 required-tags AWS Config 管理规则 来 评估 所有 DynamoDB 表格 是否 具有 适当 的 标签。 配置 一个 自动 修复 操作 ， 它 使用 一个 AWS Systems Manager Automation 自定义 运行手册。,"创建一个 Amazon EventBridge 管理规则，以评估所有 DynamoDB 表的适当标签。  
配置 EventBridge 规则以运行一个 AWS Systems Manager Automation 自定义运行簿，用于修复。",nan,nan,"一家公司需要在其 AWS 账户中强制执行 Amazon DynamoDB 表的标签要求。  
One company needs to enforce Amazon DynamoDB table tag requirements in its AWS account.  

一名 SysOps 管理员必须实施一个解决方案，以识别并修复所有没有适当标签的 DynamoDB 表。  
A SysOps administrator must implement a solution to identify and fix all DynamoDB tables that do not have appropriate tags.  

哪个解决方案将以最少的操作开销满足这些要求？  
Which solution will meet these requirements with the least operational overhead?"
459,A company is preparing for a marketing campaign that will increase traffic to a new web application. The application uses Amazon API Gateway and AWS Lambda for the application logic. The application stores relevant user data in an Amazon Aurora MySQL DB cluster that has one Aurora Replica. Database queries for the application are 5% write and 95% read.  What should a SysOps administrator do to scale the database when traffic increases?,A,Configure Aurora Auto Scaling to add or remove Aurora Replicas in the cluster based on the average CPU utilization of the Aurora Replicas.,Configure Aurora Auto Scaling to increase or decrease the size of the Aurora Replicas based on the average CPU utilization of the Aurora Replicas.,Configure AWS Auto Scaling to monitor the Aurora cluster. Configure AWS Auto Scaling to add or remove Aurora Replicas in the cluster based on the average CPU utilization of the primary instance.,Configure AWS Auto Scaling to monitor the Aurora cluster. Configure AWS Auto Scaling to add or remove Aurora Replicas in the cluster based on the average CPU utilization of the existing Aurora Replica.,,,"一家公司正在为一场营销活动做准备，该活动将增加流量到一个新的 web 应用程序。  
该应用程序使用 Amazon API Gateway 和 AWS Lambda 进行应用程序逻辑。  
该应用程序将相关的用户数据存储在一个 Amazon Aurora MySQL DB 集群中，该集群具有一个 Aurora Replica。  
该应用程序的数据库查询中，5% 是写入，95% 是读取。  
当流量增加时，SysOps 管理员应该做什么以扩展数据库？",配置 Aurora Auto Scaling 以根据 Aurora Replicas 的平均 CPU 利用率在集群中添加或移除 Aurora Replicas。,配置 Aurora Auto Scaling 以根据 Aurora Replicas 的平均 CPU 利用率 增加或减少 Aurora Replicas 的大小。,配置 AWS Auto Scaling 以监控 Aurora 集群。配置 AWS Auto Scaling 以根据主实例的平均 CPU 利用率在集群中添加或移除 Aurora Replicas。,"配置 AWS Auto Scaling 以监控 Aurora 集群。  
Configure AWS Auto Scaling to add or remove Aurora Replicas in the cluster based on the average CPU utilization of the existing Aurora Replica.",nan,nan,"一家公司正在为一场营销活动做准备，  
该活动将增加流量到一个新的 web 应lication。  
该应用程序使用 Amazon API Gateway 和 AWS Lambda 进行 application 逻辑。  
该应用程序将相关的用户数据存储在一个 Amazon Aurora MySQL DB 集群中，  
该集群具有一个 Aurora Replica。  
该应用程序的数据库查询中，5% 是写入，95% 是读取。  
当流量增加时，SysOps 管理员应该做什么以扩展数据库？"
460,A company is using Amazon S3 to set up a temporary static website that is public. A SysOps administrator creates an S3 bucket by using the default settings. The SysOps administrator updates the S3 bucket properties to configure static website hosting. The SysOps administrator then uploads objects that contain content for index html and error html.  When the SysOps administrator navigates to the website URL the SysOps administrator receives an HTTP Status Code 403: Forbidden (Access Denied) error.  What should the SysOps administrator do to resolve this error?,B,Create an Amazon Route 53 DNS entry Point the entry to the S3 bucket.,Edit the S3 bucket permissions by turning off Block Public Access settings. Create a bucket policy to allow GetObject access on the S3 bucket.,Edit the permissions on the index html and error html files for read access.,Edit the S3 bucket permissions by turning off Block Public Access settings. Create a bucket policy to allow PutObject access on the S3 bucket.,,,"一家公司正在使用 Amazon S3 来建立一个临时的静态网站，该网站是公开的。  
一名 SysOps 管理员使用默认设置创建了一个 S3 桶。  
该 SysOps 管理员更新了 S3 桶的属性以配置静态网站托管。  
然后，该 SysOps 管理员上传了包含 index html 和 error html 内容的对象。  
当该 SysOps 管理员导航到网站 URL 时，SysOps 管理员收到一个 HTTP 状态码 403：Forbidden（访问被拒绝）错误。  
SysOps 管理员应该做什么以解决此错误？",创建 一个 Amazon Route 53 DNS 条目 指向 该 条目 到 S3 存储桶。,通过关闭 Block Public Access 设置，编辑 S3 bucket 权限。 创建一个 bucket policy 以允许 GetObject 访问在 S3 bucket 上。,编辑 index html 和 error html 文件的权限，以便具有读取访问权限。,编辑 S3 bucket 权限 通过 关闭 Block Public Access 设置。创建 一个 bucket 政策 以 允许 PutObject 访问 在 S3 bucket 上。,nan,nan,"一家公司正在使用 Amazon S3 来建立一个临时的静态网站，该网站是公开的。  
One company is using Amazon S3 to establish a temporary static website, which is public.  
一名 SysOps 管理员使用默认设置创建了一个 S3 桶。  
A SysOps administrator used default settings to create a S3 bucket.  
该 SysOps 管理员更新了 S3 桶的属性以配置静态网站托管。  
The SysOps administrator updated the S3 bucket's properties to configure static website hosting.  
然后，该 SysOps 管理员上传了包含 index html 和 error html 内容的对象。  
Then, the SysOps administrator uploaded objects containing index html and error html content.  
当该 SysOps 管理员导航到网站 URL 时，SysOps 管理员收到一个 HTTP 状态码 403：Forbidden（访问被拒绝）错误。  
When the SysOps administrator navigates to the website URL, the SysOps administrator receives an HTTP status code 403: Forbidden error.  
SysOps 管理员应该做什么以解决此错误？  
What should the SysOps administrator do to resolve this error?"
461,A company has internal hybrid applications that have resources in the AWS Cloud and on premises. Users report that the applications sometimes are not available. The company has configured an Amazon CloudWatch alarm to monitor the tunnel status of its AWS Site-to-Site VPN connection.  A SysOps administrator must implement a solution that creates a high-priority ticket in an internal ticketing tool when the VPN tunnel is down.  Which solution will meet this requirement?,A,Create an Amazon Simple Notification Service (Amazon SNS) topic for the CloudWatch alarm. Subscribe the ticketing tool's endpoint to the SNS topic.,Create an Amazon Simple Queue Service (Amazon SQS) queue as the target for the CloudWatch alarm. Configure the queue to transform messages into tickets and to post the tickets to the ticketing tool's endpoint.,Create an AWS Lambda function. Configure the CloudWatch alarm to directly invoke the Lambda function to create individual tickets in the ticketing tool.,Create an Amazon EventBridge rule that monitors the VPN tunnel directly. Configure the ticketing tool's endpoint as the target of the rule.,,,"一家公司拥有内部混合应用程序，这些应用程序在 AWS Cloud 和本地拥有资源。  
用户报告说这些应用程序有时不可用。  
该公司已配置一个 Amazon CloudWatch 警报以监控其 AWS Site-to-Site VPN 连接的隧道状态。  
一名 SysOps 管理员必须实施一个解决方案，当 VPN 隧道断开时，在内部工单工具中创建一个高优先级的工单。  
哪种解决方案可以满足这个要求？","为 CloudWatch 警报创建一个 Amazon Simple Notification Service (Amazon SNS) 主题。  
将工单工具的端点订阅到 SNS 主题。","创建一个 Amazon Simple Queue Service (Amazon SQS) 队列作为 CloudWatch 警报的目标。  
配置该队列以将消息转换为工单，并将工单发布到工单工具的端点。",创建一个 AWS Lambda 函数。配置 CloudWatch 警报以直接调用 Lambda 函数以在工单工具中创建单个工单。,创建一个 Amazon EventBridge 规则，该规则直接监控 VPN 隧道。配置工单工具的端点作为该规则的目标。,nan,nan,"一家公司拥有内部混合应用程序，这些应用程序在 AWS Cloud 和本地拥有资源。  
用户报告说这些应用程序有时不可用。  
该公司已配置一个 Amazon CloudWatch 警报以监控其 AWS Site-to-Site VPN 连接的隧道状态。  
一名 SysOps 管理员必须实施一个解决方案，当 VPN 隧道断开时，在内部工单工具中创建一个高优先级的工单。  
哪种解决方案可以满足这个要求？"
462,"A SysOps administrator is troubleshooting an AWS CloudFormation stack creation that failed. Before the SysOps administrator can identify the problem, the stack and its resources are deleted. For future deployments, the SysOps administrator must preserve any resources that CloudFormation successfully created.  What should the SysOps administrator do to meet this requirement?",B,Set the value of the DisableRollback parameter to False during stack creation,Set the value of the OnFailure parameter to DO_NOTHING during stack creation,Specify a rollback configuration that has a rollback trigger of DO_NOTHING during stack creation,Set the value of the OnFailure parameter to ROLLBACK during stack creation,,,一名 SysOps 管理员正在排查一个 AWS CloudFormation 堆栈创建失败的问题。 在 SysOps 管理员能够识别问题之前，堆栈及其资源被删除。 为了未来的部署，SysOps 管理员必须保留 CloudFormation 成功创建的任何资源。 他们应该做什么以满足这个要求？,在堆栈创建期间，将 DisableRollback 参数的值设置为 False,在堆栈创建期间，将 OnFailure 参数的值设置为 DO_NOTHING,在堆栈创建期间，指定具有 DO_NOTHING 的回滚触发器的回滚配置,在堆栈创建期间，将 OnFailure 参数的值设置为 ROLLBACK,nan,nan,"一名 SysOps 管理员正在排查一个 AWS CloudFormation 堆栈创建失败的问题。  
在 SysOps 管理员能够识别问题之前，堆栈及其资源被删除。  
为了未来的部署，SysOps 管理员必须保留 CloudFormation 成功创建的任何资源。  
他们应该做什么以满足这个要求？"
463,A company needs to implement a solution to install specific software on Amazon EC2 instances when the instances launch.  Which solution will meet this requirement?,A,Configure AWS Systems Manager State Manager associations to bootstrap the EC2 instances with the required software at launch.,Use the Amazon CloudWatch agent to detect EC2 InstanceStart events and to inject the required software. Modify the InstanceRole IAM role to add permissions for the StartTask API operation.,Use Amazon Inspector to detect EC2 launch events. Configure Amazon Inspector to install the required software as part of lifecycle hooks for theEC2launch events.,Use AWS Security Hub remediation actions to install the required software at launch.,,,"一家公司需要实现一个解决方案，在 Amazon EC2 实例启动时安装特定软件。  
哪种解决方案可以满足这个要求？",配置 AWS Systems Manager State Manager 关联以在启动时引导 EC2 实例安装所需软件。,使用 Amazon CloudWatch agent 来检测 EC2 InstanceStart 事件，并注入所需的软件。修改 InstanceRole IAM 角色以添加对 StartTask API 操作的权限。,使用 Amazon Inspector 检测 EC2 启动事件。配置 Amazon Inspector 以在 EC2 启动事件的生命周期钩子中安装所需的软件。,使用 AWS Security Hub remediation actions 来安装 在启动 时 所需 的 软件。,nan,nan,"一家公司 需要  实现  一个  解决方案，  在  Amazon EC2  实例  启动  时  安装  特定  软件。  
哪种  解决方案  可以  满足  这个  要求？"
464,A company is using Amazon CloudWatch alarms to monitor Amazon Elastic Kubernetes Service (Amazon EKS) workloads. The alarms are initiated through a threshold definition and are not helping the EKS cluster operate more efficiently.  A SysOps administrator must implement a solution that identifies anomalies and generates recommendations for how to address the anomalies.  Which solution will meet these requirements?,B,Use CloudWatch anomaly detection to identify anomalies and provide recommendations,Use CloudWatch Container Insights with Amazon DevOps Guru to identify anomalies and provide recommendations.,Use CloudWatch Container Insights to identify anomalies and provide recommendations,Use CloudWatch anomaly detection with CloudWatch Container Insights to identify anomalies and provide recommendations,,,"一家公司正在使用 Amazon CloudWatch alarms 来监控 Amazon Elastic Kubernetes Service (Amazon EKS) 工作负载。  
这些警报是通过阈值定义启动的，并且没有帮助 EKS 集群 更高效地 运行。  
一名 SysOps 管理员必须 实施 一个 解决方案，能够 识别 异常 并 生成 关于 如何 解决 异常 的 建议。  
哪种 解决方案 将 满足 这些 要求？",使用 CloudWatch 异常检测 来 识别 异常 并 提供 建议,使用 CloudWatch Container Insights 与 Amazon DevOps Guru 一起 以 识别 异常 和 提供 建议。,使用 CloudWatch Container Insights 来识别异常和提供建议,使用 CloudWatch anomaly detection 与 CloudWatch Container Insights 一起识别异常并提供建议,nan,nan,"一家公司正在使用 Amazon CloudWatch alarms 来监控 Amazon Elastic Kubernetes Service (Amazon EKS) 工作负载。  
这些警报是通过阈值定义启动的，并且没有帮助 EKS 集群 更高效地 运行。  
一名 SysOps 管理员必须 实施 一个 解决方案，能够 识别 异常 并 生成 关于 如何 解决 异常 的 建议。  
哪种 解决方案 将 满足 这些 要求？"
465,A company has an application that uses Amazon DynamoDB tables. The tables are spread across AWS accounts and AWS Regions. The company uses AWS CloudFormation to deploy AWS resources.  A new team at the company is deleting unused AWS resources. The team accidentally deletes several production DynamoDB tables by running an AWS Lambda function that makes a DynamoDB DeleteTable API call. The table deletions cause an application outage.  A SysOps administrator must implement a solution that minimizes the chance of accidental deletions of tables. The solution also must minimize data loss that results from accidental deletions.  Which combination of steps will meet these requirements? (Choose two.),BC,Enable termination protection for the CloudFormation stacks that deploy the DynamoDB tables.,Enable deletion protection for the DynamoDB tables.,Enable point-in-time recovery for the DynamoDB tables. Restore the tables if they are accidentally deleted.,Schedule daily backups of the DynamoDB tables. Restore the tables if they are accidentally deleted.,Export the DynamoDB tables to Amazon S3 every day. Use Import from Amazon S3 to restore data for tables that are accidentally deleted.,,"一家公司拥有一个使用 Amazon DynamoDB 表的应用程序。  
The tables are spread across AWS accounts and AWS Regions.  
这些表分布在多个 AWS 账户和 AWS 区域中。  
该公司使用 AWS CloudFormation 来部署 AWS 资源。  
A new team at the company is deleting unused AWS resources.  
公司中的一个新团队正在删除未使用的 AWS 资源。  
该团队意外删除了几个生产 DynamoDB 表，方法是运行一个 AWS Lambda 函数，该函数调用 DynamoDB DeleteTable API。  
The team accidentally deletes several production DynamoDB tables by running an AWS Lambda function that makes a DynamoDB DeleteTable API call.  
这些表的删除导致了应用程序中断。  
The table deletions cause an application outage.  
一名 SysOps 管理员必须实施一种解决方案，以最大程度地减少意外删除表的可能性。  
A SysOps administrator must implement a solution that minimizes the chance of accidental deletions of tables.  
该解决方案还必须最大程度地减少因意外删除而导致的数据丢失。  
The solution also must minimize data loss that results from accidental deletions.  
哪些步骤组合可以满足这些要求？（选择两个。）  
Which combination of steps will meet these requirements? (Choose two.)",为部署 DynamoDB 表的 CloudFormation 堆栈启用终止保护。,启用删除保护 for the DynamoDB tables。,启用 point-in-time recovery 为 DynamoDB 表。恢复 表 如果 它们 被 意外 删除。,安排每天备份 DynamoDB 表。恢复表如果它们被意外删除。,每天将 DynamoDB 表导出到 Amazon S3。使用 Import from Amazon S3 来恢复意外删除的表的数据。,nan,"一家公司拥有一个使用 Amazon DynamoDB 表的应用程序。  
The company has an application that uses Amazon DynamoDB tables.  
这些表分布在多个 AWS 账户和 AWS 区域中。  
These tables are spread across multiple AWS accounts and AWS Regions.  
该公司使用 AWS CloudFormation 来部署 AWS 资源。  
The company uses AWS CloudFormation to deploy AWS resources.  
公司中的一个新团队正在删除未使用的 AWS 资源。  
A new team at the company is deleting unused AWS resources.  
该团队意外删除了几个生产 DynamoDB 表，方法是运行一个 AWS Lambda 函数，该函数调用 DynamoDB DeleteTable API。  
The team accidentally deletes several production DynamoDB tables by running an AWS Lambda function that makes a DynamoDB DeleteTable API call.  
这些表的删除导致了应用程序中断。  
The deletions of these tables cause an application outage.  
一名 SysOps 管理员必须实施一种解决方案，以最大程度地减少意外删除表的可能性。  
A SysOps administrator must implement a solution that maximizes the prevention of accidental deletions of tables.  
该解决方案还必须最大程度地减少因意外删除而导致的数据丢失。  
The solution must also minimize data loss resulting from accidental deletions.  
哪些步骤组合可以满足这些要求？（选择两个。）  
Which combination of steps will meet these requirements? (Choose two.)"
466,"A company has created an AWS CloudFormation template that consists of the AWS::EC2::Instance resource and a custom CloudFormation resource. The custom CloudFormation resource is an AWS Lambda function that attempts to run automation on the Amazon EC2 instance.  During testing, the Lambda function fails because the Lambda function tries to run before the EC2 instance is launched.  Which solution will resolve this issue?",A,Add a DependsOn attribute to the custom resource. Specify the EC2 instance in the DependsOn attribute.,Update the custom resource's service token to point to a valid Lambda function.,Update the Lambda function to use the cfn-response module to send a response to the custom resource.,Use the Fn::If intrinsic function to check for the EC2 instance before the custom resource runs.,,,"一家公司创建了一个 AWS CloudFormation 模板，该模板由 AWS::EC2::Instance 资源和一个自定义的 CloudFormation 资源组成。  
The custom CloudFormation resource 是一个 AWS Lambda 函数，试图在 Amazon EC2 实例上运行自动化。  
在测试期间，Lambda 函数失败，因为 Lambda 函数在 EC2 实例启动之前尝试运行。  
哪种解决方案可以解决这个问题？",在自定义资源中添加一个 DependsOn 属性。指定 EC2 实例在 DependsOn 属性中。,将自定义资源的 service token 更新为指向一个有效的 Lambda 函数。,更新 Lambda 函数以使用 cfn-response 模块向自定义资源发送响应。,使用 Fn::If 内在函数 来 检查 EC2 实例 在 自定义资源 运行 之前。,nan,nan,"一家公司创建了一个 AWS CloudFormation 模板，该模板由 AWS::EC2::Instance 资源和一个自定义的 CloudFormation 资源组成。  
The custom CloudFormation resource 是一个 AWS Lambda 函数，试图在 Amazon EC2 实例上运行自动化。  
在测试期间，Lambda 函数失败，因为 Lambda 函数在 EC2 实例启动之前尝试运行。  
哪种解决方案可以解决这个问题？"
467,"A SysOps administrator needs to ensure that an Amazon RDS for PostgreSQL DB instance has available backups. The DB instance has automated backups turned on with a backup retention period of 7 days. However, no automated backups for the DB instance have been created in the past month.  What could be the cause of the lack of automated backups?",B,The Amazon S3 bucket that stores the backups is full.,The DB instance is in the STORAGE_FULL state.,The DB instance is not configured for Multi-AZ.,The backup retention period must be 30 days.,,,"一名 SysOps 管理员需要确保一个 Amazon RDS for PostgreSQL 数据库实例具有可用的备份。  
该数据库实例已开启自动备份，备份保留期为 7 天。  
然而，在过去一个月中，没有为该数据库实例创建任何自动备份。  
导致自动备份缺失的原因可能是什么？",存储备份的 Amazon S3 桶已满。,数据库实例是在STORAGE_FULL状态。,数据库实例未配置为 Multi-AZ。,备份保留期必须是 30 天。,nan,nan,"一名 SysOps 管理员需要确保一个 Amazon RDS for PostgreSQL 数据库实例具有可用的备份。  
该数据库实例已开启自动备份，备份保留期为 7 天。  
然而，在过去一个月中，没有为该数据库实例创建任何自动备份。  
导致自动备份缺失的原因可能是什么？"
468,"A company has a list of pre-approved Amazon Machine Images (AMIs) for developers to use to launch Amazon EC2 instances. However, developers are still launching EC2 instances from unapproved AMIs.  A SysOps administrator must implement a solution that automatically terminates any instances that are launched from unapproved AMIs.  Which solution will meet this requirement?",A,Set up an AWS Config managed rule to check if instances are running from AMIs that are on the list of pre-approved AMIs. Configure an automatic remediation action so that an AWS Systems Manager Automation runbook terminates any instances that are noncompliant with the rule.,Store the list of pre-approved AMIs in an Amazon DynamoDB global table that is replicated to all AWS Regions that the developers use. Create Regional EC2 launch templates. Configure the launch templates to check AMIs against the list and to terminate any instances that are not on the list.,Select the Amazon CloudWatch metric that shows all running instances and the AMIs that the instances were launched from. Create a CloudWatch alarm that terminates an instance if the metric shows the use of an unapproved AMI.,Create a custom Amazon Inspector finding to compare a running instance's AMI against the list of pre-approved AMIs. Create an AWS Lambda function that terminates instances. Configure Amazon Inspector to report findings of unapproved AMIs to an Amazon Simple Queue Service (Amazon SQS) queue to invoke the Lambda function.,,,"一家公司有一份预先批准的 Amazon Machine Images (AMIs) 列表，供开发人员使用以启动 Amazon EC2 实例。  
然而，开发人员仍然从未批准的 AMIs 启动 EC2 实例。  
一名 SysOps 管理员必须实施一个解决方案，自动终止任何从未批准的 AMIs 启动的实例。  
哪种解决方案可以满足这个要求？",设置一个 AWS Config 管理规则，以检查实例是否正在运行来自预先批准的 AMIs 列表中的 AMIs。配置一个自动修复操作，以便 AWS Systems Manager Automation 运行手册终止任何不符合规则的实例。,"将预先批准的 AMIs 列表存储在一个 Amazon DynamoDB 全局表中，该表被复制到开发人员使用的所有 AWS 区域。  
创建区域 EC2 启动模板。  
配置启动模板以检查 AMIs 是否在列表中，并终止任何不在列表中的实例。",选择显示所有运行中的实例和实例启动的 AMI 的 Amazon CloudWatch 指标。 创建一个 CloudWatch 警报，如果指标显示使用未批准的 AMI，则终止实例。,"创建一个自定义的 Amazon Inspector 发现，用于比较运行中的实例的 AMI 与预先批准的 AMI 列表。  
创建一个 AWS Lambda 函数，用于终止实例。  
配置 Amazon Inspector，将未批准的 AMI 的发现报告到一个 Amazon Simple Queue Service (Amazon SQS) 队列，以调用 Lambda 函数。",nan,nan,"一家公司有一份预先批准的 Amazon Machine Images (AMIs) 列表，供开发人员使用以启动 Amazon EC2 实例。  
然而，开发人员仍然从未批准的 AMIs 启动 EC2 实例。  
一名 SysOps 管理员必须实施一个解决方案，自动终止任何从未批准的 AMIs 启动的实例。  
哪种解决方案可以满足这个要求？"
469,Users of a company's internal web application recently experienced application performance issues for a brief period. The application includes frontend web servers that run in an Amazon Elastic Kubernetes Service (Amazon EKS) cluster. The application also includes a backend Amazon Aurora PostgreSQL DB cluster that includes one DB instance.  A SysOps administrator determines that the source of the performance issues was high utilization of the DB cluster. The single writer instance experienced more than 90% utilization for 11 minutes. The cause of the high utilization was an automated report that is scheduled to run one time each week.  What should the SysOps administrator do to ensure that users do not experience performance issues each week when the report runs?,B,Increase the size of the DB instance. Monitor the performance during the next scheduled run of the report.,Add a reader instance. Change the database connection string of the report application to use the newly created reader instance.,Add another writer instance. Change the database connection string of the report application to use the newly created writer instance.,"Configure auto scaling for the DB cluster. Set the minimum capacity units, maximum capacity units, and target utilization.",,,公司的内部 web 应用程序的用户最近经历了应用程序性能问题的短暂时期。 该应用程序包括在 Amazon Elastic Kubernetes Service (Amazon EKS) 集群中运行的前端 web 服务器。 该应用程序还包括一个后端 Amazon Aurora PostgreSQL DB 集群，其中包括一个 DB 实例。  SysOps 管理员确定性能问题的来源是 DB 集群的高利用率。  单个写入实例的利用率超过 90% 持续了 11 分钟。  高利用率的原因是一个自动报告，该报告计划每周运行一次。  SysOps 管理员应该做什么，以确保用户在每周报告运行时不会遇到性能问题？,增加数据库实例的大小。监控性能在下一次计划运行的报告期间。,添加一个 reader 实例。更改报告应用程序的数据库连接字符串以使用新创建的 reader 实例。,添加另一个 writer 实例。更改报告应用程序的 database 连接字符串以使用新创建的 writer 实例。,为 DB 集群配置自动缩放。设置 最小容量单位、最大容量单位 和 目标利用率。,nan,nan,"公司的内部 web 应用程序的用户最近经历了应用程序性能问题的短暂时期。  
The company's internal web application users recently experienced a brief period of application performance issues.  

该应用程序包括在 Amazon Elastic Kubernetes Service (Amazon EKS) 集群中运行的前端 web 服务器。  
The application includes a front-end web server running in an Amazon Elastic Kubernetes Service (Amazon EKS) cluster.  

该应用程序还包括一个后端 Amazon Aurora PostgreSQL DB 集群，其中包括一个 DB 实例。  
The application also includes a backend Amazon Aurora PostgreSQL DB cluster, which includes a DB instance.  

SysOps 管理员确定性能问题的来源是 DB 集群的高利用率。  
SysOps administrator identified the source of the performance issues as the high utilization of the DB cluster.  

单个写入实例的利用率超过 90% 持续了 11 分钟。  
The utilization of a single write instance exceeded 90% for 11 minutes.  

高利用率的原因是一个自动报告，该报告计划每周运行一次。  
The high utilization was caused by an automated report that is scheduled to run once a week.  

SysOps 管理员应该做什么，以确保用户在每周报告运行时不会遇到性能问题？  
What should the SysOps administrator do to ensure that users do not experience performance issues when the weekly report runs?"
470,"A company is using AWS to deploy a critical application on a fleet of Amazon EC2 instances. The company is rewriting the application because the application failed a security review. The application will take 12 months to rewrite. While this rewrite happens, the company needs to rotate IAM access keys that the application uses.  A SysOps administrator must implement an automated solution that finds and rotates IAM access keys that are at least 30 days old. The solution must then continue to rotate the IAM access keys every 30 days.  Which solution will meet this requirement with the MOST operational efficiency?",A,Use an AWS Config rule to identify IAM access keys that are at least 30 days old. Configure AWS Config to invoke an AWS Systems Manager Automation runbook to rotate the identified IAM access keys.,Use AWS Trusted Advisor to identify IAM access keys that are at least 30 days old. Configure Trusted Advisor to invoke an AWS Systems Manager Automation runbook to rotate the identified IAM access keys.,Create a script that checks the age of IAM access keys and rotates them if they are at least 30 days old. Launch an EC2 instance. Schedule the script to run as a cron expression on the EC2 instance every day.,Create an AWS Lambda function that checks the age of IAM access keys and rotates them if they are at least 30 days old. Use an Amazon EventBridge rule to invoke the Lambda function every time a new IAM access key is created.,,,"一家公司正在使用 AWS 部署一个关键应用程序在一批 Amazon EC2 实例上。  
The company is rewriting the application because the application failed a security review.  
该公司正在重写该应用程序，因为该应用程序未通过安全审查。  
The application will take 12 months to rewrite.  
重写该应用程序将需要 12 个月。  
While this rewrite happens, the company needs to rotate IAM access keys that the application uses.  
在此重写期间，该公司需要轮换该应用程序使用的 IAM 访问密钥。  
A SysOps administrator must implement an automated solution that finds and rotates IAM access keys that are at least 30 days old.  
一名 SysOps 管理员必须实现一个自动化解决方案，该方案可以找到并轮换至少 30 天的 IAM 访问密钥。  
The solution must then continue to rotate the IAM access keys every 30 days.  
该解决方案随后必须每 30 天继续轮换 IAM 访问密钥。  
Which solution will meet this requirement with the MOST operational efficiency?  
哪种解决方案将以最高的操作效率满足此要求？",使用一个 AWS Config 规则来识别至少 30 天旧的 IAM 访问密钥。配置 AWS Config 以调用一个 AWS Systems Manager Automation 运行手册来轮换被识别的 IAM 访问密钥。,使用 AWS Trusted Advisor 来识别至少 30 天旧的 IAM 访问密钥。配置 Trusted Advisor 以调用 AWS Systems Manager Automation 运行手册以轮换已识别的 IAM 访问密钥。,创建一个脚本，检查 IAM access keys 的年龄，并在它们至少 30 天大时轮换它们。 启动一个 EC2 instance。 将脚本安排为在 EC2 instance 上每天作为 cron 表达式运行。,创建一个 AWS Lambda 函数，该函数检查 IAM access keys 的年龄，并在它们至少 30 天大时轮换它们。使用一个 Amazon EventBridge 规则在每次创建新的 IAM access key 时调用该 Lambda 函数。,nan,nan,"一家公司正在使用 AWS 部署一个关键应用程序在一批 Amazon EC2 实例上。  
The company is rewriting the application because the application failed a security review.  
该公司正在重写该应用程序，因为该应用程序未通过安全审查。  
The application will take 12 months to rewrite.  
重写该应用程序将需要 12 个月。  
While this rewrite happens, the company needs to rotate IAM access keys that the application uses.  
在此重写期间，该公司需要轮换该应用程序使用的 IAM 访问密钥。  
A SysOps administrator must implement an automated solution that finds and rotates IAM access keys that are at least 30 days old.  
一名 SysOps 管理员必须实现一个自动化解决方案，该方案可以找到并轮换至少 30 天的 IAM 访问密钥。  
The solution must then continue to rotate the IAM access keys every 30 days.  
该解决方案随后必须每 30 天继续轮换 IAM 访问密钥。  
Which solution will meet this requirement with the MOST operational efficiency?  
哪种解决方案将以最高的操作效率满足此要求？"
471,A company receives an alert from an Amazon CloudWatch alarm. The alarm indicates that a web application that is running on Amazon EC2 instances is not responding to requests. The EC2 instances have a Red Hat Enterprise Linux operating system and are in an Auto Scaling group. The Auto Scaling group has a minimum capacity of 2 and a maximum capacity of 5.  An investigation reveals that the web application is experiencing out-of-memory errors. The company adds memory to the web application and wants to track operating system memory utilization. A CloudWatch memory metric does not currently exist for the EC2 instances in the Auto Scaling group.  What should a SysOps administrator do to provide a CloudWatch memory metric for the EC2 instances?,A,Use an Amazon Machine Image (AMI) that includes the CloudWatch agent.,Turn on CloudWatch detailed monitoring.,Turn on Instance Metadata Service Version 2 (IMDSv2).,Use an Amazon Machine Image (AMI) that is based on Amazon Linux.,,,"一家公司收到来自 Amazon CloudWatch alarm 的警报。  
The alarm 指示 that 一个 web application that 是 running 在 Amazon EC2 instances 上的 not responding to requests。  
The EC2 instances have 一个 Red Hat Enterprise Linux operating system 并且 are in 一个 Auto Scaling group。  
The Auto Scaling group 有 一个 minimum capacity of 2 并且 a maximum capacity of 5。  
An investigation 发现 that the web application 正在 experiencing out-of-memory errors。  
The company 添加 memory 到 the web application 并且 想要 track operating system memory utilization。  
A CloudWatch memory metric 目前不存在 for the EC2 instances 在 the Auto Scaling group 中。  
What should 一个 SysOps administrator do to 提供 一个 CloudWatch memory metric for the EC2 instances?",使用 一个 Amazon Machine Image (AMI) ， 它 包含 了 CloudWatch 代理。,开启 CloudWatch 详细监控。,开启 实例 元数据 服务 版本 2 (IMDSv2)。,使用一个基于 Amazon Linux 的 Amazon Machine Image (AMI)。,nan,nan,"一家公司 收到 来自 Amazon CloudWatch alarm 的 警报。  
The alarm 指示 that 一个 web application that 是 running 在 Amazon EC2 instances 上的 not responding to requests。  
The EC2 instances have 一个 Red Hat Enterprise Linux operating system 并且 are in 一个 Auto Scaling group。  
The Auto Scaling group 有 一个 minimum capacity of 2 并且 a maximum capacity of 5。  
An investigation 发现 that the web application 正在 experiencing out-of-memory errors。  
The company 添加 memory 到 the web application 并且 想要 track operating system memory utilization。  
A CloudWatch memory metric 目前不存在 for the EC2 instances 在 the Auto Scaling group 中。  
What should 一个 SysOps administrator do to 提供 一个 CloudWatch memory metric for the EC2 instances?"
472,A company is using an Amazon CloudWatch alarm to monitor the FreeLocalStorage metric for an Amazon Aurora PostgreSQL production database. The alarm goes into ALARM state and indicates that the database is running low on temporary storage. A SysOps administrator discovers that a weekly report is using most of the temporary storage that is currently allocated.  What should the SysOps administrator do to solve this problem?,C,Turn on Aurora PostgreSQL query plan management.,Modify the configuration of the DB cluster to turn on storage auto scaling.,Add an Aurora read replica to the DB cluster. Modify the report to use the new read replica.,Modify the DB instance class for each DB instance in the DB cluster to increase the instance size.,,,"一家公司正在使用 Amazon CloudWatch alarm 来监控 Amazon Aurora PostgreSQL 生产数据库的 FreeLocalStorage 指标。  
该 alarm 进入 ALARM 状态，并指示数据库的临时存储空间不足。  
一名 SysOps 管理员发现每周报告正在使用大部分当前分配的临时存储空间。  
SysOps 管理员应该做什么来解决这个问题？",开启 Aurora PostgreSQL 查询计划管理。,修改 the 配置 of the DB 集群 to 打开 storage 自动 扩展。,向数据库集群添加一个 Aurora 只读副本。修改报告以使用新的只读副本。,修改  the DB instance class  for  each  DB instance  in  the DB cluster  to  increase  the  instance size  。,nan,nan,"一家公司正在使用 Amazon CloudWatch alarm 来监控 Amazon Aurora PostgreSQL 生产数据库的 FreeLocalStorage 指标。  
该 alarm 进入 ALARM 状态，并指示数据库的临时存储空间不足。  
一名 SysOps 管理员发现每周报告正在使用大部分当前分配的临时存储空间。  
SysOps 管理员应该做什么来解决这个问题？"
473,"A company is running a development application on an Amazon EC2 instance. The application uploads 500,000 files that are 1 GB in size into a target Amazon S3 bucket that has default encryption enabled. The EC2 instance is in the same AWS Region where the S3 bucket is deployed.  The company uses performance logging that is built into the application software. The logs show that the application is constantly waiting for the files to be written to the S3 bucket. A SysOps administrator needs to improve the application's throughput performance. The SysOps administrator validates that the networking on the EC2 instance is not constrained.  What should the SysOps administrator do to improve the S3 upload performance?",B,Enable S3 Transfer Acceleration on the S3 bucket.,Split the S3 write operations to use multiple bucket prefixes to write items in parallel.,Configure AWS PrivateLink for Amazon S3. Turn off encryption on the S3 bucket.,Configure AWS Global Accelerator in the Region. Turn off encryption on the S3 bucket.,,,"一家公司正在运行一个开发应用程序在一个 Amazon EC2 实例上。  
The application 上传 500,000 个文件 那些是 1 GB 大小 到一个 目标 Amazon S3 桶 那个启用了 默认加密。  
The EC2 实例 在 同一个 AWS 区域 里面，S3 桶 被 部署。  
这家公司 使用 性能日志 这是 内置在 应用软件 里面。  
日志 显示 那个 应用程序 一直 等待 文件 被 写入 到 S3 桶。  
一个 SysOps 管理员 需要 改善 应用程序 的 吞吐量性能。  
这个 SysOps 管理员 验证 那个 网络 在 EC2 实例 上 没有限制。  
应该 这个 SysOps 管理员 做 什么 来 改善 S3 上传 性能？",在 S3 bucket 上启用 S3 Transfer Acceleration。,将 S3 写操作拆分为使用多个 bucket 前缀以并行写入项目。,为 Amazon S3 配置 AWS PrivateLink。 关闭 S3 bucket 上的加密。,在区域中配置 AWS Global Accelerator。关闭 S3 bucket 上的加密。,nan,nan,"一家公司正在运行一个开发应用程序在一个 Amazon EC2 实例上。  
The application 上传 500,000 个文件 那些是 1 GB 大小 到一个 目标 Amazon S3 桶 那个启用了 默认加密。  
The EC2 实例 在 同一个 AWS 区域 里面，S3 桶 被 部署。  
这家公司 使用 性能日志 这是 内置在 应用软件 里面。  
日志 显示 那个 应用程序 一直 等待 文件 被 写入 到 S3 桶。  
一个 SysOps 管理员 需要 改善 应用程序 的 吞吐量性能。  
这个 SysOps 管理员 验证 那个 网络 在 EC2 实例 上 没有限制。  
应该 这个 SysOps 管理员 做 什么 来 改善 S3 上传 性能？"
474,A company is using an Amazon EC2 Auto Scaling group to support a workload. A SysOps administrator finds that the Auto Scaling group is configured with two similar scaling policies.  One scaling policy adds 5 instances when CPU utilization reaches 80%. The other scaling policy adds 10 instances when CPU utilization reaches 80%.  What will happen when CPU utilization reaches the 80% threshold?,B,Amazon EC2 Auto Scaling will add 5 instances.,Amazon EC2 Auto Scaling will add 10 instances.,Amazon EC2 Auto Scaling will add 15 instances.,The Auto Scaling group will not scale because of conflicting policies.,,,一家公司正在使用 Amazon EC2 Auto Scaling group 来支持工作负载。 一名 SysOps 管理员发现，Auto Scaling group 被配置了两个类似的 scaling policies。 一个 scaling policy 在 CPU utilization 达到 80% 时添加 5 个实例。 另一个 scaling policy 在 CPU utilization 达到 80% 时添加 10 个实例。 当 CPU utilization 达到 80% 阈值时，会发生什么？,Amazon EC2 Auto Scaling 将添加 5 个实例。,Amazon EC2 Auto Scaling 将添加 10 个实例。,Amazon EC2 Auto Scaling 将添加 15 个实例。,自动缩放组 将 不会 扩展 因为 发生 冲突 的 政策。,nan,nan,"一家公司正在使用 Amazon EC2 Auto Scaling group 来支持工作负载。  
一家公司正在使用 Amazon EC2 Auto Scaling group 来支持工作负载。  
一名 SysOps 管理员发现，Auto Scaling group 被配置了两个类似的 scaling policies。  
一名 SysOps 管理员发现，Auto Scaling group 被配置了两个类似的 scaling policies。  
一个 scaling policy 在 CPU utilization 达到 80% 时添加 5 个实例。  
一个 scaling policy 在 CPU utilization 达到 80% 时添加 5 个实例。  
另一个 scaling policy 在 CPU utilization 达到 80% 时添加 10 个实例。  
另一个 scaling policy 在 CPU utilization 达到 80% 时添加 10 个实例。  
当 CPU utilization 达到 80% 阈值时，会发生什么？  
当 CPU utilization 达到 80% 阈值时，会发生什么？"
475,"An application uses an Amazon Aurora MySQL DB cluster that includes one Aurora Replica. The application's read performance degrades when there are more than 200 user connections. The number of user connections is approximately 180 on a consistent basis. Occasionally, the number of user connections increases rapidly to more than 200.  A SysOps administrator must implement a solution that will scale the application automatically as user demand increases or decreases.  Which solution will meet these requirements?",D,Modify the DB cluster by increasing the Aurora Replica instance size.,Modify the DB cluster by changing to serverless mode whenever the number of user connections exceeds 200.,Migrate to a new Aurora DB cluster that has multiple writer instances. Modify the application's database connection string.,Create an auto scaling policy that has a target value of 195 for the DatabaseConnections metric.,,,"一个应用程序使用一个 Amazon Aurora MySQL DB cluster，该集群包括一个 Aurora Replica。  
该应用程序的读取性能在用户连接超过 200 时会下降。  
用户连接的数量大约在 180 左右持续稳定。  
偶尔，用户连接的数量会迅速增加到超过 200。  
一个 SysOps 管理员必须实施一个解决方案，该方案将在用户需求增加或减少时自动扩展应用程序。  
哪种解决方案可以满足这些要求？",通过增加 Aurora Replica 实例大小，修改数据库集群。,通过在用户连接数超过 200 时，将数据库集群修改为 serverless 模式。,迁移到具有多个 writer 实例的新 Aurora DB 集群。修改应用程序的数据库连接字符串。,创建一个自动扩展策略，该策略的 DatabaseConnections 指标的目标值为 195。,nan,nan,"一个应用程序使用一个 Amazon Aurora MySQL DB cluster，该集群包括一个 Aurora Replica。  
该应用程序的读取性能在用户连接超过 200 时会下降。  
用户连接的数量大约在 180 左右持续稳定。  
偶尔，用户连接的数量会迅速增加到超过 200。  
一个 SysOps 管理员必须实施一个解决方案，该方案将在用户需求增加或减少时自动扩展应用程序。  
哪种解决方案可以满足这些要求？"
476,"A company runs a single-page web application on AWS. The application uses Amazon CloudFront to deliver static content from an Amazon S3 bucket origin. The application also uses an Amazon Elastic Kubernetes Service (Amazon EKS) cluster to serve API calls.  Users sometimes report that the website is not operational, even when monitoring shows that the index page is reachable and that the EKS cluster is healthy. A SysOps administrator must implement additional monitoring that can detect when the website is not operational before users report the problem.  Which solution will meet these requirements?",A,Create an Amazon CloudWatch Synthetics heartbeat monitor canary that points to the fully qualified domain name (FQDN) of the website.,Create an Amazon CloudWatch Synthetics API canary that monitors the availability of API endpoints from the EKS cluster.,Create an Amazon CloudWatch RUM app monitor that points to the fully qualified domain name (FQDN) of the website. Configure the app monitor to collect performance telemetry and JavaScript errors.,Create an Amazon CloudWatch RUM app monitor that uses the API endpoints from the EKS cluster.,,,一家公司在 AWS 上运行一个单页网页应用程序。 该应用程序使用 Amazon CloudFront 从 Amazon S3 bucket 源传递静态内容。 该应用程序还使用 Amazon Elastic Kubernetes Service (Amazon EKS) 集群来服务 API 调用。 用户有时报告网站无法操作，即使监控显示索引页面是可达的并且 EKS 集群是健康的。 一名 SysOps 管理员必须实现额外的监控，能够在用户报告问题之前检测到网站无法操作。 哪个解决方案将满足这些要求？,创建一个 Amazon CloudWatch Synthetics heartbeat monitor canary，它指向网站的 fully qualified domain name (FQDN)。,创建一个 Amazon CloudWatch Synthetics API canary，用于监控来自 EKS 集群的 API 端点的可用性。,"创建一个 Amazon CloudWatch RUM 应用监控器，指向网站的 fully qualified domain name (FQDN)。  
配置该应用监控器以收集性能遥测和 JavaScript 错误。",创建 一个 Amazon CloudWatch RUM 应用 监控器， 它 使用 来自 EKS 集群 的 API 端点。,nan,nan,"一家公司在 AWS 上运行一个单页网页应用程序。  
The company runs a single-page web application on AWS.  

该应用程序使用 Amazon CloudFront 从 Amazon S3 bucket 源传递静态内容。  
The application uses Amazon CloudFront to deliver static content from Amazon S3 bucket source.  

该应用程序还使用 Amazon Elastic Kubernetes Service (Amazon EKS) 集群来服务 API 调用。  
The application also uses Amazon Elastic Kubernetes Service (Amazon EKS) cluster to serve API calls.  

用户有时报告网站无法操作，即使监控显示索引页面是可达的并且 EKS 集群是健康的。  
Users sometimes report that the website is not operational, even though monitoring shows the index page is reachable and the EKS cluster is healthy.  

一名 SysOps 管理员必须实现额外的监控，能够在用户报告问题之前检测到网站无法操作。  
A SysOps administrator must implement additional monitoring that can detect the website is not operational before users report the problem.  

哪个解决方案将满足这些要求？  
Which solution will meet these requirements?"
477,"A company hosts an application on Amazon EC2 instances. The instances are in an Amazon EC2 Auto Scaling group that uses a launch template. The amount of application traffic changes throughout the day. Scaling events happen frequently.  A SysOps administrator needs to help developers troubleshoot the application. When a scaling event removes an instance, EC2 Auto Scaling terminates the instance before the developers can log in to the instance to diagnose issues.  Which solution will prevent termination of the instance so that the developers can log in to the instance?",B,Ensure that the Delete on termination setting is turned off in the UserData section of the launch template.,Update the Auto Scaling group by enabling instance scale-in protection for newly launched instances.,Use Amazon Inspector to configure a rules package to protect the instances from termination.,Use Amazon GuardDuty to configure rules to protect the instances from termination.,,,"一家公司在 Amazon EC2 实例上托管一个应用程序。  
The company hosts an application on Amazon EC2 instances.  

这些实例在一个使用 launch template 的 Amazon EC2 Auto Scaling group 中。  
The instances are in an Amazon EC2 Auto Scaling group that uses a launch template.  

应用程序流量的数量在一天中变化。  
The amount of application traffic changes throughout the day.  

伸缩事件频繁发生。  
Scaling events happen frequently.  

一名 SysOps 管理员需要帮助开发人员排查应用程序问题。  
A SysOps administrator needs to help developers troubleshoot the application.  

当伸缩事件移除一个实例时，  
When a scaling event removes an instance,  

EC2 Auto Scaling 在开发人员登录实例诊断问题之前终止了实例。  
EC2 Auto Scaling terminates the instance before the developers can log in to the instance to diagnose issues.  

哪种解决方案可以防止实例被终止，以便开发人员可以登录实例？  
Which solution will prevent termination of the instance so that the developers can log in to the instance?",确保 在 启动模板 的 UserData 部分 中， Delete on termination 设置 被 关闭。,通过启用新启动实例的实例缩减保护，更新 Auto Scaling 组。,使用 Amazon Inspector 来配置规则包以保护实例免于终止。,使用 Amazon GuardDuty 来配置规则，以保护实例免于终止。,nan,nan,"一家公司在 Amazon EC2 实例上托管一个应用程序。  
The company hosts an application on Amazon EC2 instances.  

这些实例在一个使用 launch template 的 Amazon EC2 Auto Scaling group 中。  
These instances are in an Amazon EC2 Auto Scaling group that uses a launch template.  

应用程序流量的数量在一天中变化。  
The amount of application traffic varies throughout the day.  

伸缩事件频繁发生。  
Scaling events happen frequently.  

一名 SysOps 管理员需要帮助开发人员排查应用程序问题。  
A SysOps administrator needs to help developers troubleshoot the application.  

当伸缩事件移除一个实例时，  
When a scaling event removes an instance,  

EC2 Auto Scaling 在开发人员登录实例诊断问题之前终止了实例。  
EC2 Auto Scaling terminates the instance before the developers can log in to the instance to diagnose issues.  

哪种解决方案可以防止实例被终止，以便开发人员可以登录实例？  
Which solution will prevent the termination of the instance so that the developers can log in to the instance?"
478,"A SysOps administrator must ensure that all of a company's current and future Amazon S3 buckets have logging enabled. If an S3 bucket does not have logging enabled, an automated process must enable logging for the S3 bucket.  Which solution will meet these requirements?",D,Use AWS Trusted Advisor to perform a check for S3 buckets that do not have logging enabled. Configure the check to enable logging for S3 buckets that do not have logging enabled.,Configure an S3 bucket policy that requires all current and future S3 buckets to have logging enabled.,Use the s3-bucket-logging-enabled AWS Config managed rule. Add a remediation action that uses an AWS Lambda function to enable logging.,Use the s3-bucket-logging-enabled AWS Config managed rule. Add a remediation action that uses the AWS-ConfigureS3BucketLogging AWS Systems Manager Automation runbook to enable logging.,,,"一名 SysOps 管理员必须确保公司所有当前和未来的 Amazon S3 桶都已启用日志记录。  
如果一个 S3 桶没有启用日志记录，自动化流程必须启用该 S3 桶的日志记录。  
哪种解决方案可以满足这些要求？",使用 AWS Trusted Advisor 执行检查，查找没有启用 logging 的 S3 buckets。配置该检查，以启用 logging 对没有启用 logging 的 S3 buckets。,配置一个 S3 bucket 政策， that 需要 所有 当前 和 未来 的 S3 buckets 具有 logging 启用。,使用 s3-bucket-logging-enabled AWS Config 管理规则。 添加一个修复操作，该操作使用 AWS Lambda 函数来启用日志记录。,使用 s3-bucket-logging-enabled AWS Config 管理规则。 添加一个修复操作，该操作使用 AWS-ConfigureS3BucketLogging AWS Systems Manager Automation 运行簿以启用日志记录。,nan,nan,"一名 SysOps 管理员必须确保公司所有当前和未来的 Amazon S3 桶都已启用日志记录。  
如果一个 S3 桶没有启用日志记录，自动化流程必须启用该 S3 桶的日志记录。  
哪种解决方案可以满足这些要求？"
